origin,source,line,primitive,resource,context,context_kind,scope,registered_effect
cast_source,src/source/Engine/Object/ZzzCharacter.cpp,1227,CreateEffect,MODEL_SAW,,unknown,unscoped_candidate,
cast_source,src/source/Engine/Object/ZzzCharacter.cpp,1237,CreateEffect,BITMAP_FIRE+1,,unknown,unscoped_candidate,
cast_source,src/source/Engine/Object/ZzzCharacter.cpp,1448,CreateParticle,BITMAP_SMOKE+1,,unknown,unscoped_candidate,
cast_source,src/source/Engine/Object/ZzzCharacter.cpp,1470,CreateEffect,MODEL_BONE1,,unknown,unscoped_candidate,
cast_source,src/source/Engine/Object/ZzzCharacter.cpp,1472,CreateEffect,MODEL_BONE2,,unknown,unscoped_candidate,
cast_source,src/source/Engine/Object/ZzzCharacter.cpp,1485,CreateEffect,MODEL_BONE1,MODEL_DEATH_COW,native_case,unscoped_candidate,
cast_source,src/source/Engine/Object/ZzzCharacter.cpp,1487,CreateEffect,MODEL_BONE2,MODEL_DEATH_COW,native_case,unscoped_candidate,
cast_source,src/source/Engine/Object/ZzzCharacter.cpp,1496,CreateEffect,MODEL_BIG_STONE1,MODEL_STONE_GOLEM,native_case,unscoped_candidate,
cast_source,src/source/Engine/Object/ZzzCharacter.cpp,1497,CreateEffect,MODEL_BIG_STONE2,MODEL_STONE_GOLEM,native_case,unscoped_candidate,
cast_source,src/source/Engine/Object/ZzzCharacter.cpp,1666,CreateEffect,MODEL_SKILL_INFERNO,,unknown,unscoped_candidate,
cast_source,src/source/Engine/Object/ZzzCharacter.cpp,1673,CreateEffect,MODEL_FIRE,,unknown,unscoped_candidate,
cast_source,src/source/Engine/Object/ZzzCharacter.cpp,1692,CreateEffect,BITMAP_BLIZZARD,,unknown,unscoped_candidate,
cast_source,src/source/Engine/Object/ZzzCharacter.cpp,1707,CreateEffect,MODEL_SKILL_INFERNO,,unknown,unscoped_candidate,
cast_source,src/source/Engine/Object/ZzzCharacter.cpp,1729,CreateJoint,BITMAP_JOINT_SPIRIT,,unknown,unscoped_candidate,
cast_source,src/source/Engine/Object/ZzzCharacter.cpp,1743,CreateEffect,MODEL_SKILL_INFERNO,,unknown,unscoped_candidate,
cast_source,src/source/Engine/Object/ZzzCharacter.cpp,1755,CreateEffect,MODEL_PIERCING+1,,unknown,unscoped_candidate,
cast_source,src/source/Engine/Object/ZzzCharacter.cpp,1771,CreateEffect,MODEL_PIERCING+1,,unknown,unscoped_candidate,
cast_source,src/source/Engine/Object/ZzzCharacter.cpp,1803,CreateJoint,BITMAP_JOINT_SPIRIT,,unknown,unscoped_candidate,
cast_source,src/source/Engine/Object/ZzzCharacter.cpp,1817,CreateEffect,MODEL_SKILL_INFERNO,,unknown,unscoped_candidate,
cast_source,src/source/Engine/Object/ZzzCharacter.cpp,1825,CreateEffect,MODEL_SKILL_BLAST,,unknown,unscoped_candidate,
cast_source,src/source/Engine/Object/ZzzCharacter.cpp,1834,CreateEffect,MODEL_STAFF_OF_DESTRUCTION,,unknown,unscoped_candidate,
cast_source,src/source/Engine/Object/ZzzCharacter.cpp,1845,CreateEffect,MODEL_SKILL_INFERNO,,unknown,unscoped_candidate,
cast_source,src/source/Engine/Object/ZzzCharacter.cpp,1855,CreateEffect,MODEL_SKILL_INFERNO,,unknown,unscoped_candidate,
cast_source,src/source/Engine/Object/ZzzCharacter.cpp,1867,CreateEffect,MODEL_ARROW_BOMB,,unknown,unscoped_candidate,
cast_source,src/source/Engine/Object/ZzzCharacter.cpp,1873,CreateEffect,MODEL_ARROW_BOMB,,unknown,unscoped_candidate,
cast_source,src/source/Engine/Object/ZzzCharacter.cpp,1875,CreateEffect,MODEL_ARROW_BOMB,,unknown,unscoped_candidate,
cast_source,src/source/Engine/Object/ZzzCharacter.cpp,1899,CreateEffect,MODEL_STAFF_OF_DESTRUCTION,,unknown,unscoped_candidate,
cast_source,src/source/Engine/Object/ZzzCharacter.cpp,1913,CreateEffect,BITMAP_BOSS_LASER+1,,unknown,unscoped_candidate,
cast_source,src/source/Engine/Object/ZzzCharacter.cpp,1929,CreateEffect,BITMAP_BOSS_LASER,,unknown,unscoped_candidate,
cast_source,src/source/Engine/Object/ZzzCharacter.cpp,1945,CreateEffect,MODEL_FIRE,,unknown,unscoped_candidate,
cast_source,src/source/Engine/Object/ZzzCharacter.cpp,1947,CreateEffect,MODEL_FIRE,,unknown,unscoped_candidate,
cast_source,src/source/Engine/Object/ZzzCharacter.cpp,1949,CreateEffect,MODEL_FIRE,,unknown,unscoped_candidate,
cast_source,src/source/Engine/Object/ZzzCharacter.cpp,1956,CreateEffect,MODEL_FIRE,,unknown,unscoped_candidate,
cast_source,src/source/Engine/Object/ZzzCharacter.cpp,1969,CreateEffect,MODEL_FIRE,,unknown,unscoped_candidate,
cast_source,src/source/Engine/Object/ZzzCharacter.cpp,1982,CreateEffect,MODEL_CIRCLE,,unknown,unscoped_candidate,
cast_source,src/source/Engine/Object/ZzzCharacter.cpp,1983,CreateEffect,MODEL_CIRCLE_LIGHT,,unknown,unscoped_candidate,
cast_source,src/source/Engine/Object/ZzzCharacter.cpp,1991,CreateEffect,MODEL_FIRE,,unknown,unscoped_candidate,
cast_source,src/source/Engine/Object/ZzzCharacter.cpp,2000,CreateEffect,MODEL_FIRE,,unknown,unscoped_candidate,
cast_source,src/source/Engine/Object/ZzzCharacter.cpp,2011,CreateParticle,BITMAP_BUBBLE,,unknown,unscoped_candidate,
cast_source,src/source/Engine/Object/ZzzCharacter.cpp,2012,CreateParticle,BITMAP_BLOOD+1,,unknown,unscoped_candidate,
cast_source,src/source/Engine/Object/ZzzCharacter.cpp,2049,CreateEffect,BITMAP_BOSS_LASER,,unknown,unscoped_candidate,
cast_source,src/source/Engine/Object/ZzzCharacter.cpp,2059,CreateEffect,MODEL_SKILL_BLAST,,unknown,unscoped_candidate,
cast_source,src/source/Engine/Object/ZzzCharacter.cpp,2060,CreateEffect,MODEL_SKILL_BLAST,,unknown,unscoped_candidate,
cast_source,src/source/Engine/Object/ZzzCharacter.cpp,2065,CreateEffect,MODEL_FIRE,,unknown,unscoped_candidate,
cast_source,src/source/Engine/Object/ZzzCharacter.cpp,2066,CreateEffect,MODEL_FIRE,,unknown,unscoped_candidate,
cast_source,src/source/Engine/Object/ZzzCharacter.cpp,2085,CreateEffect,MODEL_PIERCING+1,,unknown,unscoped_candidate,
cast_source,src/source/Engine/Object/ZzzCharacter.cpp,2086,CreateJoint,BITMAP_JOINT_THUNDER,,unknown,unscoped_candidate,
cast_source,src/source/Engine/Object/ZzzCharacter.cpp,2105,CreateEffect,MODEL_FIRE,,unknown,unscoped_candidate,
cast_source,src/source/Engine/Object/ZzzCharacter.cpp,2117,CreateEffect,MODEL_FIRE,,unknown,unscoped_candidate,
cast_source,src/source/Engine/Object/ZzzCharacter.cpp,2120,CreateEffect,MODEL_PIERCING+1,,unknown,unscoped_candidate,
cast_source,src/source/Engine/Object/ZzzCharacter.cpp,2121,CreateJoint,BITMAP_JOINT_THUNDER,,unknown,unscoped_candidate,
cast_source,src/source/Engine/Object/ZzzCharacter.cpp,2136,CreateEffect,MODEL_PIERCING+1,,unknown,unscoped_candidate,
cast_source,src/source/Engine/Object/ZzzCharacter.cpp,2137,CreateJoint,BITMAP_JOINT_THUNDER,,unknown,unscoped_candidate,
cast_source,src/source/Engine/Object/ZzzCharacter.cpp,2147,CreateJoint,BITMAP_FLARE,,unknown,unscoped_candidate,
cast_source,src/source/Engine/Object/ZzzCharacter.cpp,2148,CreateJoint,BITMAP_FLARE,,unknown,unscoped_candidate,
cast_source,src/source/Engine/Object/ZzzCharacter.cpp,2163,CreateJoint,BITMAP_JOINT_THUNDER,,unknown,unscoped_candidate,
cast_source,src/source/Engine/Object/ZzzCharacter.cpp,2164,CreateJoint,BITMAP_JOINT_THUNDER,,unknown,unscoped_candidate,
cast_source,src/source/Engine/Object/ZzzCharacter.cpp,2173,CreateJoint,BITMAP_JOINT_LASER+1,,unknown,unscoped_candidate,
cast_source,src/source/Engine/Object/ZzzCharacter.cpp,2174,CreateParticle,BITMAP_FIRE,,unknown,unscoped_candidate,
cast_source,src/source/Engine/Object/ZzzCharacter.cpp,2200,CreateJoint,BITMAP_BLUR+1,,unknown,unscoped_candidate,
cast_source,src/source/Engine/Object/ZzzCharacter.cpp,2201,CreateJoint,BITMAP_BLUR+1,,unknown,unscoped_candidate,
cast_source,src/source/Engine/Object/ZzzCharacter.cpp,2220,CreateJoint,BITMAP_JOINT_LASER+1,,unknown,unscoped_candidate,
cast_source,src/source/Engine/Object/ZzzCharacter.cpp,2221,CreateParticle,BITMAP_FIRE,,unknown,unscoped_candidate,
cast_source,src/source/Engine/Object/ZzzCharacter.cpp,2241,CreateJoint,BITMAP_JOINT_LASER+1,,unknown,unscoped_candidate,
cast_source,src/source/Engine/Object/ZzzCharacter.cpp,2242,CreateParticle,BITMAP_FIRE,,unknown,unscoped_candidate,
cast_source,src/source/Engine/Object/ZzzCharacter.cpp,2277,CreateJoint,BITMAP_JOINT_LASER+1,,unknown,unscoped_candidate,
cast_source,src/source/Engine/Object/ZzzCharacter.cpp,2278,CreateParticle,BITMAP_FIRE,,unknown,unscoped_candidate,
cast_source,src/source/Engine/Object/ZzzCharacter.cpp,2293,CreateJoint,BITMAP_JOINT_THUNDER,,unknown,unscoped_candidate,
cast_source,src/source/Engine/Object/ZzzCharacter.cpp,2312,CreateJoint,BITMAP_JOINT_LASER+1,,unknown,unscoped_candidate,
cast_source,src/source/Engine/Object/ZzzCharacter.cpp,2313,CreateParticle,BITMAP_FIRE,,unknown,unscoped_candidate,
cast_source,src/source/Engine/Object/ZzzCharacter.cpp,2326,CreateJoint,BITMAP_JOINT_THUNDER,,unknown,unscoped_candidate,
cast_source,src/source/Engine/Object/ZzzCharacter.cpp,2327,CreateJoint,BITMAP_JOINT_THUNDER,,unknown,unscoped_candidate,
cast_source,src/source/Engine/Object/ZzzCharacter.cpp,2328,CreateParticle,BITMAP_ENERGY,,unknown,unscoped_candidate,
cast_source,src/source/Engine/Object/ZzzCharacter.cpp,2341,CreateJoint,BITMAP_JOINT_THUNDER,,unknown,unscoped_candidate,
cast_source,src/source/Engine/Object/ZzzCharacter.cpp,2342,CreateJoint,BITMAP_JOINT_THUNDER,,unknown,unscoped_candidate,
cast_source,src/source/Engine/Object/ZzzCharacter.cpp,2359,CreateJoint,BITMAP_JOINT_THUNDER,,unknown,unscoped_candidate,
cast_source,src/source/Engine/Object/ZzzCharacter.cpp,2360,CreateJoint,BITMAP_JOINT_THUNDER,,unknown,unscoped_candidate,
cast_source,src/source/Engine/Object/ZzzCharacter.cpp,2361,CreateParticle,BITMAP_ENERGY,,unknown,unscoped_candidate,
cast_source,src/source/Engine/Object/ZzzCharacter.cpp,2376,CreateJoint,BITMAP_JOINT_THUNDER,,unknown,unscoped_candidate,
cast_source,src/source/Engine/Object/ZzzCharacter.cpp,2377,CreateJoint,BITMAP_JOINT_THUNDER,,unknown,unscoped_candidate,
cast_source,src/source/Engine/Object/ZzzCharacter.cpp,2378,CreateParticle,BITMAP_ENERGY,,unknown,unscoped_candidate,
cast_source,src/source/Engine/Object/ZzzCharacter.cpp,2382,CreateJoint,BITMAP_JOINT_THUNDER,,unknown,unscoped_candidate,
cast_source,src/source/Engine/Object/ZzzCharacter.cpp,2383,CreateJoint,BITMAP_JOINT_THUNDER,,unknown,unscoped_candidate,
cast_source,src/source/Engine/Object/ZzzCharacter.cpp,2384,CreateParticle,BITMAP_ENERGY,,unknown,unscoped_candidate,
cast_source,src/source/Engine/Object/ZzzCharacter.cpp,2404,CreateJoint,BITMAP_JOINT_THUNDER,,unknown,unscoped_candidate,
cast_source,src/source/Engine/Object/ZzzCharacter.cpp,2405,CreateJoint,BITMAP_JOINT_THUNDER,,unknown,unscoped_candidate,
cast_source,src/source/Engine/Object/ZzzCharacter.cpp,2406,CreateParticle,BITMAP_ENERGY,,unknown,unscoped_candidate,
cast_source,src/source/Engine/Object/ZzzCharacter.cpp,2651,CreateJoint,MODEL_SPEARSKILL,AT_SKILL_DEATHSTAB_STR,skill_case,skill_candidate,
cast_source,src/source/Engine/Object/ZzzCharacter.cpp,2681,CreateEffect,MODEL_SPEAR,AT_SKILL_DEATHSTAB_STR,skill_case,skill_candidate,
cast_source,src/source/Engine/Object/ZzzCharacter.cpp,2682,CreateEffect,MODEL_SPEAR,AT_SKILL_DEATHSTAB_STR,skill_case,skill_candidate,
cast_source,src/source/Engine/Object/ZzzCharacter.cpp,2717,CreateEffect,MODEL__SPEAR,AT_SKILL_IMPALE,skill_case,skill_candidate,
cast_source,src/source/Engine/Object/ZzzCharacter.cpp,2718,CreateEffect,BITMAP_MAGIC+1,AT_SKILL_IMPALE,skill_case,skill_candidate,
cast_source,src/source/Engine/Object/ZzzCharacter.cpp,2729,CreateEffect,MODEL_SPEAR,AT_SKILL_IMPALE,skill_case,skill_candidate,
cast_source,src/source/Engine/Object/ZzzCharacter.cpp,2730,CreateEffect,MODEL_SPEAR,AT_SKILL_IMPALE,skill_case,skill_candidate,
cast_source,src/source/Engine/Object/ZzzCharacter.cpp,2756,CreateEffect,MODEL_SPEARSKILL,AT_SKILL_IMPALE,skill_case,skill_candidate,
cast_source,src/source/Engine/Object/ZzzCharacter.cpp,2775,CreateEffect,BITMAP_GATHERING,AT_SKILL_PENETRATION_STR,skill_case,skill_candidate,
cast_source,src/source/Engine/Object/ZzzCharacter.cpp,2792,CreateEffect,BITMAP_GATHERING,AT_SKILL_FIRE_SLASH_STR,skill_case,skill_candidate,
cast_source,src/source/Engine/Object/ZzzCharacter.cpp,2804,CreateEffect,BITMAP_SWORD_FORCE,AT_SKILL_FIRE_SLASH_STR,skill_case,skill_candidate,
cast_source,src/source/Engine/Object/ZzzCharacter.cpp,2808,CreateEffect,BITMAP_SWORD_FORCE,AT_SKILL_FIRE_SLASH_STR,skill_case,skill_candidate,
cast_source,src/source/Engine/Object/ZzzCharacter.cpp,2828,CreateEffect,MODEL_MAGIC2,AT_SKILL_POWER_SLASH_STR,skill_case,skill_candidate,
cast_source,src/source/Engine/Object/ZzzCharacter.cpp,2830,CreateEffect,MODEL_MAGIC2,AT_SKILL_POWER_SLASH_STR,skill_case,skill_candidate,
cast_source,src/source/Engine/Object/ZzzCharacter.cpp,2832,CreateEffect,MODEL_MAGIC2,AT_SKILL_POWER_SLASH_STR,skill_case,skill_candidate,
cast_source,src/source/Engine/Object/ZzzCharacter.cpp,2834,CreateEffect,MODEL_MAGIC2,AT_SKILL_POWER_SLASH_STR,skill_case,skill_candidate,
cast_source,src/source/Engine/Object/ZzzCharacter.cpp,2836,CreateEffect,MODEL_MAGIC2,AT_SKILL_POWER_SLASH_STR,skill_case,skill_candidate,
cast_source,src/source/Engine/Object/ZzzCharacter.cpp,2952,CreateJoint,BITMAP_JOINT_SPARK,AT_SKILL_OCCUPY,skill_case,skill_candidate,
cast_source,src/source/Engine/Object/ZzzCharacter.cpp,2954,CreateParticle,BITMAP_FIRE,AT_SKILL_OCCUPY,skill_case,skill_candidate,
cast_source,src/source/Engine/Object/ZzzCharacter.cpp,2956,CreateParticle,BITMAP_FIRE,AT_SKILL_OCCUPY,skill_case,skill_candidate,
cast_source,src/source/Engine/Object/ZzzCharacter.cpp,2963,CreateJoint,BITMAP_FLARE,AT_SKILL_SPIRAL_SLASH,skill_case,skill_candidate,
cast_source,src/source/Engine/Object/ZzzCharacter.cpp,2964,CreateJoint,BITMAP_FLARE,AT_SKILL_SPIRAL_SLASH,skill_case,skill_candidate,
cast_source,src/source/Engine/Object/ZzzCharacter.cpp,2965,CreateJoint,BITMAP_FLARE,AT_SKILL_SPIRAL_SLASH,skill_case,skill_candidate,
cast_source,src/source/Engine/Object/ZzzCharacter.cpp,2972,CreateJoint,BITMAP_FLARE,AT_SKILL_SPIRAL_SLASH,skill_case,skill_candidate,
cast_source,src/source/Engine/Object/ZzzCharacter.cpp,2973,CreateJoint,BITMAP_FLARE,AT_SKILL_SPIRAL_SLASH,skill_case,skill_candidate,
cast_source,src/source/Engine/Object/ZzzCharacter.cpp,3058,CreateParticle,BITMAP_SPARK+1,AT_SKILL_BEAST_UPPERCUT_MASTERY,skill_case,skill_candidate,
cast_source,src/source/Engine/Object/ZzzCharacter.cpp,3305,CreateParticle,BITMAP_LIGHT,AT_SKILL_COMBO,skill_case,skill_candidate,
cast_source,src/source/Engine/Object/ZzzCharacter.cpp,3318,CreateParticle,BITMAP_BUBBLE,AT_SKILL_COMBO,skill_case,skill_candidate,
cast_source,src/source/Engine/Object/ZzzCharacter.cpp,4014,CreateParticle,BITMAP_FIRE+3,,unknown,unscoped_candidate,
cast_source,src/source/Engine/Object/ZzzCharacter.cpp,4113,CreateJoint,BITMAP_JOINT_THUNDER,,unknown,unscoped_candidate,
cast_source,src/source/Engine/Object/ZzzCharacter.cpp,4129,CreateParticle,BITMAP_LIGHT,,unknown,unscoped_candidate,
cast_source,src/source/Engine/Object/ZzzCharacter.cpp,4157,CreateEffect,BITMAP_MAGIC+1,AT_SKILL_SUMMON,skill_case,skill_candidate,
cast_source,src/source/Engine/Object/ZzzCharacter.cpp,4165,CreateEffect,MODEL_SKILL_FURY_STRIKE,AT_SKILL_RAGEFUL_BLOW_MASTERY,skill_case,skill_candidate,
cast_source,src/source/Engine/Object/ZzzCharacter.cpp,4177,CreateEffect,MODEL_BLOW_OF_DESTRUCTION,AT_SKILL_STRIKE_OF_DESTRUCTION_STR,skill_case,skill_candidate,
cast_source,src/source/Engine/Object/ZzzCharacter.cpp,4204,CreateJoint,BITMAP_JOINT_SPIRIT,AT_SKILL_SWELL_LIFE_PROFICIENCY,skill_case,skill_candidate,
cast_source,src/source/Engine/Object/ZzzCharacter.cpp,4208,CreateEffect,BITMAP_MAGIC+1,AT_SKILL_SWELL_LIFE_PROFICIENCY,skill_case,skill_candidate,
cast_source,src/source/Engine/Object/ZzzCharacter.cpp,4215,CreateEffect,MODEL_STUN_STONE,AT_SKILL_STUN,skill_case,skill_candidate,
cast_source,src/source/Engine/Object/ZzzCharacter.cpp,4216,CreateJoint,BITMAP_FLASH,AT_SKILL_STUN,skill_case,skill_candidate,
cast_source,src/source/Engine/Object/ZzzCharacter.cpp,4231,CreateJoint,BITMAP_FLASH,AT_SKILL_REMOVAL_STUN,skill_case,skill_candidate,
cast_source,src/source/Engine/Object/ZzzCharacter.cpp,4252,CreateJoint,BITMAP_JOINT_SPIRIT,AT_SKILL_MANA,skill_case,skill_candidate,
cast_source,src/source/Engine/Object/ZzzCharacter.cpp,4254,CreateEffect,BITMAP_MAGIC+1,AT_SKILL_MANA,skill_case,skill_candidate,
cast_source,src/source/Engine/Object/ZzzCharacter.cpp,4271,CreateEffect,BITMAP_MAGIC+1,AT_SKILL_INVISIBLE,skill_case,skill_candidate,
cast_source,src/source/Engine/Object/ZzzCharacter.cpp,4288,CreateJoint,BITMAP_FLASH,AT_SKILL_REMOVAL_INVISIBLE,skill_case,skill_candidate,
cast_source,src/source/Engine/Object/ZzzCharacter.cpp,4323,CreateJoint,MODEL_SPEARSKILL,AT_SKILL_REMOVAL_BUFF,skill_case,skill_candidate,
cast_source,src/source/Engine/Object/ZzzCharacter.cpp,4326,CreateJoint,MODEL_SPEARSKILL,AT_SKILL_REMOVAL_BUFF,skill_case,skill_candidate,
cast_source,src/source/Engine/Object/ZzzCharacter.cpp,4329,CreateJoint,MODEL_SPEARSKILL,AT_SKILL_REMOVAL_BUFF,skill_case,skill_candidate,
cast_source,src/source/Engine/Object/ZzzCharacter.cpp,4332,CreateJoint,MODEL_SPEARSKILL,AT_SKILL_REMOVAL_BUFF,skill_case,skill_candidate,
cast_source,src/source/Engine/Object/ZzzCharacter.cpp,4335,CreateJoint,MODEL_SPEARSKILL,AT_SKILL_REMOVAL_BUFF,skill_case,skill_candidate,
cast_source,src/source/Engine/Object/ZzzCharacter.cpp,4338,CreateJoint,MODEL_SPEARSKILL,AT_SKILL_REMOVAL_BUFF,skill_case,skill_candidate,
cast_source,src/source/Engine/Object/ZzzCharacter.cpp,4352,CreateJoint,BITMAP_JOINT_HEALING,AT_SKILL_IMPROVE_AG,skill_case,skill_candidate,
cast_source,src/source/Engine/Object/ZzzCharacter.cpp,4354,CreateJoint,BITMAP_JOINT_HEALING,AT_SKILL_IMPROVE_AG,skill_case,skill_candidate,
cast_source,src/source/Engine/Object/ZzzCharacter.cpp,4360,CreateJoint,BITMAP_JOINT_HEALING,AT_SKILL_IMPROVE_AG,skill_case,skill_candidate,
cast_source,src/source/Engine/Object/ZzzCharacter.cpp,4362,CreateJoint,BITMAP_JOINT_HEALING,AT_SKILL_IMPROVE_AG,skill_case,skill_candidate,
cast_source,src/source/Engine/Object/ZzzCharacter.cpp,4375,CreateEffect,MODEL_DARKLORD_SKILL,AT_SKILL_ADD_CRITICAL_STR3,skill_case,skill_candidate,DarkLordSkill
cast_source,src/source/Engine/Object/ZzzCharacter.cpp,4380,CreateEffect,MODEL_DARKLORD_SKILL,AT_SKILL_ADD_CRITICAL_STR3,skill_case,skill_candidate,DarkLordSkill
cast_source,src/source/Engine/Object/ZzzCharacter.cpp,4385,CreateEffect,MODEL_CIRCLE,AT_SKILL_PARTY_TELEPORT,skill_case,skill_candidate,
cast_source,src/source/Engine/Object/ZzzCharacter.cpp,4386,CreateEffect,MODEL_CIRCLE_LIGHT,AT_SKILL_PARTY_TELEPORT,skill_case,skill_candidate,
cast_source,src/source/Engine/Object/ZzzCharacter.cpp,4401,CreateEffect,BITMAP_FLARE_FORCE,AT_SKILL_THUNDER_STRIKE,skill_case,skill_candidate,
cast_source,src/source/Engine/Object/ZzzCharacter.cpp,4406,CreateEffect,BITMAP_SHOTGUN,AT_SKILL_RIDER,skill_case,skill_candidate,
cast_source,src/source/Engine/Object/ZzzCharacter.cpp,4416,CreateEffect,MODEL_SKILL_WHEEL1,AT_SKILL_TWISTING_SLASH_MASTERY,skill_case,skill_candidate,
cast_source,src/source/Engine/Object/ZzzCharacter.cpp,4425,CreateEffect,MODEL_CIRCLE,AT_SKILL_HELL_FIRE_STR,skill_case,skill_candidate,
cast_source,src/source/Engine/Object/ZzzCharacter.cpp,4426,CreateEffect,MODEL_CIRCLE_LIGHT,AT_SKILL_HELL_FIRE_STR,skill_case,skill_candidate,
cast_source,src/source/Engine/Object/ZzzCharacter.cpp,4436,CreateEffect,MODEL_CIRCLE,AT_SKILL_NOVA,skill_case,skill_candidate,
cast_source,src/source/Engine/Object/ZzzCharacter.cpp,4447,CreateEffect,MODEL_FIRE,AT_SKILL_DECAY_STR,skill_case,skill_candidate,
cast_source,src/source/Engine/Object/ZzzCharacter.cpp,4448,CreateEffect,MODEL_FIRE,AT_SKILL_DECAY_STR,skill_case,skill_candidate,
cast_source,src/source/Engine/Object/ZzzCharacter.cpp,4468,CreateEffect,MODEL_BLIZZARD,AT_SKILL_ICE_STORM,skill_case,skill_candidate,
cast_source,src/source/Engine/Object/ZzzCharacter.cpp,4485,CreateEffect,BITMAP_FLAME,AT_SKILL_FLAME_STR_MG,skill_case,skill_candidate,
cast_source,src/source/Engine/Object/ZzzCharacter.cpp,4495,CreateEffect,MODEL_STORM,AT_SKILL_STORM,skill_case,skill_candidate,
cast_source,src/source/Engine/Object/ZzzCharacter.cpp,4508,CreateEffect,MODEL_DARK_SCREAM,AT_SKILL_FIRE_SCREAM_STR,skill_case,skill_candidate,
cast_source,src/source/Engine/Object/ZzzCharacter.cpp,4509,CreateEffect,MODEL_DARK_SCREAM_FIRE,AT_SKILL_FIRE_SCREAM_STR,skill_case,skill_candidate,
cast_source,src/source/Engine/Object/ZzzCharacter.cpp,4518,CreateEffect,MODEL_DARK_SCREAM,AT_SKILL_FIRE_SCREAM_STR,skill_case,skill_candidate,
cast_source,src/source/Engine/Object/ZzzCharacter.cpp,4519,CreateEffect,MODEL_DARK_SCREAM_FIRE,AT_SKILL_FIRE_SCREAM_STR,skill_case,skill_candidate,
cast_source,src/source/Engine/Object/ZzzCharacter.cpp,4529,CreateEffect,MODEL_DARK_SCREAM,AT_SKILL_FIRE_SCREAM_STR,skill_case,skill_candidate,
cast_source,src/source/Engine/Object/ZzzCharacter.cpp,4530,CreateEffect,MODEL_DARK_SCREAM_FIRE,AT_SKILL_FIRE_SCREAM_STR,skill_case,skill_candidate,
cast_source,src/source/Engine/Object/ZzzCharacter.cpp,4552,CreateEffect,BITMAP_BOSS_LASER,AT_SKILL_FLASH,skill_case,skill_candidate,
cast_source,src/source/Engine/Object/ZzzCharacter.cpp,4564,CreateEffect,MODEL_SKILL_BLAST,AT_SKILL_BLAST_STR_MG,skill_case,skill_candidate,
cast_source,src/source/Engine/Object/ZzzCharacter.cpp,4565,CreateEffect,MODEL_SKILL_BLAST,AT_SKILL_BLAST_STR_MG,skill_case,skill_candidate,
cast_source,src/source/Engine/Object/ZzzCharacter.cpp,4577,CreateEffect,MODEL_SKILL_INFERNO,AT_SKILL_INFERNO_STR_MG,skill_case,skill_candidate,
cast_source,src/source/Engine/Object/ZzzCharacter.cpp,4597,CreateJoint,BITMAP_JOINT_SPIRIT,AT_SKILL_EVIL_SPIRIT_STR_MG,skill_case,skill_candidate,
cast_source,src/source/Engine/Object/ZzzCharacter.cpp,4598,CreateJoint,BITMAP_JOINT_SPIRIT,AT_SKILL_EVIL_SPIRIT_STR_MG,skill_case,skill_candidate,
cast_source,src/source/Engine/Object/ZzzCharacter.cpp,4661,CreateJoint,MODEL_FENRIR_SKILL_THUNDER,AT_SKILL_PLASMA_STORM_FENRIR,skill_case,skill_candidate,
cast_source,src/source/Engine/Object/ZzzCharacter.cpp,4662,CreateJoint,MODEL_FENRIR_SKILL_THUNDER,AT_SKILL_PLASMA_STORM_FENRIR,skill_case,skill_candidate,
cast_source,src/source/Engine/Object/ZzzCharacter.cpp,4672,CreateJoint,MODEL_FENRIR_SKILL_THUNDER,,unknown,unscoped_candidate,
cast_source,src/source/Engine/Object/ZzzCharacter.cpp,4673,CreateJoint,MODEL_FENRIR_SKILL_THUNDER,,unknown,unscoped_candidate,
cast_source,src/source/Engine/Object/ZzzCharacter.cpp,4681,CreateJoint,BITMAP_FLARE_FORCE,,unknown,unscoped_candidate,
cast_source,src/source/Engine/Object/ZzzCharacter.cpp,4687,CreateEffect,MODEL_SWORD_FORCE,AT_SKILL_RUSH,skill_case,skill_candidate,SwordForce
cast_source,src/source/Engine/Object/ZzzCharacter.cpp,4692,CreateEffect,MODEL_SWORD_FORCE,AT_SKILL_OCCUPY,skill_case,skill_candidate,SwordForce
cast_source,src/source/Engine/Object/ZzzCharacter.cpp,4705,CreateEffect,MODEL_DARKLORD_SKILL,AT_SKILL_BRAND_OF_SKILL,skill_case,skill_candidate,DarkLordSkill
cast_source,src/source/Engine/Object/ZzzCharacter.cpp,4710,CreateEffect,MODEL_DARKLORD_SKILL,AT_SKILL_BRAND_OF_SKILL,skill_case,skill_candidate,DarkLordSkill
cast_source,src/source/Engine/Object/ZzzCharacter.cpp,4712,CreateEffect,MODEL_MANA_RUNE,AT_SKILL_BRAND_OF_SKILL,skill_case,skill_candidate,
cast_source,src/source/Engine/Object/ZzzCharacter.cpp,4719,CreateEffect,BITMAP_MAGIC+1,AT_SKILL_ALICE_BERSERKER_STR,skill_case,skill_candidate,
cast_source,src/source/Engine/Object/ZzzCharacter.cpp,4720,CreateEffect,MODEL_ALICE_BUFFSKILL_EFFECT,AT_SKILL_ALICE_BERSERKER_STR,skill_case,skill_candidate,AliceBuffSkillEffect
cast_source,src/source/Engine/Object/ZzzCharacter.cpp,4721,CreateEffect,MODEL_ALICE_BUFFSKILL_EFFECT2,AT_SKILL_ALICE_BERSERKER_STR,skill_case,skill_candidate,AliceBuffSkillEffect2
cast_source,src/source/Engine/Object/ZzzCharacter.cpp,4726,CreateEffect,BITMAP_MAGIC_ZIN,AT_SKILL_ALICE_WEAKNESS,skill_case,skill_candidate,
cast_source,src/source/Engine/Object/ZzzCharacter.cpp,4728,CreateEffect,BITMAP_MAGIC_ZIN,AT_SKILL_ALICE_WEAKNESS,skill_case,skill_candidate,
cast_source,src/source/Engine/Object/ZzzCharacter.cpp,4729,CreateEffect,BITMAP_MAGIC_ZIN,AT_SKILL_ALICE_WEAKNESS,skill_case,skill_candidate,
cast_source,src/source/Engine/Object/ZzzCharacter.cpp,4730,CreateEffect,BITMAP_MAGIC_ZIN,AT_SKILL_ALICE_WEAKNESS,skill_case,skill_candidate,
cast_source,src/source/Engine/Object/ZzzCharacter.cpp,4731,CreateEffect,BITMAP_MAGIC_ZIN,AT_SKILL_ALICE_WEAKNESS,skill_case,skill_candidate,
cast_source,src/source/Engine/Object/ZzzCharacter.cpp,4732,CreateEffect,MODEL_SUMMONER_CASTING_EFFECT2,AT_SKILL_ALICE_WEAKNESS,skill_case,skill_candidate,
cast_source,src/source/Engine/Object/ZzzCharacter.cpp,4733,CreateEffect,MODEL_SUMMONER_CASTING_EFFECT22,AT_SKILL_ALICE_WEAKNESS,skill_case,skill_candidate,
cast_source,src/source/Engine/Object/ZzzCharacter.cpp,4734,CreateEffect,MODEL_SUMMONER_CASTING_EFFECT222,AT_SKILL_ALICE_WEAKNESS,skill_case,skill_candidate,
cast_source,src/source/Engine/Object/ZzzCharacter.cpp,4736,CreateEffect,BITMAP_SHINY+6,AT_SKILL_ALICE_WEAKNESS,skill_case,skill_candidate,
cast_source,src/source/Engine/Object/ZzzCharacter.cpp,4737,CreateEffect,BITMAP_PIN_LIGHT,AT_SKILL_ALICE_WEAKNESS,skill_case,skill_candidate,
cast_source,src/source/Engine/Object/ZzzCharacter.cpp,4742,CreateEffect,BITMAP_MAGIC_ZIN,AT_SKILL_ALICE_ENERVATION,skill_case,skill_candidate,
cast_source,src/source/Engine/Object/ZzzCharacter.cpp,4743,CreateEffect,BITMAP_MAGIC_ZIN,AT_SKILL_ALICE_ENERVATION,skill_case,skill_candidate,
cast_source,src/source/Engine/Object/ZzzCharacter.cpp,4744,CreateEffect,BITMAP_MAGIC_ZIN,AT_SKILL_ALICE_ENERVATION,skill_case,skill_candidate,
cast_source,src/source/Engine/Object/ZzzCharacter.cpp,4745,CreateEffect,BITMAP_MAGIC_ZIN,AT_SKILL_ALICE_ENERVATION,skill_case,skill_candidate,
cast_source,src/source/Engine/Object/ZzzCharacter.cpp,4746,CreateEffect,BITMAP_MAGIC_ZIN,AT_SKILL_ALICE_ENERVATION,skill_case,skill_candidate,
cast_source,src/source/Engine/Object/ZzzCharacter.cpp,4747,CreateEffect,MODEL_SUMMONER_CASTING_EFFECT2,AT_SKILL_ALICE_ENERVATION,skill_case,skill_candidate,
cast_source,src/source/Engine/Object/ZzzCharacter.cpp,4748,CreateEffect,MODEL_SUMMONER_CASTING_EFFECT22,AT_SKILL_ALICE_ENERVATION,skill_case,skill_candidate,
cast_source,src/source/Engine/Object/ZzzCharacter.cpp,4749,CreateEffect,MODEL_SUMMONER_CASTING_EFFECT222,AT_SKILL_ALICE_ENERVATION,skill_case,skill_candidate,
cast_source,src/source/Engine/Object/ZzzCharacter.cpp,4750,CreateEffect,BITMAP_SHINY+6,AT_SKILL_ALICE_ENERVATION,skill_case,skill_candidate,
cast_source,src/source/Engine/Object/ZzzCharacter.cpp,4751,CreateEffect,BITMAP_PIN_LIGHT,AT_SKILL_ALICE_ENERVATION,skill_case,skill_candidate,
cast_source,src/source/Engine/Object/ZzzCharacter.cpp,4757,CreateEffect,MODEL_EFFECT_FLAME_STRIKE,AT_SKILL_FLAME_STRIKE,skill_case,skill_candidate,
cast_source,src/source/Engine/Object/ZzzCharacter.cpp,4775,CreateEffect,BITMAP_JOINT_THUNDER,AT_SKILL_GIGANTIC_STORM,skill_case,skill_candidate,
cast_source,src/source/Engine/Object/ZzzCharacter.cpp,4786,CreateEffect,MODEL_LIGHTNING_SHOCK,AT_SKILL_LIGHTNING_SHOCK_STR,skill_case,skill_candidate,
cast_source,src/source/Engine/Object/ZzzCharacter.cpp,4790,CreateEffect,MODEL_LIGHTNING_SHOCK,AT_SKILL_LIGHTNING_SHOCK_STR,skill_case,skill_candidate,
cast_source,src/source/Engine/Object/ZzzCharacter.cpp,4863,CreateParticle,BITMAP_BLOOD+1,AT_SKILL_BEAST_UPPERCUT_MASTERY,skill_case,skill_candidate,
cast_source,src/source/Engine/Object/ZzzCharacter.cpp,4877,CreateEffect,MODEL_STONE_COFFIN+1,,unknown,unscoped_candidate,
cast_source,src/source/Engine/Object/ZzzCharacter.cpp,4912,CreateEffect,BITMAP_MAGIC+1,AT_SKILL_HEALING_STR,skill_case,skill_candidate,
cast_source,src/source/Engine/Object/ZzzCharacter.cpp,4924,CreateEffect,BITMAP_MAGIC+1,AT_SKILL_DEFENSE_MASTERY,skill_case,skill_candidate,
cast_source,src/source/Engine/Object/ZzzCharacter.cpp,4932,CreateJoint,MODEL_SPEARSKILL,AT_SKILL_DEFENSE_MASTERY,skill_case,skill_candidate,
cast_source,src/source/Engine/Object/ZzzCharacter.cpp,4940,CreateJoint,MODEL_SPEARSKILL,AT_SKILL_DEFENSE_MASTERY,skill_case,skill_candidate,
cast_source,src/source/Engine/Object/ZzzCharacter.cpp,4949,CreateEffect,BITMAP_MAGIC+1,AT_SKILL_ATTACK_MASTERY,skill_case,skill_candidate,
cast_source,src/source/Engine/Object/ZzzCharacter.cpp,4958,CreateEffect,MODEL_ICE,AT_SKILL_ICE_STR_MG,skill_case,skill_candidate,
cast_source,src/source/Engine/Object/ZzzCharacter.cpp,4961,CreateEffect,MODEL_ICE_SMALL,AT_SKILL_ICE_STR_MG,skill_case,skill_candidate,
cast_source,src/source/Engine/Object/ZzzCharacter.cpp,4988,CreateJoint,MODEL_SPEARSKILL,AT_SKILL_SOUL_BARRIER_PROFICIENCY,skill_case,skill_candidate,
cast_source,src/source/Engine/Object/ZzzCharacter.cpp,4995,CreateEffect,MODEL_POISON,AT_SKILL_POISON_STR,skill_case,skill_candidate,Poison
cast_source,src/source/Engine/Object/ZzzCharacter.cpp,4999,CreateParticle,BITMAP_SMOKE,AT_SKILL_POISON_STR,skill_case,skill_candidate,
cast_source,src/source/Engine/Object/ZzzCharacter.cpp,5008,CreateEffect,MODEL_FIRE,AT_SKILL_METEO,skill_case,skill_candidate,
cast_source,src/source/Engine/Object/ZzzCharacter.cpp,5012,CreateEffect,MODEL_SKILL_JAVELIN,AT_SKILL_JAVELIN,skill_case,skill_candidate,
cast_source,src/source/Engine/Object/ZzzCharacter.cpp,5013,CreateEffect,MODEL_SKILL_JAVELIN,AT_SKILL_JAVELIN,skill_case,skill_candidate,
cast_source,src/source/Engine/Object/ZzzCharacter.cpp,5014,CreateEffect,MODEL_SKILL_JAVELIN,AT_SKILL_JAVELIN,skill_case,skill_candidate,
cast_source,src/source/Engine/Object/ZzzCharacter.cpp,5023,CreateJoint,BITMAP_JOINT_FORCE,AT_SKILL_DEATH_CANNON,skill_case,skill_candidate,
cast_source,src/source/Engine/Object/ZzzCharacter.cpp,5028,CreateEffect,MODEL_PIER_PART,AT_SKILL_SPACE_SPLIT,skill_case,skill_candidate,
cast_source,src/source/Engine/Object/ZzzCharacter.cpp,5032,CreateEffect,MODEL_FIRE,AT_SKILL_FIREBALL,skill_case,skill_candidate,
cast_source,src/source/Engine/Object/ZzzCharacter.cpp,5041,CreateEffect,BITMAP_FLAME,AT_SKILL_FLAME_STR_MG,skill_case,skill_candidate,
cast_source,src/source/Engine/Object/ZzzCharacter.cpp,5048,CreateEffect,MODEL_MAGIC2,AT_SKILL_POWERWAVE,skill_case,skill_candidate,
cast_source,src/source/Engine/Object/ZzzCharacter.cpp,5050,CreateEffect,MODEL_MAGIC2,AT_SKILL_POWERWAVE,skill_case,skill_candidate,
cast_source,src/source/Engine/Object/ZzzCharacter.cpp,5053,CreateEffect,MODEL_MAGIC2,AT_SKILL_POWERWAVE,skill_case,skill_candidate,
cast_source,src/source/Engine/Object/ZzzCharacter.cpp,5059,CreateEffect,MODEL_WAVES,AT_SKILL_FORCE_WAVE_STR,skill_case,skill_candidate,
cast_source,src/source/Engine/Object/ZzzCharacter.cpp,5060,CreateEffect,MODEL_WAVES,AT_SKILL_FORCE_WAVE_STR,skill_case,skill_candidate,
cast_source,src/source/Engine/Object/ZzzCharacter.cpp,5061,CreateEffect,MODEL_PIERCING2,AT_SKILL_FORCE_WAVE_STR,skill_case,skill_candidate,
cast_source,src/source/Engine/Object/ZzzCharacter.cpp,5074,CreateEffect,MODEL_PIER_PART,AT_SKILL_FIREBURST_MASTERY,skill_case,skill_candidate,
cast_source,src/source/Engine/Object/ZzzCharacter.cpp,5077,CreateEffect,MODEL_PIER_PART,AT_SKILL_FIREBURST_MASTERY,skill_case,skill_candidate,
cast_source,src/source/Engine/Object/ZzzCharacter.cpp,5079,CreateEffect,MODEL_PIER_PART,AT_SKILL_FIREBURST_MASTERY,skill_case,skill_candidate,
cast_source,src/source/Engine/Object/ZzzCharacter.cpp,5082,CreateEffect,MODEL_DARKLORD_SKILL,AT_SKILL_FIREBURST_MASTERY,skill_case,skill_candidate,DarkLordSkill
cast_source,src/source/Engine/Object/ZzzCharacter.cpp,5083,CreateEffect,MODEL_DARKLORD_SKILL,AT_SKILL_FIREBURST_MASTERY,skill_case,skill_candidate,DarkLordSkill
cast_source,src/source/Engine/Object/ZzzCharacter.cpp,5126,CreateEffect,MODEL_SNOW1,AT_SKILL_ENERGYBALL,skill_case,skill_candidate,
cast_source,src/source/Engine/Object/ZzzCharacter.cpp,5130,CreateEffect,MODEL_WOOSISTONE,AT_SKILL_ENERGYBALL,skill_case,skill_candidate,
cast_source,src/source/Engine/Object/ZzzCharacter.cpp,5136,CreateEffect,MODEL_EFFECT_SAPITRES_ATTACK,AT_SKILL_ENERGYBALL,skill_case,skill_candidate,
cast_source,src/source/Engine/Object/ZzzCharacter.cpp,5140,CreateEffect,BITMAP_ENERGY,AT_SKILL_ENERGYBALL,skill_case,skill_candidate,
cast_source,src/source/Engine/Object/ZzzCharacter.cpp,5152,CreateEffect,MODEL_LIGHTNING_ORB,AT_SKILL_ALICE_LIGHTNINGORB,skill_case,skill_candidate,
cast_source,src/source/Engine/Object/ZzzCharacter.cpp,5180,CreateEffect,BITMAP_MAGIC+1,AT_SKILL_ALICE_THORNS,skill_case,skill_candidate,
cast_source,src/source/Engine/Object/ZzzCharacter.cpp,5184,CreateEffect,BITMAP_MAGIC+1,AT_SKILL_ALICE_THORNS,skill_case,skill_candidate,
cast_source,src/source/Engine/Object/ZzzCharacter.cpp,5190,CreateEffect,MODEL_ALICE_BUFFSKILL_EFFECT,AT_SKILL_ALICE_THORNS,skill_case,skill_candidate,AliceBuffSkillEffect
cast_source,src/source/Engine/Object/ZzzCharacter.cpp,5191,CreateEffect,MODEL_ALICE_BUFFSKILL_EFFECT2,AT_SKILL_ALICE_THORNS,skill_case,skill_candidate,AliceBuffSkillEffect2
cast_source,src/source/Engine/Object/ZzzCharacter.cpp,5196,CreateEffect,MODEL_ALICE_BUFFSKILL_EFFECT,AT_SKILL_ALICE_THORNS,skill_case,skill_candidate,AliceBuffSkillEffect
cast_source,src/source/Engine/Object/ZzzCharacter.cpp,5197,CreateEffect,MODEL_ALICE_BUFFSKILL_EFFECT2,AT_SKILL_ALICE_THORNS,skill_case,skill_candidate,AliceBuffSkillEffect2
cast_source,src/source/Engine/Object/ZzzCharacter.cpp,5202,CreateEffect,MODEL_ALICE_BUFFSKILL_EFFECT,AT_SKILL_ALICE_THORNS,skill_case,skill_candidate,AliceBuffSkillEffect
cast_source,src/source/Engine/Object/ZzzCharacter.cpp,5203,CreateEffect,MODEL_ALICE_BUFFSKILL_EFFECT2,AT_SKILL_ALICE_THORNS,skill_case,skill_candidate,AliceBuffSkillEffect2
cast_source,src/source/Engine/Object/ZzzCharacter.cpp,5220,CreateEffect,MODEL_ALICE_DRAIN_LIFE,AT_SKILL_ALICE_DRAINLIFE_STR,skill_case,skill_candidate,
cast_source,src/source/Engine/Object/ZzzCharacter.cpp,5245,CreateJoint,BITMAP_JOINT_ENERGY,AT_SKILL_ALICE_DRAINLIFE_STR,skill_case,skill_candidate,
cast_source,src/source/Engine/Object/ZzzCharacter.cpp,5246,CreateJoint,BITMAP_JOINT_ENERGY,AT_SKILL_ALICE_DRAINLIFE_STR,skill_case,skill_candidate,
cast_source,src/source/Engine/Object/ZzzCharacter.cpp,5564,CreateParticle,BITMAP_SMOKE+1,,unknown,unscoped_candidate,
cast_source,src/source/Engine/Object/ZzzCharacter.cpp,5578,CreateParticle,BITMAP_SMOKE+1,,unknown,unscoped_candidate,
cast_source,src/source/Engine/Object/ZzzCharacter.cpp,5646,CreateParticle,BITMAP_SMOKE+1,,unknown,unscoped_candidate,
cast_source,src/source/Engine/Object/ZzzCharacter.cpp,5648,CreateEffect,MODEL_STONE1,,unknown,unscoped_candidate,
cast_source,src/source/Engine/Object/ZzzCharacter.cpp,5677,CreateParticle,BITMAP_SHINY,,unknown,unscoped_candidate,
cast_source,src/source/Engine/Object/ZzzCharacter.cpp,5678,CreateParticle,BITMAP_SHINY,,unknown,unscoped_candidate,
cast_source,src/source/Engine/Object/ZzzCharacter.cpp,5688,CreateParticle,BITMAP_FIRE+1,,unknown,unscoped_candidate,
cast_source,src/source/Engine/Object/ZzzCharacter.cpp,5710,CreateParticle,BITMAP_BUBBLE,MODEL_PLAYER,native_case,unscoped_candidate,
cast_source,src/source/Engine/Object/ZzzCharacter.cpp,5719,CreateParticle,BITMAP_RAIN_CIRCLE+1,MODEL_PLAYER,native_case,unscoped_candidate,
cast_source,src/source/Engine/Object/ZzzCharacter.cpp,5724,CreateParticle,BITMAP_RAIN_CIRCLE+1,MODEL_PLAYER,native_case,unscoped_candidate,
cast_source,src/source/Engine/Object/ZzzCharacter.cpp,5741,CreateParticle,BITMAP_LIGHT,MODEL_PLAYER,native_case,unscoped_candidate,
cast_source,src/source/Engine/Object/ZzzCharacter.cpp,5755,CreateParticle,BITMAP_FIRE,MODEL_PLAYER,native_case,unscoped_candidate,
cast_source,src/source/Engine/Object/ZzzCharacter.cpp,5775,CreateJoint,BITMAP_JOINT_THUNDER,MODEL_QUEEN_RAINER,native_case,unscoped_candidate,
cast_source,src/source/Engine/Object/ZzzCharacter.cpp,5785,CreateJoint,BITMAP_JOINT_THUNDER,MODEL_QUEEN_RAINER,native_case,unscoped_candidate,
cast_source,src/source/Engine/Object/ZzzCharacter.cpp,5790,CreateJoint,BITMAP_JOINT_THUNDER,MODEL_QUEEN_RAINER,native_case,unscoped_candidate,
cast_source,src/source/Engine/Object/ZzzCharacter.cpp,5793,CreateJoint,BITMAP_JOINT_THUNDER,MODEL_QUEEN_RAINER,native_case,unscoped_candidate,
cast_source,src/source/Engine/Object/ZzzCharacter.cpp,5796,CreateJoint,BITMAP_JOINT_THUNDER,MODEL_QUEEN_RAINER,native_case,unscoped_candidate,
cast_source,src/source/Engine/Object/ZzzCharacter.cpp,5799,CreateJoint,BITMAP_JOINT_THUNDER,MODEL_QUEEN_RAINER,native_case,unscoped_candidate,
cast_source,src/source/Engine/Object/ZzzCharacter.cpp,5802,CreateJoint,BITMAP_JOINT_THUNDER,MODEL_QUEEN_RAINER,native_case,unscoped_candidate,
cast_source,src/source/Engine/Object/ZzzCharacter.cpp,5806,CreateJoint,BITMAP_JOINT_THUNDER,MODEL_QUEEN_RAINER,native_case,unscoped_candidate,
cast_source,src/source/Engine/Object/ZzzCharacter.cpp,5809,CreateJoint,BITMAP_JOINT_THUNDER,MODEL_QUEEN_RAINER,native_case,unscoped_candidate,
cast_source,src/source/Engine/Object/ZzzCharacter.cpp,5812,CreateJoint,BITMAP_JOINT_THUNDER,MODEL_QUEEN_RAINER,native_case,unscoped_candidate,
cast_source,src/source/Engine/Object/ZzzCharacter.cpp,5815,CreateJoint,BITMAP_JOINT_THUNDER,MODEL_QUEEN_RAINER,native_case,unscoped_candidate,
cast_source,src/source/Engine/Object/ZzzCharacter.cpp,5875,CreateParticle,BITMAP_FLAME,MODEL_BEAM_KNIGHT,native_case,unscoped_candidate,
cast_source,src/source/Engine/Object/ZzzCharacter.cpp,5884,CreateParticle,BITMAP_FLAME,MODEL_BEAM_KNIGHT,native_case,unscoped_candidate,
cast_source,src/source/Engine/Object/ZzzCharacter.cpp,5896,CreateParticle,BITMAP_FLAME,MODEL_BEAM_KNIGHT,native_case,unscoped_candidate,
cast_source,src/source/Engine/Object/ZzzCharacter.cpp,5905,CreateParticle,BITMAP_FLAME,MODEL_BEAM_KNIGHT,native_case,unscoped_candidate,
cast_source,src/source/Engine/Object/ZzzCharacter.cpp,5917,CreateParticle,BITMAP_FLAME,MODEL_BEAM_KNIGHT,native_case,unscoped_candidate,
cast_source,src/source/Engine/Object/ZzzCharacter.cpp,5918,CreateParticle,BITMAP_FLAME,MODEL_BEAM_KNIGHT,native_case,unscoped_candidate,
cast_source,src/source/Engine/Object/ZzzCharacter.cpp,5939,CreateParticle,BITMAP_FLAME,,unknown,unscoped_candidate,
cast_source,src/source/Engine/Object/ZzzCharacter.cpp,5947,CreateParticle,BITMAP_FLAME,,unknown,unscoped_candidate,
cast_source,src/source/Engine/Object/ZzzCharacter.cpp,5966,CreateParticle,BITMAP_FIRE,MODEL_TANTALLOS,native_case,unscoped_candidate,
cast_source,src/source/Engine/Object/ZzzCharacter.cpp,5968,CreateParticle,BITMAP_FIRE,MODEL_TANTALLOS,native_case,unscoped_candidate,
cast_source,src/source/Engine/Object/ZzzCharacter.cpp,6009,CreateParticle,BITMAP_FIRE,MODEL_DEATH_KNIGHT,native_case,unscoped_candidate,
cast_source,src/source/Engine/Object/ZzzCharacter.cpp,6024,CreateParticle,BITMAP_ENERGY,MODEL_BALI,native_case,unscoped_candidate,
cast_source,src/source/Engine/Object/ZzzCharacter.cpp,6026,CreateParticle,BITMAP_FIRE,MODEL_BALI,native_case,unscoped_candidate,
cast_source,src/source/Engine/Object/ZzzCharacter.cpp,6031,CreateParticle,BITMAP_ENERGY,MODEL_BALI,native_case,unscoped_candidate,
cast_source,src/source/Engine/Object/ZzzCharacter.cpp,6033,CreateParticle,BITMAP_FIRE,MODEL_BALI,native_case,unscoped_candidate,
cast_source,src/source/Engine/Object/ZzzCharacter.cpp,6038,CreateParticle,BITMAP_ENERGY,MODEL_BALI,native_case,unscoped_candidate,
cast_source,src/source/Engine/Object/ZzzCharacter.cpp,6040,CreateParticle,BITMAP_FIRE,MODEL_BALI,native_case,unscoped_candidate,
cast_source,src/source/Engine/Object/ZzzCharacter.cpp,6045,CreateParticle,BITMAP_ENERGY,MODEL_BALI,native_case,unscoped_candidate,
cast_source,src/source/Engine/Object/ZzzCharacter.cpp,6047,CreateParticle,BITMAP_FIRE,MODEL_BALI,native_case,unscoped_candidate,
cast_source,src/source/Engine/Object/ZzzCharacter.cpp,6056,CreateParticle,BITMAP_FIRE,MODEL_BALI,native_case,unscoped_candidate,
cast_source,src/source/Engine/Object/ZzzCharacter.cpp,6069,CreateParticle,BITMAP_FIRE,MODEL_GORGON,native_case,unscoped_candidate,
cast_source,src/source/Engine/Object/ZzzCharacter.cpp,6106,CreateJoint,BITMAP_JOINT_SPARK,MODEL_SMITH,native_case,unscoped_candidate,
cast_source,src/source/Engine/Object/ZzzCharacter.cpp,6107,CreateParticle,BITMAP_SPARK,MODEL_SMITH,native_case,unscoped_candidate,
cast_source,src/source/Engine/Object/ZzzCharacter.cpp,6125,CreateJoint,BITMAP_JOINT_SPARK,MODEL_DEVIAS_TRADER,native_case,unscoped_candidate,
cast_source,src/source/Engine/Object/ZzzCharacter.cpp,6127,CreateParticle,BITMAP_SPARK,MODEL_DEVIAS_TRADER,native_case,unscoped_candidate,
cast_source,src/source/Engine/Object/ZzzCharacter.cpp,6135,CreateEffect,BITMAP_FIRECRACKER0001,MODEL_WEDDING_NPC,native_case,unscoped_candidate,
cast_source,src/source/Engine/Object/ZzzCharacter.cpp,6145,CreateParticle,BITMAP_FIRE,MODEL_BUDGE_DRAGON,native_case,unscoped_candidate,
cast_source,src/source/Engine/Object/ZzzCharacter.cpp,6155,CreateSprite,BITMAP_LIGHT,MODEL_CHAIN_SCORPION,native_case,unscoped_candidate,
cast_source,src/source/Engine/Object/ZzzCharacter.cpp,6163,CreateParticle,BITMAP_SMOKE,MODEL_CHAIN_SCORPION,native_case,unscoped_candidate,
cast_source,src/source/Engine/Object/ZzzCharacter.cpp,6165,CreateParticle,BITMAP_SMOKE+1,MODEL_CHAIN_SCORPION,native_case,unscoped_candidate,
cast_source,src/source/Engine/Object/ZzzCharacter.cpp,6174,CreateParticle,BITMAP_SMOKE+1,MODEL_BAHAMUT,native_case,unscoped_candidate,
cast_source,src/source/Engine/Object/ZzzCharacter.cpp,6186,CreateParticle,BITMAP_SMOKE,MODEL_ELITE_YETI,native_case,unscoped_candidate,
cast_source,src/source/Engine/Object/ZzzCharacter.cpp,6203,CreateParticle,BITMAP_SMOKE,MODEL_BULL_FIGHTER,native_case,unscoped_candidate,
cast_source,src/source/Engine/Object/ZzzCharacter.cpp,6278,CreateParticle,BITMAP_WATERFALL_5,,unknown,unscoped_candidate,
cast_source,src/source/Engine/Object/ZzzCharacter.cpp,7073,CreateSprite,BITMAP_SHINY+1,MODEL_DIVINE_STAFF_OF_ARCHANGEL,native_case,unscoped_candidate,
cast_source,src/source/Engine/Object/ZzzCharacter.cpp,7075,CreateSprite,BITMAP_LIGHT,MODEL_DIVINE_STAFF_OF_ARCHANGEL,native_case,unscoped_candidate,
cast_source,src/source/Engine/Object/ZzzCharacter.cpp,7085,CreateParticle,BITMAP_SPARK+1,MODEL_SYLPH_WIND_BOW,native_case,unscoped_candidate,
cast_source,src/source/Engine/Object/ZzzCharacter.cpp,7088,CreateParticle,BITMAP_SPARK+1,MODEL_SYLPH_WIND_BOW,native_case,unscoped_candidate,
cast_source,src/source/Engine/Object/ZzzCharacter.cpp,7092,CreateSprite,BITMAP_LIGHT,MODEL_SYLPH_WIND_BOW,native_case,unscoped_candidate,
cast_source,src/source/Engine/Object/ZzzCharacter.cpp,7095,CreateSprite,BITMAP_LIGHT,MODEL_SYLPH_WIND_BOW,native_case,unscoped_candidate,
cast_source,src/source/Engine/Object/ZzzCharacter.cpp,7100,CreateSprite,BITMAP_LIGHT,MODEL_SYLPH_WIND_BOW,native_case,unscoped_candidate,
cast_source,src/source/Engine/Object/ZzzCharacter.cpp,7101,CreateSprite,BITMAP_LIGHT,MODEL_SYLPH_WIND_BOW,native_case,unscoped_candidate,
cast_source,src/source/Engine/Object/ZzzCharacter.cpp,7102,CreateSprite,BITMAP_LIGHT,MODEL_SYLPH_WIND_BOW,native_case,unscoped_candidate,
cast_source,src/source/Engine/Object/ZzzCharacter.cpp,7113,CreateSprite,BITMAP_SHINY+1,MODEL_SOLEIL_SCEPTER,native_case,unscoped_candidate,
cast_source,src/source/Engine/Object/ZzzCharacter.cpp,7114,CreateSprite,BITMAP_SHINY+1,MODEL_SOLEIL_SCEPTER,native_case,unscoped_candidate,
cast_source,src/source/Engine/Object/ZzzCharacter.cpp,7120,CreateSprite,BITMAP_LIGHT,MODEL_SOLEIL_SCEPTER,native_case,unscoped_candidate,
cast_source,src/source/Engine/Object/ZzzCharacter.cpp,7126,CreateSprite,BITMAP_SHINY+1,MODEL_SOLEIL_SCEPTER,native_case,unscoped_candidate,
cast_source,src/source/Engine/Object/ZzzCharacter.cpp,7127,CreateSprite,BITMAP_SHINY+1,MODEL_SOLEIL_SCEPTER,native_case,unscoped_candidate,
cast_source,src/source/Engine/Object/ZzzCharacter.cpp,7137,CreateSprite,BITMAP_LIGHT+1,MODEL_BONE_BLADE,native_case,unscoped_candidate,
cast_source,src/source/Engine/Object/ZzzCharacter.cpp,7141,CreateSprite,BITMAP_LIGHT+1,MODEL_BONE_BLADE,native_case,unscoped_candidate,
cast_source,src/source/Engine/Object/ZzzCharacter.cpp,7157,CreateSprite,BITMAP_SHINY+1,MODEL_EXPLOSION_BLADE,native_case,unscoped_candidate,
cast_source,src/source/Engine/Object/ZzzCharacter.cpp,7158,CreateSprite,BITMAP_SHINY+1,MODEL_EXPLOSION_BLADE,native_case,unscoped_candidate,
cast_source,src/source/Engine/Object/ZzzCharacter.cpp,7160,CreateSprite,BITMAP_LIGHT,MODEL_EXPLOSION_BLADE,native_case,unscoped_candidate,
cast_source,src/source/Engine/Object/ZzzCharacter.cpp,7164,CreateSprite,BITMAP_LIGHT,MODEL_EXPLOSION_BLADE,native_case,unscoped_candidate,
cast_source,src/source/Engine/Object/ZzzCharacter.cpp,7168,CreateSprite,BITMAP_LIGHT,MODEL_EXPLOSION_BLADE,native_case,unscoped_candidate,
cast_source,src/source/Engine/Object/ZzzCharacter.cpp,7171,CreateSprite,BITMAP_LIGHT,MODEL_EXPLOSION_BLADE,native_case,unscoped_candidate,
cast_source,src/source/Engine/Object/ZzzCharacter.cpp,7174,CreateSprite,BITMAP_LIGHT,MODEL_EXPLOSION_BLADE,native_case,unscoped_candidate,
cast_source,src/source/Engine/Object/ZzzCharacter.cpp,7184,CreateSprite,BITMAP_SPARK+1,MODEL_GRAND_VIPER_STAFF,native_case,unscoped_candidate,
cast_source,src/source/Engine/Object/ZzzCharacter.cpp,7190,CreateJoint,BITMAP_JOINT_ENERGY,MODEL_GRAND_VIPER_STAFF,native_case,unscoped_candidate,
cast_source,src/source/Engine/Object/ZzzCharacter.cpp,7197,CreateSprite,BITMAP_LIGHT,MODEL_GRAND_VIPER_STAFF,native_case,unscoped_candidate,
cast_source,src/source/Engine/Object/ZzzCharacter.cpp,7198,CreateSprite,BITMAP_SHINY+1,MODEL_GRAND_VIPER_STAFF,native_case,unscoped_candidate,
cast_source,src/source/Engine/Object/ZzzCharacter.cpp,7199,CreateSprite,BITMAP_SHINY+1,MODEL_GRAND_VIPER_STAFF,native_case,unscoped_candidate,
cast_source,src/source/Engine/Object/ZzzCharacter.cpp,7202,CreateParticle,BITMAP_SPARK+1,MODEL_GRAND_VIPER_STAFF,native_case,unscoped_candidate,
cast_source,src/source/Engine/Object/ZzzCharacter.cpp,7211,CreateSprite,BITMAP_SHINY+1,MODEL_GRAND_VIPER_STAFF,native_case,unscoped_candidate,
cast_source,src/source/Engine/Object/ZzzCharacter.cpp,7212,CreateSprite,BITMAP_SHINY+1,MODEL_GRAND_VIPER_STAFF,native_case,unscoped_candidate,
cast_source,src/source/Engine/Object/ZzzCharacter.cpp,7216,CreateSprite,BITMAP_SHINY+1,MODEL_GRAND_VIPER_STAFF,native_case,unscoped_candidate,
cast_source,src/source/Engine/Object/ZzzCharacter.cpp,7217,CreateSprite,BITMAP_SHINY+1,MODEL_GRAND_VIPER_STAFF,native_case,unscoped_candidate,
cast_source,src/source/Engine/Object/ZzzCharacter.cpp,7221,CreateSprite,BITMAP_SHINY+1,MODEL_GRAND_VIPER_STAFF,native_case,unscoped_candidate,
cast_source,src/source/Engine/Object/ZzzCharacter.cpp,7222,CreateSprite,BITMAP_SHINY+1,MODEL_GRAND_VIPER_STAFF,native_case,unscoped_candidate,
cast_source,src/source/Engine/Object/ZzzCharacter.cpp,7232,CreateSprite,BITMAP_LIGHT+1,MODEL_DAYBREAK,native_case,unscoped_candidate,
cast_source,src/source/Engine/Object/ZzzCharacter.cpp,7236,CreateSprite,BITMAP_LIGHT+1,MODEL_DAYBREAK,native_case,unscoped_candidate,
cast_source,src/source/Engine/Object/ZzzCharacter.cpp,7240,CreateSprite,BITMAP_SHINY+1,MODEL_DAYBREAK,native_case,unscoped_candidate,
cast_source,src/source/Engine/Object/ZzzCharacter.cpp,7246,CreateSprite,BITMAP_SHINY+1,MODEL_DAYBREAK,native_case,unscoped_candidate,
cast_source,src/source/Engine/Object/ZzzCharacter.cpp,7253,CreateSprite,BITMAP_LIGHT,MODEL_DAYBREAK,native_case,unscoped_candidate,
cast_source,src/source/Engine/Object/ZzzCharacter.cpp,7265,CreateSprite,BITMAP_LIGHT,MODEL_SWORD_DANCER,native_case,unscoped_candidate,
cast_source,src/source/Engine/Object/ZzzCharacter.cpp,7271,CreateSprite,BITMAP_LIGHT+3,MODEL_SWORD_DANCER,native_case,unscoped_candidate,
cast_source,src/source/Engine/Object/ZzzCharacter.cpp,7284,CreateSprite,BITMAP_WATERFALL_4,MODEL_SWORD_DANCER,native_case,unscoped_candidate,
cast_source,src/source/Engine/Object/ZzzCharacter.cpp,7286,CreateSprite,BITMAP_WATERFALL_2,MODEL_SWORD_DANCER,native_case,unscoped_candidate,
cast_source,src/source/Engine/Object/ZzzCharacter.cpp,7295,CreateSprite,BITMAP_LIGHT,MODEL_SWORD_DANCER,native_case,unscoped_candidate,
cast_source,src/source/Engine/Object/ZzzCharacter.cpp,7313,CreateJoint,BITMAP_JOINT_SPARK,MODEL_SWORD_DANCER,native_case,unscoped_candidate,
cast_source,src/source/Engine/Object/ZzzCharacter.cpp,7314,CreateParticle,BITMAP_SPARK,MODEL_SWORD_DANCER,native_case,unscoped_candidate,
cast_source,src/source/Engine/Object/ZzzCharacter.cpp,7330,CreateSprite,BITMAP_SHINY+1,MODEL_SHINING_SCEPTER,native_case,unscoped_candidate,
cast_source,src/source/Engine/Object/ZzzCharacter.cpp,7334,CreateSprite,BITMAP_LIGHT,MODEL_SHINING_SCEPTER,native_case,unscoped_candidate,
cast_source,src/source/Engine/Object/ZzzCharacter.cpp,7338,CreateSprite,BITMAP_LIGHT,MODEL_SHINING_SCEPTER,native_case,unscoped_candidate,
cast_source,src/source/Engine/Object/ZzzCharacter.cpp,7342,CreateSprite,BITMAP_LIGHT,MODEL_SHINING_SCEPTER,native_case,unscoped_candidate,
cast_source,src/source/Engine/Object/ZzzCharacter.cpp,7352,CreateSprite,BITMAP_LIGHT,MODEL_ALBATROSS_BOW,native_case,unscoped_candidate,
cast_source,src/source/Engine/Object/ZzzCharacter.cpp,7355,CreateSprite,BITMAP_LIGHT,MODEL_ALBATROSS_BOW,native_case,unscoped_candidate,
cast_source,src/source/Engine/Object/ZzzCharacter.cpp,7358,CreateSprite,BITMAP_LIGHT,MODEL_ALBATROSS_BOW,native_case,unscoped_candidate,
cast_source,src/source/Engine/Object/ZzzCharacter.cpp,7361,CreateSprite,BITMAP_LIGHT,MODEL_ALBATROSS_BOW,native_case,unscoped_candidate,
cast_source,src/source/Engine/Object/ZzzCharacter.cpp,7368,CreateParticle,BITMAP_SPARK+1,MODEL_ALBATROSS_BOW,native_case,unscoped_candidate,
cast_source,src/source/Engine/Object/ZzzCharacter.cpp,7370,CreateParticle,BITMAP_SPARK+1,MODEL_ALBATROSS_BOW,native_case,unscoped_candidate,
cast_source,src/source/Engine/Object/ZzzCharacter.cpp,7372,CreateParticle,BITMAP_SPARK+1,MODEL_ALBATROSS_BOW,native_case,unscoped_candidate,
cast_source,src/source/Engine/Object/ZzzCharacter.cpp,7374,CreateParticle,BITMAP_SPARK+1,MODEL_ALBATROSS_BOW,native_case,unscoped_candidate,
cast_source,src/source/Engine/Object/ZzzCharacter.cpp,7388,CreateSprite,BITMAP_LIGHT,MODEL_PLATINA_STAFF,native_case,unscoped_candidate,
cast_source,src/source/Engine/Object/ZzzCharacter.cpp,7390,CreateSprite,BITMAP_LIGHT,MODEL_PLATINA_STAFF,native_case,unscoped_candidate,
cast_source,src/source/Engine/Object/ZzzCharacter.cpp,7395,CreateSprite,BITMAP_LIGHT,MODEL_PLATINA_STAFF,native_case,unscoped_candidate,
cast_source,src/source/Engine/Object/ZzzCharacter.cpp,7402,CreateSprite,BITMAP_SHINY+1,MODEL_PLATINA_STAFF,native_case,unscoped_candidate,
cast_source,src/source/Engine/Object/ZzzCharacter.cpp,7409,CreateSprite,BITMAP_MAGIC,MODEL_PLATINA_STAFF,native_case,unscoped_candidate,
cast_source,src/source/Engine/Object/ZzzCharacter.cpp,7418,CreateSprite,BITMAP_LIGHT,MODEL_PLATINA_STAFF,native_case,unscoped_candidate,
cast_source,src/source/Engine/Object/ZzzCharacter.cpp,7421,CreateSprite,BITMAP_LIGHT,MODEL_PLATINA_STAFF,native_case,unscoped_candidate,
cast_source,src/source/Engine/Object/ZzzCharacter.cpp,7426,CreateSprite,BITMAP_SHINY+1,MODEL_PLATINA_STAFF,native_case,unscoped_candidate,
cast_source,src/source/Engine/Object/ZzzCharacter.cpp,7432,CreateSprite,BITMAP_MAGIC,MODEL_PLATINA_STAFF,native_case,unscoped_candidate,
cast_source,src/source/Engine/Object/ZzzCharacter.cpp,7435,CreateSprite,BITMAP_LIGHT,MODEL_PLATINA_STAFF,native_case,unscoped_candidate,
cast_source,src/source/Engine/Object/ZzzCharacter.cpp,7438,CreateSprite,BITMAP_SHINY+1,MODEL_PLATINA_STAFF,native_case,unscoped_candidate,
cast_source,src/source/Engine/Object/ZzzCharacter.cpp,7442,CreateSprite,BITMAP_LIGHT,MODEL_PLATINA_STAFF,native_case,unscoped_candidate,
cast_source,src/source/Engine/Object/ZzzCharacter.cpp,7455,CreateSprite,BITMAP_LIGHT,MODEL_STAFF_OF_KUNDUN,native_case,unscoped_candidate,
cast_source,src/source/Engine/Object/ZzzCharacter.cpp,7457,CreateSprite,BITMAP_SHINY+1,MODEL_STAFF_OF_KUNDUN,native_case,unscoped_candidate,
cast_source,src/source/Engine/Object/ZzzCharacter.cpp,7458,CreateSprite,BITMAP_SHINY+1,MODEL_STAFF_OF_KUNDUN,native_case,unscoped_candidate,
cast_source,src/source/Engine/Object/ZzzCharacter.cpp,7462,CreateSprite,BITMAP_LIGHT,MODEL_STAFF_OF_KUNDUN,native_case,unscoped_candidate,
cast_source,src/source/Engine/Object/ZzzCharacter.cpp,7464,CreateSprite,BITMAP_SHINY+1,MODEL_STAFF_OF_KUNDUN,native_case,unscoped_candidate,
cast_source,src/source/Engine/Object/ZzzCharacter.cpp,7465,CreateSprite,BITMAP_SHINY+1,MODEL_STAFF_OF_KUNDUN,native_case,unscoped_candidate,
cast_source,src/source/Engine/Object/ZzzCharacter.cpp,7469,CreateSprite,BITMAP_LIGHT,MODEL_STAFF_OF_KUNDUN,native_case,unscoped_candidate,
cast_source,src/source/Engine/Object/ZzzCharacter.cpp,7471,CreateSprite,BITMAP_SHINY+1,MODEL_STAFF_OF_KUNDUN,native_case,unscoped_candidate,
cast_source,src/source/Engine/Object/ZzzCharacter.cpp,7472,CreateSprite,BITMAP_SHINY+1,MODEL_STAFF_OF_KUNDUN,native_case,unscoped_candidate,
cast_source,src/source/Engine/Object/ZzzCharacter.cpp,7484,CreateSprite,BITMAP_LIGHT,MODEL_GREAT_LORD_SCEPTER,native_case,unscoped_candidate,
cast_source,src/source/Engine/Object/ZzzCharacter.cpp,7486,CreateSprite,BITMAP_SHINY+1,MODEL_GREAT_LORD_SCEPTER,native_case,unscoped_candidate,
cast_source,src/source/Engine/Object/ZzzCharacter.cpp,7487,CreateSprite,BITMAP_SHINY+1,MODEL_GREAT_LORD_SCEPTER,native_case,unscoped_candidate,
cast_source,src/source/Engine/Object/ZzzCharacter.cpp,7503,CreateSprite,BITMAP_SHINY+1,MODEL_DIVINE_SWORD_OF_ARCHANGEL,native_case,unscoped_candidate,
cast_source,src/source/Engine/Object/ZzzCharacter.cpp,7505,CreateSprite,BITMAP_LIGHT,MODEL_DIVINE_SWORD_OF_ARCHANGEL,native_case,unscoped_candidate,
cast_source,src/source/Engine/Object/ZzzCharacter.cpp,7534,CreateSprite,BITMAP_SHINY+1,MODEL_DIVINE_CB_OF_ARCHANGEL,native_case,unscoped_candidate,
cast_source,src/source/Engine/Object/ZzzCharacter.cpp,7536,CreateSprite,BITMAP_LIGHT,MODEL_DIVINE_CB_OF_ARCHANGEL,native_case,unscoped_candidate,
cast_source,src/source/Engine/Object/ZzzCharacter.cpp,7548,CreateSprite,BITMAP_SHINY+1,MODEL_GREAT_REIGN_CROSSBOW,native_case,unscoped_candidate,
cast_source,src/source/Engine/Object/ZzzCharacter.cpp,7553,CreateSprite,BITMAP_LIGHT,MODEL_GREAT_REIGN_CROSSBOW,native_case,unscoped_candidate,
cast_source,src/source/Engine/Object/ZzzCharacter.cpp,7556,CreateSprite,BITMAP_LIGHT,MODEL_GREAT_REIGN_CROSSBOW,native_case,unscoped_candidate,
cast_source,src/source/Engine/Object/ZzzCharacter.cpp,7564,CreateSprite,BITMAP_SHINY+1,MODEL_GRAND_SOUL_SHIELD,native_case,unscoped_candidate,
cast_source,src/source/Engine/Object/ZzzCharacter.cpp,7565,CreateSprite,BITMAP_LIGHT,MODEL_GRAND_SOUL_SHIELD,native_case,unscoped_candidate,
cast_source,src/source/Engine/Object/ZzzCharacter.cpp,7572,CreateSprite,BITMAP_LIGHT,MODEL_ELEMENTAL_MACE,native_case,unscoped_candidate,
cast_source,src/source/Engine/Object/ZzzCharacter.cpp,7575,CreateSprite,BITMAP_LIGHT,MODEL_ELEMENTAL_MACE,native_case,unscoped_candidate,
cast_source,src/source/Engine/Object/ZzzCharacter.cpp,7583,CreateSprite,BITMAP_LIGHT,MODEL_BATTLE_SCEPTER,native_case,unscoped_candidate,
cast_source,src/source/Engine/Object/ZzzCharacter.cpp,7586,CreateSprite,BITMAP_LIGHT,MODEL_BATTLE_SCEPTER,native_case,unscoped_candidate,
cast_source,src/source/Engine/Object/ZzzCharacter.cpp,7591,CreateSprite,BITMAP_SHINY+1,MODEL_BATTLE_SCEPTER,native_case,unscoped_candidate,
cast_source,src/source/Engine/Object/ZzzCharacter.cpp,7592,CreateSprite,BITMAP_SHINY+1,MODEL_BATTLE_SCEPTER,native_case,unscoped_candidate,
cast_source,src/source/Engine/Object/ZzzCharacter.cpp,7603,CreateSprite,BITMAP_LIGHT,MODEL_MASTER_SCEPTER,native_case,unscoped_candidate,
cast_source,src/source/Engine/Object/ZzzCharacter.cpp,7608,CreateSprite,BITMAP_SHINY+1,MODEL_MASTER_SCEPTER,native_case,unscoped_candidate,
cast_source,src/source/Engine/Object/ZzzCharacter.cpp,7620,CreateSprite,BITMAP_LIGHT,MODEL_GREAT_SCEPTER,native_case,unscoped_candidate,
cast_source,src/source/Engine/Object/ZzzCharacter.cpp,7621,CreateSprite,BITMAP_SHINY+1,MODEL_GREAT_SCEPTER,native_case,unscoped_candidate,
cast_source,src/source/Engine/Object/ZzzCharacter.cpp,7627,CreateSprite,BITMAP_LIGHT,MODEL_GREAT_SCEPTER,native_case,unscoped_candidate,
cast_source,src/source/Engine/Object/ZzzCharacter.cpp,7628,CreateSprite,BITMAP_SHINY+1,MODEL_GREAT_SCEPTER,native_case,unscoped_candidate,
cast_source,src/source/Engine/Object/ZzzCharacter.cpp,7629,CreateSprite,BITMAP_SHINY+1,MODEL_GREAT_SCEPTER,native_case,unscoped_candidate,
cast_source,src/source/Engine/Object/ZzzCharacter.cpp,7637,CreateSprite,BITMAP_LIGHT,MODEL_LORD_SCEPTER,native_case,unscoped_candidate,
cast_source,src/source/Engine/Object/ZzzCharacter.cpp,7643,CreateSprite,BITMAP_LIGHT,MODEL_LORD_SCEPTER,native_case,unscoped_candidate,
cast_source,src/source/Engine/Object/ZzzCharacter.cpp,7644,CreateSprite,BITMAP_SHINY+1,MODEL_LORD_SCEPTER,native_case,unscoped_candidate,
cast_source,src/source/Engine/Object/ZzzCharacter.cpp,7657,CreateSprite,BITMAP_SHINY+1,MODEL_DIVINE_SCEPTER_OF_ARCHANGEL,native_case,unscoped_candidate,
cast_source,src/source/Engine/Object/ZzzCharacter.cpp,7659,CreateSprite,BITMAP_LIGHT,MODEL_DIVINE_SCEPTER_OF_ARCHANGEL,native_case,unscoped_candidate,
cast_source,src/source/Engine/Object/ZzzCharacter.cpp,7669,CreateSprite,BITMAP_LIGHT,MODEL_KNIGHT_BLADE,native_case,unscoped_candidate,
cast_source,src/source/Engine/Object/ZzzCharacter.cpp,7671,CreateSprite,BITMAP_LIGHT,MODEL_KNIGHT_BLADE,native_case,unscoped_candidate,
cast_source,src/source/Engine/Object/ZzzCharacter.cpp,7681,CreateSprite,BITMAP_LIGHT,MODEL_ARROW_VIPER_BOW,native_case,unscoped_candidate,
cast_source,src/source/Engine/Object/ZzzCharacter.cpp,7683,CreateSprite,BITMAP_LIGHT,MODEL_ARROW_VIPER_BOW,native_case,unscoped_candidate,
cast_source,src/source/Engine/Object/ZzzCharacter.cpp,7692,CreateSprite,BITMAP_LIGHT,MODEL_ARROW_VIPER_BOW,native_case,unscoped_candidate,
cast_source,src/source/Engine/Object/ZzzCharacter.cpp,7694,CreateSprite,BITMAP_SHINY+1,MODEL_ARROW_VIPER_BOW,native_case,unscoped_candidate,
cast_source,src/source/Engine/Object/ZzzCharacter.cpp,7695,CreateSprite,BITMAP_SHINY+1,MODEL_ARROW_VIPER_BOW,native_case,unscoped_candidate,
cast_source,src/source/Engine/Object/ZzzCharacter.cpp,7716,CreateJoint,BITMAP_JOINT_SPARK,MODEL_RUNE_BLADE,native_case,unscoped_candidate,
cast_source,src/source/Engine/Object/ZzzCharacter.cpp,7717,CreateParticle,BITMAP_SPARK,MODEL_RUNE_BLADE,native_case,unscoped_candidate,
cast_source,src/source/Engine/Object/ZzzCharacter.cpp,7729,CreateSprite,BITMAP_LIGHT,MODEL_DRAGON_SPEAR,native_case,unscoped_candidate,
cast_source,src/source/Engine/Object/ZzzCharacter.cpp,7736,CreateSprite,BITMAP_LIGHT,MODEL_FLAMBERGE,native_case,unscoped_candidate,
cast_source,src/source/Engine/Object/ZzzCharacter.cpp,7737,CreateSprite,BITMAP_LIGHT,MODEL_FLAMBERGE,native_case,unscoped_candidate,
cast_source,src/source/Engine/Object/ZzzCharacter.cpp,7741,CreateSprite,BITMAP_LIGHT,MODEL_FLAMBERGE,native_case,unscoped_candidate,
cast_source,src/source/Engine/Object/ZzzCharacter.cpp,7743,CreateSprite,BITMAP_LIGHT,MODEL_FLAMBERGE,native_case,unscoped_candidate,
cast_source,src/source/Engine/Object/ZzzCharacter.cpp,7746,CreateSprite,BITMAP_LIGHT,MODEL_FLAMBERGE,native_case,unscoped_candidate,
cast_source,src/source/Engine/Object/ZzzCharacter.cpp,7748,CreateSprite,BITMAP_LIGHT,MODEL_FLAMBERGE,native_case,unscoped_candidate,
cast_source,src/source/Engine/Object/ZzzCharacter.cpp,7752,CreateSprite,BITMAP_LIGHTMARKS,MODEL_FLAMBERGE,native_case,unscoped_candidate,
cast_source,src/source/Engine/Object/ZzzCharacter.cpp,7754,CreateSprite,BITMAP_LIGHTMARKS,MODEL_FLAMBERGE,native_case,unscoped_candidate,
cast_source,src/source/Engine/Object/ZzzCharacter.cpp,7756,CreateSprite,BITMAP_LIGHTMARKS,MODEL_FLAMBERGE,native_case,unscoped_candidate,
cast_source,src/source/Engine/Object/ZzzCharacter.cpp,7758,CreateSprite,BITMAP_LIGHTMARKS,MODEL_FLAMBERGE,native_case,unscoped_candidate,
cast_source,src/source/Engine/Object/ZzzCharacter.cpp,7760,CreateSprite,BITMAP_LIGHTMARKS,MODEL_FLAMBERGE,native_case,unscoped_candidate,
cast_source,src/source/Engine/Object/ZzzCharacter.cpp,7762,CreateSprite,BITMAP_LIGHTMARKS,MODEL_FLAMBERGE,native_case,unscoped_candidate,
cast_source,src/source/Engine/Object/ZzzCharacter.cpp,7764,CreateSprite,BITMAP_LIGHTMARKS,MODEL_FLAMBERGE,native_case,unscoped_candidate,
cast_source,src/source/Engine/Object/ZzzCharacter.cpp,7771,CreateSprite,BITMAP_LIGHTMARKS,MODEL_SWORD_BREAKER,native_case,unscoped_candidate,
cast_source,src/source/Engine/Object/ZzzCharacter.cpp,7773,CreateSprite,BITMAP_LIGHTMARKS,MODEL_SWORD_BREAKER,native_case,unscoped_candidate,
cast_source,src/source/Engine/Object/ZzzCharacter.cpp,7775,CreateSprite,BITMAP_LIGHTMARKS,MODEL_SWORD_BREAKER,native_case,unscoped_candidate,
cast_source,src/source/Engine/Object/ZzzCharacter.cpp,7777,CreateSprite,BITMAP_LIGHTMARKS,MODEL_SWORD_BREAKER,native_case,unscoped_candidate,
cast_source,src/source/Engine/Object/ZzzCharacter.cpp,7779,CreateSprite,BITMAP_LIGHTMARKS,MODEL_SWORD_BREAKER,native_case,unscoped_candidate,
cast_source,src/source/Engine/Object/ZzzCharacter.cpp,7781,CreateSprite,BITMAP_LIGHTMARKS,MODEL_SWORD_BREAKER,native_case,unscoped_candidate,
cast_source,src/source/Engine/Object/ZzzCharacter.cpp,7783,CreateSprite,BITMAP_LIGHTMARKS,MODEL_SWORD_BREAKER,native_case,unscoped_candidate,
cast_source,src/source/Engine/Object/ZzzCharacter.cpp,7794,CreateParticle,BITMAP_WATERFALL_4,MODEL_SWORD_BREAKER,native_case,unscoped_candidate,
cast_source,src/source/Engine/Object/ZzzCharacter.cpp,7803,CreateSprite,BITMAP_FLARE_BLUE,MODEL_IMPERIAL_SWORD,native_case,unscoped_candidate,
cast_source,src/source/Engine/Object/ZzzCharacter.cpp,7804,CreateSprite,BITMAP_SHINY+6,MODEL_IMPERIAL_SWORD,native_case,unscoped_candidate,
cast_source,src/source/Engine/Object/ZzzCharacter.cpp,7812,CreateJoint,BITMAP_JOINT_ENERGY,MODEL_IMPERIAL_SWORD,native_case,unscoped_candidate,
cast_source,src/source/Engine/Object/ZzzCharacter.cpp,7813,CreateEffect,MODEL_EFFECT_TRACE,MODEL_IMPERIAL_SWORD,native_case,unscoped_candidate,
cast_source,src/source/Engine/Object/ZzzCharacter.cpp,7817,CreateSprite,BITMAP_FLARE_BLUE,MODEL_IMPERIAL_SWORD,native_case,unscoped_candidate,
cast_source,src/source/Engine/Object/ZzzCharacter.cpp,7818,CreateSprite,BITMAP_SHINY+6,MODEL_IMPERIAL_SWORD,native_case,unscoped_candidate,
cast_source,src/source/Engine/Object/ZzzCharacter.cpp,7820,CreateSprite,BITMAP_FLARE_BLUE,MODEL_IMPERIAL_SWORD,native_case,unscoped_candidate,
cast_source,src/source/Engine/Object/ZzzCharacter.cpp,7821,CreateSprite,BITMAP_SHINY+6,MODEL_IMPERIAL_SWORD,native_case,unscoped_candidate,
cast_source,src/source/Engine/Object/ZzzCharacter.cpp,7823,CreateSprite,BITMAP_FLARE_BLUE,MODEL_IMPERIAL_SWORD,native_case,unscoped_candidate,
cast_source,src/source/Engine/Object/ZzzCharacter.cpp,7824,CreateSprite,BITMAP_SHINY+6,MODEL_IMPERIAL_SWORD,native_case,unscoped_candidate,
cast_source,src/source/Engine/Object/ZzzCharacter.cpp,7829,CreateSprite,BITMAP_LIGHTMARKS,MODEL_IMPERIAL_SWORD,native_case,unscoped_candidate,
cast_source,src/source/Engine/Object/ZzzCharacter.cpp,7831,CreateSprite,BITMAP_LIGHTMARKS,MODEL_IMPERIAL_SWORD,native_case,unscoped_candidate,
cast_source,src/source/Engine/Object/ZzzCharacter.cpp,7833,CreateSprite,BITMAP_LIGHTMARKS,MODEL_IMPERIAL_SWORD,native_case,unscoped_candidate,
cast_source,src/source/Engine/Object/ZzzCharacter.cpp,7835,CreateSprite,BITMAP_LIGHTMARKS,MODEL_IMPERIAL_SWORD,native_case,unscoped_candidate,
cast_source,src/source/Engine/Object/ZzzCharacter.cpp,7837,CreateSprite,BITMAP_LIGHTMARKS,MODEL_IMPERIAL_SWORD,native_case,unscoped_candidate,
cast_source,src/source/Engine/Object/ZzzCharacter.cpp,7839,CreateSprite,BITMAP_LIGHTMARKS,MODEL_IMPERIAL_SWORD,native_case,unscoped_candidate,
cast_source,src/source/Engine/Object/ZzzCharacter.cpp,7847,CreateSprite,BITMAP_SHINY+6,MODEL_FROST_MACE,native_case,unscoped_candidate,
cast_source,src/source/Engine/Object/ZzzCharacter.cpp,7850,CreateSprite,BITMAP_SHINY+6,MODEL_FROST_MACE,native_case,unscoped_candidate,
cast_source,src/source/Engine/Object/ZzzCharacter.cpp,7855,CreateSprite,BITMAP_SHINY+6,MODEL_FROST_MACE,native_case,unscoped_candidate,
cast_source,src/source/Engine/Object/ZzzCharacter.cpp,7858,CreateSprite,BITMAP_SHINY+6,MODEL_FROST_MACE,native_case,unscoped_candidate,
cast_source,src/source/Engine/Object/ZzzCharacter.cpp,7861,CreateSprite,BITMAP_SHINY+6,MODEL_FROST_MACE,native_case,unscoped_candidate,
cast_source,src/source/Engine/Object/ZzzCharacter.cpp,7862,CreateSprite,BITMAP_LIGHT,MODEL_FROST_MACE,native_case,unscoped_candidate,
cast_source,src/source/Engine/Object/ZzzCharacter.cpp,7867,CreateSprite,BITMAP_SHINY+6,MODEL_FROST_MACE,native_case,unscoped_candidate,
cast_source,src/source/Engine/Object/ZzzCharacter.cpp,7868,CreateSprite,BITMAP_LIGHT,MODEL_FROST_MACE,native_case,unscoped_candidate,
cast_source,src/source/Engine/Object/ZzzCharacter.cpp,7869,CreateSprite,BITMAP_PIN_LIGHT,MODEL_FROST_MACE,native_case,unscoped_candidate,
cast_source,src/source/Engine/Object/ZzzCharacter.cpp,7870,CreateSprite,BITMAP_PIN_LIGHT,MODEL_FROST_MACE,native_case,unscoped_candidate,
cast_source,src/source/Engine/Object/ZzzCharacter.cpp,7871,CreateSprite,BITMAP_PIN_LIGHT,MODEL_FROST_MACE,native_case,unscoped_candidate,
cast_source,src/source/Engine/Object/ZzzCharacter.cpp,7878,CreateParticle,BITMAP_CLUD64,MODEL_FROST_MACE,native_case,unscoped_candidate,
cast_source,src/source/Engine/Object/ZzzCharacter.cpp,7889,CreateEffect,MODEL_STAR_SHINE,MODEL_FROST_MACE,native_case,unscoped_candidate,
cast_source,src/source/Engine/Object/ZzzCharacter.cpp,7894,CreateSprite,BITMAP_LIGHT,MODEL_FROST_MACE,native_case,unscoped_candidate,
cast_source,src/source/Engine/Object/ZzzCharacter.cpp,7897,CreateSprite,BITMAP_LIGHT,MODEL_FROST_MACE,native_case,unscoped_candidate,
cast_source,src/source/Engine/Object/ZzzCharacter.cpp,7900,CreateSprite,BITMAP_LIGHT,MODEL_FROST_MACE,native_case,unscoped_candidate,
cast_source,src/source/Engine/Object/ZzzCharacter.cpp,7903,CreateSprite,BITMAP_LIGHT,MODEL_FROST_MACE,native_case,unscoped_candidate,
cast_source,src/source/Engine/Object/ZzzCharacter.cpp,7906,CreateSprite,BITMAP_LIGHT,MODEL_FROST_MACE,native_case,unscoped_candidate,
cast_source,src/source/Engine/Object/ZzzCharacter.cpp,7909,CreateSprite,BITMAP_LIGHT,MODEL_FROST_MACE,native_case,unscoped_candidate,
cast_source,src/source/Engine/Object/ZzzCharacter.cpp,7912,CreateSprite,BITMAP_LIGHT,MODEL_FROST_MACE,native_case,unscoped_candidate,
cast_source,src/source/Engine/Object/ZzzCharacter.cpp,7915,CreateSprite,BITMAP_LIGHT,,unknown,unscoped_candidate,
cast_source,src/source/Engine/Object/ZzzCharacter.cpp,7918,CreateSprite,BITMAP_LIGHT,,unknown,unscoped_candidate,
cast_source,src/source/Engine/Object/ZzzCharacter.cpp,7921,CreateSprite,BITMAP_LIGHT,,unknown,unscoped_candidate,
cast_source,src/source/Engine/Object/ZzzCharacter.cpp,7924,CreateSprite,BITMAP_LIGHT,,unknown,unscoped_candidate,
cast_source,src/source/Engine/Object/ZzzCharacter.cpp,7927,CreateSprite,BITMAP_LIGHT,,unknown,unscoped_candidate,
cast_source,src/source/Engine/Object/ZzzCharacter.cpp,7959,CreateSprite,BITMAP_LIGHT,MODEL_ABSOLUTE_SCEPTER,native_case,unscoped_candidate,
cast_source,src/source/Engine/Object/ZzzCharacter.cpp,7960,CreateSprite,BITMAP_SHINY+1,MODEL_ABSOLUTE_SCEPTER,native_case,unscoped_candidate,
cast_source,src/source/Engine/Object/ZzzCharacter.cpp,7962,CreateSprite,BITMAP_LIGHTNING_MEGA1,MODEL_ABSOLUTE_SCEPTER,native_case,unscoped_candidate,
cast_source,src/source/Engine/Object/ZzzCharacter.cpp,7966,CreateSprite,BITMAP_LIGHT,MODEL_ABSOLUTE_SCEPTER,native_case,unscoped_candidate,
cast_source,src/source/Engine/Object/ZzzCharacter.cpp,7967,CreateSprite,BITMAP_SHINY+1,MODEL_ABSOLUTE_SCEPTER,native_case,unscoped_candidate,
cast_source,src/source/Engine/Object/ZzzCharacter.cpp,7969,CreateSprite,BITMAP_LIGHTNING_MEGA1,MODEL_ABSOLUTE_SCEPTER,native_case,unscoped_candidate,
cast_source,src/source/Engine/Object/ZzzCharacter.cpp,7985,CreateSprite,BITMAP_LIGHT,MODEL_STINGER_BOW,native_case,unscoped_candidate,
cast_source,src/source/Engine/Object/ZzzCharacter.cpp,7992,CreateEffect,MODEL_FEATHER,MODEL_STINGER_BOW,native_case,unscoped_candidate,
cast_source,src/source/Engine/Object/ZzzCharacter.cpp,7993,CreateEffect,MODEL_FEATHER,MODEL_STINGER_BOW,native_case,unscoped_candidate,
cast_source,src/source/Engine/Object/ZzzCharacter.cpp,7994,CreateEffect,MODEL_FEATHER,MODEL_STINGER_BOW,native_case,unscoped_candidate,
cast_source,src/source/Engine/Object/ZzzCharacter.cpp,7995,CreateEffect,MODEL_FEATHER,MODEL_STINGER_BOW,native_case,unscoped_candidate,
cast_source,src/source/Engine/Object/ZzzCharacter.cpp,8004,CreateSprite,BITMAP_LIGHT,MODEL_DEADLY_STAFF,native_case,unscoped_candidate,
cast_source,src/source/Engine/Object/ZzzCharacter.cpp,8006,CreateSprite,BITMAP_LIGHT,MODEL_DEADLY_STAFF,native_case,unscoped_candidate,
cast_source,src/source/Engine/Object/ZzzCharacter.cpp,8008,CreateSprite,BITMAP_LIGHT,MODEL_DEADLY_STAFF,native_case,unscoped_candidate,
cast_source,src/source/Engine/Object/ZzzCharacter.cpp,8010,CreateSprite,BITMAP_LIGHT,MODEL_DEADLY_STAFF,native_case,unscoped_candidate,
cast_source,src/source/Engine/Object/ZzzCharacter.cpp,8012,CreateSprite,BITMAP_LIGHT,MODEL_DEADLY_STAFF,native_case,unscoped_candidate,
cast_source,src/source/Engine/Object/ZzzCharacter.cpp,8014,CreateSprite,BITMAP_LIGHT,MODEL_DEADLY_STAFF,native_case,unscoped_candidate,
cast_source,src/source/Engine/Object/ZzzCharacter.cpp,8022,CreateSprite,BITMAP_LIGHT,MODEL_DEADLY_STAFF,native_case,unscoped_candidate,
cast_source,src/source/Engine/Object/ZzzCharacter.cpp,8023,CreateSprite,BITMAP_SHINY+6,MODEL_DEADLY_STAFF,native_case,unscoped_candidate,
cast_source,src/source/Engine/Object/ZzzCharacter.cpp,8025,CreateSprite,BITMAP_LIGHT,MODEL_DEADLY_STAFF,native_case,unscoped_candidate,
cast_source,src/source/Engine/Object/ZzzCharacter.cpp,8026,CreateSprite,BITMAP_SHINY+6,MODEL_DEADLY_STAFF,native_case,unscoped_candidate,
cast_source,src/source/Engine/Object/ZzzCharacter.cpp,8033,CreateJoint,BITMAP_JOINT_ENERGY,MODEL_DEADLY_STAFF,native_case,unscoped_candidate,
cast_source,src/source/Engine/Object/ZzzCharacter.cpp,8041,CreateSprite,BITMAP_LIGHT,MODEL_IMPERIAL_STAFF,native_case,unscoped_candidate,
cast_source,src/source/Engine/Object/ZzzCharacter.cpp,8042,CreateSprite,BITMAP_LIGHT,MODEL_IMPERIAL_STAFF,native_case,unscoped_candidate,
cast_source,src/source/Engine/Object/ZzzCharacter.cpp,8044,CreateSprite,BITMAP_LIGHT,MODEL_IMPERIAL_STAFF,native_case,unscoped_candidate,
cast_source,src/source/Engine/Object/ZzzCharacter.cpp,8045,CreateSprite,BITMAP_LIGHT,MODEL_IMPERIAL_STAFF,native_case,unscoped_candidate,
cast_source,src/source/Engine/Object/ZzzCharacter.cpp,8047,CreateSprite,BITMAP_LIGHT,MODEL_IMPERIAL_STAFF,native_case,unscoped_candidate,
cast_source,src/source/Engine/Object/ZzzCharacter.cpp,8050,CreateSprite,BITMAP_LIGHT,MODEL_IMPERIAL_STAFF,native_case,unscoped_candidate,
cast_source,src/source/Engine/Object/ZzzCharacter.cpp,8052,CreateSprite,BITMAP_SHINY+6,MODEL_IMPERIAL_STAFF,native_case,unscoped_candidate,
cast_source,src/source/Engine/Object/ZzzCharacter.cpp,8055,CreateSprite,BITMAP_SHINY+1,MODEL_IMPERIAL_STAFF,native_case,unscoped_candidate,
cast_source,src/source/Engine/Object/ZzzCharacter.cpp,8056,CreateSprite,BITMAP_SHINY+1,MODEL_IMPERIAL_STAFF,native_case,unscoped_candidate,
cast_source,src/source/Engine/Object/ZzzCharacter.cpp,8059,CreateParticle,BITMAP_SPARK+1,MODEL_IMPERIAL_STAFF,native_case,unscoped_candidate,
cast_source,src/source/Engine/Object/ZzzCharacter.cpp,8060,CreateJoint,BITMAP_JOINT_ENERGY,MODEL_IMPERIAL_STAFF,native_case,unscoped_candidate,
cast_source,src/source/Engine/Object/ZzzCharacter.cpp,8063,CreateEffect,MODEL_EFFECT_TRACE,MODEL_IMPERIAL_STAFF,native_case,unscoped_candidate,
cast_source,src/source/Engine/Object/ZzzCharacter.cpp,8071,CreateSprite,BITMAP_SHINY+2,MODEL_IMPERIAL_STAFF,native_case,unscoped_candidate,
cast_source,src/source/Engine/Object/ZzzCharacter.cpp,8082,CreateSprite,BITMAP_SHINY+6,MODEL_IMPERIAL_STAFF,native_case,unscoped_candidate,
cast_source,src/source/Engine/Object/ZzzCharacter.cpp,8083,CreateSprite,BITMAP_LIGHTMARKS,MODEL_IMPERIAL_STAFF,native_case,unscoped_candidate,
cast_source,src/source/Engine/Object/ZzzCharacter.cpp,8084,CreateSprite,BITMAP_LIGHT,MODEL_IMPERIAL_STAFF,native_case,unscoped_candidate,
cast_source,src/source/Engine/Object/ZzzCharacter.cpp,8087,CreateSprite,BITMAP_SHOCK_WAVE,MODEL_IMPERIAL_STAFF,native_case,unscoped_candidate,
cast_source,src/source/Engine/Object/ZzzCharacter.cpp,8103,CreateSprite,BITMAP_SHOCK_WAVE,MODEL_IMPERIAL_STAFF,native_case,unscoped_candidate,
cast_source,src/source/Engine/Object/ZzzCharacter.cpp,8107,CreateSprite,BITMAP_LIGHTMARKS,MODEL_IMPERIAL_STAFF,native_case,unscoped_candidate,
cast_source,src/source/Engine/Object/ZzzCharacter.cpp,8110,CreateSprite,BITMAP_SHINY+6,,unknown,unscoped_candidate,
cast_source,src/source/Engine/Object/ZzzCharacter.cpp,8111,CreateSprite,BITMAP_LIGHTMARKS,,unknown,unscoped_candidate,
cast_source,src/source/Engine/Object/ZzzCharacter.cpp,8114,CreateSprite,BITMAP_SHINY+6,,unknown,unscoped_candidate,
cast_source,src/source/Engine/Object/ZzzCharacter.cpp,8115,CreateSprite,BITMAP_LIGHTMARKS,,unknown,unscoped_candidate,
cast_source,src/source/Engine/Object/ZzzCharacter.cpp,8122,CreateSprite,BITMAP_LIGHT,MODEL_CRIMSONGLORY,native_case,unscoped_candidate,
cast_source,src/source/Engine/Object/ZzzCharacter.cpp,8124,CreateSprite,BITMAP_LIGHT,MODEL_CRIMSONGLORY,native_case,unscoped_candidate,
cast_source,src/source/Engine/Object/ZzzCharacter.cpp,8126,CreateSprite,BITMAP_LIGHT,MODEL_CRIMSONGLORY,native_case,unscoped_candidate,
cast_source,src/source/Engine/Object/ZzzCharacter.cpp,8128,CreateSprite,BITMAP_LIGHT,MODEL_CRIMSONGLORY,native_case,unscoped_candidate,
cast_source,src/source/Engine/Object/ZzzCharacter.cpp,8130,CreateSprite,BITMAP_LIGHT,MODEL_CRIMSONGLORY,native_case,unscoped_candidate,
cast_source,src/source/Engine/Object/ZzzCharacter.cpp,8132,CreateSprite,BITMAP_LIGHT,MODEL_CRIMSONGLORY,native_case,unscoped_candidate,
cast_source,src/source/Engine/Object/ZzzCharacter.cpp,8134,CreateSprite,BITMAP_LIGHT,MODEL_CRIMSONGLORY,native_case,unscoped_candidate,
cast_source,src/source/Engine/Object/ZzzCharacter.cpp,8139,CreateSprite,BITMAP_FLARE_RED,MODEL_CRIMSONGLORY,native_case,unscoped_candidate,
cast_source,src/source/Engine/Object/ZzzCharacter.cpp,8141,CreateSprite,BITMAP_FLARE_RED,MODEL_CRIMSONGLORY,native_case,unscoped_candidate,
cast_source,src/source/Engine/Object/ZzzCharacter.cpp,8143,CreateSprite,BITMAP_FLARE_RED,MODEL_CRIMSONGLORY,native_case,unscoped_candidate,
cast_source,src/source/Engine/Object/ZzzCharacter.cpp,8149,CreateSprite,BITMAP_LIGHT,MODEL_SALAMANDER_SHIELD,native_case,unscoped_candidate,
cast_source,src/source/Engine/Object/ZzzCharacter.cpp,8157,CreateParticle,BITMAP_FIRE_HIK1,MODEL_SALAMANDER_SHIELD,native_case,unscoped_candidate,
cast_source,src/source/Engine/Object/ZzzCharacter.cpp,8160,CreateParticle,BITMAP_FIRE_CURSEDLICH,MODEL_SALAMANDER_SHIELD,native_case,unscoped_candidate,
cast_source,src/source/Engine/Object/ZzzCharacter.cpp,8163,CreateParticle,BITMAP_FIRE_HIK3,MODEL_SALAMANDER_SHIELD,native_case,unscoped_candidate,
cast_source,src/source/Engine/Object/ZzzCharacter.cpp,8174,CreateSprite,BITMAP_LIGHT,MODEL_GUARDIAN_SHILED,native_case,unscoped_candidate,
cast_source,src/source/Engine/Object/ZzzCharacter.cpp,8176,CreateSprite,BITMAP_LIGHT,MODEL_GUARDIAN_SHILED,native_case,unscoped_candidate,
cast_source,src/source/Engine/Object/ZzzCharacter.cpp,8178,CreateSprite,BITMAP_LIGHT,MODEL_GUARDIAN_SHILED,native_case,unscoped_candidate,
cast_source,src/source/Engine/Object/ZzzCharacter.cpp,8180,CreateSprite,BITMAP_LIGHT,MODEL_GUARDIAN_SHILED,native_case,unscoped_candidate,
cast_source,src/source/Engine/Object/ZzzCharacter.cpp,8182,CreateSprite,BITMAP_LIGHT,MODEL_GUARDIAN_SHILED,native_case,unscoped_candidate,
cast_source,src/source/Engine/Object/ZzzCharacter.cpp,8184,CreateSprite,BITMAP_LIGHT,MODEL_GUARDIAN_SHILED,native_case,unscoped_candidate,
cast_source,src/source/Engine/Object/ZzzCharacter.cpp,8186,CreateSprite,BITMAP_LIGHT,MODEL_GUARDIAN_SHILED,native_case,unscoped_candidate,
cast_source,src/source/Engine/Object/ZzzCharacter.cpp,8188,CreateSprite,BITMAP_LIGHT,MODEL_GUARDIAN_SHILED,native_case,unscoped_candidate,
cast_source,src/source/Engine/Object/ZzzCharacter.cpp,8190,CreateSprite,BITMAP_LIGHT,MODEL_GUARDIAN_SHILED,native_case,unscoped_candidate,
cast_source,src/source/Engine/Object/ZzzCharacter.cpp,8199,CreateSprite,BITMAP_LIGHT,MODEL_CROSS_SHIELD,native_case,unscoped_candidate,
cast_source,src/source/Engine/Object/ZzzCharacter.cpp,8201,CreateSprite,BITMAP_LIGHT,MODEL_CROSS_SHIELD,native_case,unscoped_candidate,
cast_source,src/source/Engine/Object/ZzzCharacter.cpp,8203,CreateSprite,BITMAP_LIGHT,MODEL_CROSS_SHIELD,native_case,unscoped_candidate,
cast_source,src/source/Engine/Object/ZzzCharacter.cpp,8205,CreateSprite,BITMAP_LIGHT,MODEL_CROSS_SHIELD,native_case,unscoped_candidate,
cast_source,src/source/Engine/Object/ZzzCharacter.cpp,8209,CreateSprite,BITMAP_LIGHT,MODEL_CROSS_SHIELD,native_case,unscoped_candidate,
cast_source,src/source/Engine/Object/ZzzCharacter.cpp,8211,CreateSprite,BITMAP_LIGHT,MODEL_CROSS_SHIELD,native_case,unscoped_candidate,
cast_source,src/source/Engine/Object/ZzzCharacter.cpp,8213,CreateSprite,BITMAP_LIGHT,MODEL_CROSS_SHIELD,native_case,unscoped_candidate,
cast_source,src/source/Engine/Object/ZzzCharacter.cpp,8215,CreateSprite,BITMAP_LIGHT,MODEL_CROSS_SHIELD,native_case,unscoped_candidate,
cast_source,src/source/Engine/Object/ZzzCharacter.cpp,8217,CreateSprite,BITMAP_LIGHT,MODEL_CROSS_SHIELD,native_case,unscoped_candidate,
cast_source,src/source/Engine/Object/ZzzCharacter.cpp,8219,CreateSprite,BITMAP_LIGHT,MODEL_CROSS_SHIELD,native_case,unscoped_candidate,
cast_source,src/source/Engine/Object/ZzzCharacter.cpp,8228,CreateSprite,BITMAP_LIGHT,MODEL_CHROMATIC_STAFF,native_case,unscoped_candidate,
cast_source,src/source/Engine/Object/ZzzCharacter.cpp,8232,CreateSprite,BITMAP_MAGIC,MODEL_CHROMATIC_STAFF,native_case,unscoped_candidate,
cast_source,src/source/Engine/Object/ZzzCharacter.cpp,8235,CreateEffect,MODEL_MOONHARVEST_MOON,MODEL_CHROMATIC_STAFF,native_case,unscoped_candidate,
cast_source,src/source/Engine/Object/ZzzCharacter.cpp,8239,CreateSprite,BITMAP_SHINY+1,MODEL_CHROMATIC_STAFF,native_case,unscoped_candidate,
cast_source,src/source/Engine/Object/ZzzCharacter.cpp,8246,CreateSprite,BITMAP_LIGHT,MODEL_CHROMATIC_STAFF,native_case,unscoped_candidate,
cast_source,src/source/Engine/Object/ZzzCharacter.cpp,8247,CreateSprite,BITMAP_MAGIC,MODEL_CHROMATIC_STAFF,native_case,unscoped_candidate,
cast_source,src/source/Engine/Object/ZzzCharacter.cpp,8249,CreateSprite,BITMAP_SHINY+1,MODEL_CHROMATIC_STAFF,native_case,unscoped_candidate,
cast_source,src/source/Engine/Object/ZzzCharacter.cpp,8260,CreateSprite,BITMAP_SHINY+6,MODEL_RAVEN_STICK,native_case,unscoped_candidate,
cast_source,src/source/Engine/Object/ZzzCharacter.cpp,8262,CreateSprite,BITMAP_LIGHT,MODEL_RAVEN_STICK,native_case,unscoped_candidate,
cast_source,src/source/Engine/Object/ZzzCharacter.cpp,8264,CreateSprite,BITMAP_SHINY+2,MODEL_RAVEN_STICK,native_case,unscoped_candidate,
cast_source,src/source/Engine/Object/ZzzCharacter.cpp,8266,CreateSprite,BITMAP_PIN_LIGHT,MODEL_RAVEN_STICK,native_case,unscoped_candidate,
cast_source,src/source/Engine/Object/ZzzCharacter.cpp,8267,CreateSprite,BITMAP_PIN_LIGHT,MODEL_RAVEN_STICK,native_case,unscoped_candidate,
cast_source,src/source/Engine/Object/ZzzCharacter.cpp,8274,CreateSprite,BITMAP_MAGIC,MODEL_RAVEN_STICK,native_case,unscoped_candidate,
cast_source,src/source/Engine/Object/ZzzCharacter.cpp,8279,CreateSprite,BITMAP_MAGIC,MODEL_RAVEN_STICK,native_case,unscoped_candidate,
cast_source,src/source/Engine/Object/ZzzCharacter.cpp,8284,CreateSprite,BITMAP_SHINY+6,MODEL_RAVEN_STICK,native_case,unscoped_candidate,
cast_source,src/source/Engine/Object/ZzzCharacter.cpp,8289,CreateSprite,BITMAP_SHINY+6,MODEL_RAVEN_STICK,native_case,unscoped_candidate,
cast_source,src/source/Engine/Object/ZzzCharacter.cpp,8299,CreateSprite,BITMAP_SHINY+6,MODEL_BEUROBA,native_case,unscoped_candidate,
cast_source,src/source/Engine/Object/ZzzCharacter.cpp,8300,CreateSprite,BITMAP_SHINY+6,MODEL_BEUROBA,native_case,unscoped_candidate,
cast_source,src/source/Engine/Object/ZzzCharacter.cpp,8302,CreateSprite,BITMAP_SHINY+6,MODEL_BEUROBA,native_case,unscoped_candidate,
cast_source,src/source/Engine/Object/ZzzCharacter.cpp,8303,CreateSprite,BITMAP_SHINY+6,MODEL_BEUROBA,native_case,unscoped_candidate,
cast_source,src/source/Engine/Object/ZzzCharacter.cpp,8308,CreateSprite,BITMAP_LIGHT,MODEL_BEUROBA,native_case,unscoped_candidate,
cast_source,src/source/Engine/Object/ZzzCharacter.cpp,8319,CreateSprite,BITMAP_SHINY+1,MODEL_STRYKER_SCEPTER,native_case,unscoped_candidate,
cast_source,src/source/Engine/Object/ZzzCharacter.cpp,8321,CreateSprite,BITMAP_LIGHTMARKS,MODEL_STRYKER_SCEPTER,native_case,unscoped_candidate,
cast_source,src/source/Engine/Object/ZzzCharacter.cpp,8325,CreateParticle,BITMAP_SHINY+6,MODEL_STRYKER_SCEPTER,native_case,unscoped_candidate,
cast_source,src/source/Engine/Object/ZzzCharacter.cpp,8330,CreateSprite,BITMAP_SHINY+1,MODEL_STRYKER_SCEPTER,native_case,unscoped_candidate,
cast_source,src/source/Engine/Object/ZzzCharacter.cpp,8335,CreateSprite,BITMAP_SHINY+1,MODEL_STRYKER_SCEPTER,native_case,unscoped_candidate,
cast_source,src/source/Engine/Object/ZzzCharacter.cpp,8337,CreateSprite,BITMAP_SHINY+1,MODEL_STRYKER_SCEPTER,native_case,unscoped_candidate,
cast_source,src/source/Engine/Object/ZzzCharacter.cpp,8343,CreateSprite,BITMAP_FLARE,MODEL_STRYKER_SCEPTER,native_case,unscoped_candidate,
cast_source,src/source/Engine/Object/ZzzCharacter.cpp,8359,CreateSprite,BITMAP_LIGHT,MODEL_AIR_LYN_BOW,native_case,unscoped_candidate,
cast_source,src/source/Engine/Object/ZzzCharacter.cpp,8360,CreateSprite,BITMAP_LIGHT,MODEL_AIR_LYN_BOW,native_case,unscoped_candidate,
cast_source,src/source/Engine/Object/ZzzCharacter.cpp,8366,CreateSprite,BITMAP_SHOCK_WAVE,MODEL_AIR_LYN_BOW,native_case,unscoped_candidate,
cast_source,src/source/Engine/Object/ZzzCharacter.cpp,8372,CreateSprite,BITMAP_SHOCK_WAVE,MODEL_AIR_LYN_BOW,native_case,unscoped_candidate,
cast_source,src/source/Engine/Object/ZzzCharacter.cpp,8382,CreateSprite,BITMAP_FLARE,MODEL_AIR_LYN_BOW,native_case,unscoped_candidate,
cast_source,src/source/Engine/Object/ZzzCharacter.cpp,8395,CreateSprite,BITMAP_LIGHT_MARKS,MODEL_SWORD_35_WING,native_case,unscoped_candidate,
cast_source,src/source/Engine/Object/ZzzCharacter.cpp,8400,CreateSprite,BITMAP_LIGHT_MARKS,MODEL_SWORD_35_WING,native_case,unscoped_candidate,
cast_source,src/source/Engine/Object/ZzzCharacter.cpp,8473,CreateParticle,BITMAP_SHINY+3,MODEL_LITTLE_WARRIORS_CLOAK,native_case,unscoped_candidate,
cast_source,src/source/Engine/Object/ZzzCharacter.cpp,8474,CreateSprite,BITMAP_SHINY+3,MODEL_LITTLE_WARRIORS_CLOAK,native_case,unscoped_candidate,
cast_source,src/source/Engine/Object/ZzzCharacter.cpp,8477,CreateParticle,BITMAP_SHINY+3,MODEL_LITTLE_WARRIORS_CLOAK,native_case,unscoped_candidate,
cast_source,src/source/Engine/Object/ZzzCharacter.cpp,8478,CreateSprite,BITMAP_SHINY+3,MODEL_LITTLE_WARRIORS_CLOAK,native_case,unscoped_candidate,
cast_source,src/source/Engine/Object/ZzzCharacter.cpp,8741,CreateSprite,BITMAP_LIGHTMARKS,,unknown,unscoped_candidate,
cast_source,src/source/Engine/Object/ZzzCharacter.cpp,8744,CreateSprite,BITMAP_LIGHTMARKS,,unknown,unscoped_candidate,
cast_source,src/source/Engine/Object/ZzzCharacter.cpp,8747,CreateSprite,BITMAP_LIGHTMARKS,,unknown,unscoped_candidate,
cast_source,src/source/Engine/Object/ZzzCharacter.cpp,8750,CreateSprite,BITMAP_LIGHTMARKS,,unknown,unscoped_candidate,
cast_source,src/source/Engine/Object/ZzzCharacter.cpp,8753,CreateSprite,BITMAP_LIGHTMARKS,,unknown,unscoped_candidate,
cast_source,src/source/Engine/Object/ZzzCharacter.cpp,8759,CreateEffect,MODEL_EFFECT_FIRE_HIK3_MONO,,unknown,unscoped_candidate,
cast_source,src/source/Engine/Object/ZzzCharacter.cpp,8762,CreateEffect,MODEL_EFFECT_FIRE_HIK3_MONO,,unknown,unscoped_candidate,
cast_source,src/source/Engine/Object/ZzzCharacter.cpp,8765,CreateEffect,MODEL_EFFECT_FIRE_HIK3_MONO,,unknown,unscoped_candidate,
cast_source,src/source/Engine/Object/ZzzCharacter.cpp,8768,CreateEffect,MODEL_EFFECT_FIRE_HIK3_MONO,,unknown,unscoped_candidate,
cast_source,src/source/Engine/Object/ZzzCharacter.cpp,8771,CreateEffect,MODEL_EFFECT_FIRE_HIK3_MONO,,unknown,unscoped_candidate,
cast_source,src/source/Engine/Object/ZzzCharacter.cpp,8799,CreateSprite,BITMAP_LIGHT,,unknown,unscoped_candidate,
cast_source,src/source/Engine/Object/ZzzCharacter.cpp,8810,CreateParticle,BITMAP_SPARK+1,,unknown,unscoped_candidate,
cast_source,src/source/Engine/Object/ZzzCharacter.cpp,8817,CreateSprite,BITMAP_LIGHT,,unknown,unscoped_candidate,
cast_source,src/source/Engine/Object/ZzzCharacter.cpp,8850,CreateSprite,BITMAP_LIGHT,,unknown,unscoped_candidate,
cast_source,src/source/Engine/Object/ZzzCharacter.cpp,8855,CreateJoint,BITMAP_JOINT_THUNDER,,unknown,unscoped_candidate,
cast_source,src/source/Engine/Object/ZzzCharacter.cpp,8863,CreateSprite,BITMAP_LIGHT,,unknown,unscoped_candidate,
cast_source,src/source/Engine/Object/ZzzCharacter.cpp,8875,CreateParticle,BITMAP_FIRE,,unknown,unscoped_candidate,
cast_source,src/source/Engine/Object/ZzzCharacter.cpp,9013,CreateEffect,MODEL_MOONHARVEST_MOON,,unknown,unscoped_candidate,
cast_source,src/source/Engine/Object/ZzzCharacter.cpp,9016,CreateParticle,BITMAP_EXPLOTION_MONO,,unknown,unscoped_candidate,
cast_source,src/source/Engine/Object/ZzzCharacter.cpp,9021,CreateParticle,BITMAP_SPARK+1,,unknown,unscoped_candidate,
cast_source,src/source/Engine/Object/ZzzCharacter.cpp,9026,CreateParticle,BITMAP_SPARK+1,,unknown,unscoped_candidate,
cast_source,src/source/Engine/Object/ZzzCharacter.cpp,9035,CreateEffect,MODEL_MOONHARVEST_GAM,,unknown,unscoped_candidate,
cast_source,src/source/Engine/Object/ZzzCharacter.cpp,9042,CreateEffect,MODEL_MOONHARVEST_SONGPUEN1,,unknown,unscoped_candidate,
cast_source,src/source/Engine/Object/ZzzCharacter.cpp,9043,CreateEffect,MODEL_MOONHARVEST_SONGPUEN2,,unknown,unscoped_candidate,
cast_source,src/source/Engine/Object/ZzzCharacter.cpp,9051,CreateEffect,MODEL_NEWYEARSDAY_EVENT_BEKSULKI,,unknown,unscoped_candidate,
cast_source,src/source/Engine/Object/ZzzCharacter.cpp,9063,CreateSprite,BITMAP_LIGHT,,unknown,unscoped_candidate,
cast_source,src/source/Engine/Object/ZzzCharacter.cpp,9072,CreateSprite,BITMAP_LIGHT,,unknown,unscoped_candidate,
cast_source,src/source/Engine/Object/ZzzCharacter.cpp,9076,CreateSprite,BITMAP_LIGHT,,unknown,unscoped_candidate,
cast_source,src/source/Engine/Object/ZzzCharacter.cpp,9080,CreateSprite,BITMAP_LIGHT,,unknown,unscoped_candidate,
cast_source,src/source/Engine/Object/ZzzCharacter.cpp,9105,CreateParticle,BITMAP_CHERRYBLOSSOM_EVENT_PETAL,,unknown,unscoped_candidate,
cast_source,src/source/Engine/Object/ZzzCharacter.cpp,9115,CreateParticle,BITMAP_SPARK+1,,unknown,unscoped_candidate,
cast_source,src/source/Engine/Object/ZzzCharacter.cpp,9116,CreateParticle,BITMAP_SPARK+1,,unknown,unscoped_candidate,
cast_source,src/source/Engine/Object/ZzzCharacter.cpp,9120,CreateSprite,BITMAP_LIGHT,,unknown,unscoped_candidate,
cast_source,src/source/Engine/Object/ZzzCharacter.cpp,9126,CreateSprite,BITMAP_LIGHT,,unknown,unscoped_candidate,
cast_source,src/source/Engine/Object/ZzzCharacter.cpp,9135,CreateSprite,BITMAP_LIGHT,,unknown,unscoped_candidate,
cast_source,src/source/Engine/Object/ZzzCharacter.cpp,9149,CreateParticle,BITMAP_SPARK+1,,unknown,unscoped_candidate,
cast_source,src/source/Engine/Object/ZzzCharacter.cpp,9305,CreateParticle,BITMAP_TWINTAIL_WATER,,unknown,unscoped_candidate,
cast_source,src/source/Engine/Object/ZzzCharacter.cpp,9447,CreateSprite,BITMAP_LIGHT,,unknown,unscoped_candidate,
cast_source,src/source/Engine/Object/ZzzCharacter.cpp,9452,CreateSprite,BITMAP_LIGHT,,unknown,unscoped_candidate,
cast_source,src/source/Engine/Object/ZzzCharacter.cpp,10048,CreateEffect,BITMAP_FLARE_FORCE,,unknown,unscoped_candidate,
cast_source,src/source/Engine/Object/ZzzCharacter.cpp,10051,CreateEffect,MODEL_DARKLORD_SKILL,,unknown,unscoped_candidate,DarkLordSkill
cast_source,src/source/Engine/Object/ZzzCharacter.cpp,10061,CreateEffect,BITMAP_FLARE_FORCE,,unknown,unscoped_candidate,
cast_source,src/source/Engine/Object/ZzzCharacter.cpp,10064,CreateEffect,MODEL_DARKLORD_SKILL,,unknown,unscoped_candidate,DarkLordSkill
cast_source,src/source/Engine/Object/ZzzCharacter.cpp,10227,CreateJoint,BITMAP_FLARE+1,MODEL_DARK_BREAKER,native_case,unscoped_candidate,
cast_source,src/source/Engine/Object/ZzzCharacter.cpp,10233,CreateJoint,BITMAP_FLARE+1,MODEL_DARK_BREAKER,native_case,unscoped_candidate,
cast_source,src/source/Engine/Object/ZzzCharacter.cpp,10246,CreateSprite,BITMAP_SHINY+1,MODEL_THUNDER_BLADE,native_case,unscoped_candidate,
cast_source,src/source/Engine/Object/ZzzCharacter.cpp,10252,CreateJoint,BITMAP_JOINT_THUNDER,MODEL_THUNDER_BLADE,native_case,unscoped_candidate,
cast_source,src/source/Engine/Object/ZzzCharacter.cpp,10253,CreateJoint,BITMAP_JOINT_THUNDER,MODEL_THUNDER_BLADE,native_case,unscoped_candidate,
cast_source,src/source/Engine/Object/ZzzCharacter.cpp,10254,CreateJoint,BITMAP_JOINT_THUNDER,MODEL_THUNDER_BLADE,native_case,unscoped_candidate,
cast_source,src/source/Engine/Object/ZzzCharacter.cpp,10262,CreateSprite,BITMAP_SHINY+1,MODEL_DRAGON_SOUL_STAFF,native_case,unscoped_candidate,
cast_source,src/source/Engine/Object/ZzzCharacter.cpp,10263,CreateSprite,BITMAP_LIGHT,MODEL_DRAGON_SOUL_STAFF,native_case,unscoped_candidate,
cast_source,src/source/Engine/Object/ZzzCharacter.cpp,10267,CreateSprite,BITMAP_LIGHT,MODEL_DRAGON_SOUL_STAFF,native_case,unscoped_candidate,
cast_source,src/source/Engine/Object/ZzzCharacter.cpp,10274,CreateSprite,BITMAP_SHINY+1,MODEL_GORGON_STAFF,native_case,unscoped_candidate,
cast_source,src/source/Engine/Object/ZzzCharacter.cpp,10281,CreateSprite,BITMAP_SHINY+1,MODEL_LEGENDARY_SHIELD,native_case,unscoped_candidate,
cast_source,src/source/Engine/Object/ZzzCharacter.cpp,10288,CreateSprite,BITMAP_SHINY+1,MODEL_LEGENDARY_STAFF,native_case,unscoped_candidate,
cast_source,src/source/Engine/Object/ZzzCharacter.cpp,10289,CreateSprite,BITMAP_LIGHTNING+1,MODEL_LEGENDARY_STAFF,native_case,unscoped_candidate,
cast_source,src/source/Engine/Object/ZzzCharacter.cpp,10306,CreateSprite,BITMAP_SPARK,MODEL_STAFF_OF_RESURRECTION,native_case,unscoped_candidate,
cast_source,src/source/Engine/Object/ZzzCharacter.cpp,10307,CreateSprite,BITMAP_SHINY+2,MODEL_STAFF_OF_RESURRECTION,native_case,unscoped_candidate,
cast_source,src/source/Engine/Object/ZzzCharacter.cpp,10315,CreateParticle,BITMAP_SPARK,MODEL_STAFF_OF_RESURRECTION,native_case,unscoped_candidate,
cast_source,src/source/Engine/Object/ZzzCharacter.cpp,10326,CreateSprite,BITMAP_LIGHT,MODEL_STAFF_OF_RESURRECTION,native_case,unscoped_candidate,
cast_source,src/source/Engine/Object/ZzzCharacter.cpp,10335,CreateSprite,BITMAP_SHINY+1,MODEL_VIOLENT_WIND_STICK,native_case,unscoped_candidate,
cast_source,src/source/Engine/Object/ZzzCharacter.cpp,10337,CreateSprite,BITMAP_SHINY+1,MODEL_VIOLENT_WIND_STICK,native_case,unscoped_candidate,
cast_source,src/source/Engine/Object/ZzzCharacter.cpp,10344,CreateSprite,BITMAP_SHINY+1,MODEL_RED_WING_STICK,native_case,unscoped_candidate,
cast_source,src/source/Engine/Object/ZzzCharacter.cpp,10345,CreateSprite,BITMAP_SHINY+1,MODEL_RED_WING_STICK,native_case,unscoped_candidate,
cast_source,src/source/Engine/Object/ZzzCharacter.cpp,10387,CreateSprite,BITMAP_EVENT_CLOUD,MODEL_ETERNAL_WING_STICK,native_case,unscoped_candidate,
cast_source,src/source/Engine/Object/ZzzCharacter.cpp,10388,CreateSprite,BITMAP_EVENT_CLOUD,MODEL_ETERNAL_WING_STICK,native_case,unscoped_candidate,
cast_source,src/source/Engine/Object/ZzzCharacter.cpp,10394,CreateParticle,BITMAP_SPARK+1,MODEL_ETERNAL_WING_STICK,native_case,unscoped_candidate,
cast_source,src/source/Engine/Object/ZzzCharacter.cpp,10395,CreateParticle,BITMAP_SPARK+1,MODEL_ETERNAL_WING_STICK,native_case,unscoped_candidate,
cast_source,src/source/Engine/Object/ZzzCharacter.cpp,10400,CreateParticle,BITMAP_SPARK+1,MODEL_ETERNAL_WING_STICK,native_case,unscoped_candidate,
cast_source,src/source/Engine/Object/ZzzCharacter.cpp,10413,CreateSprite,BITMAP_LIGHT,MODEL_SAINT_CROSSBOW,native_case,unscoped_candidate,
cast_source,src/source/Engine/Object/ZzzCharacter.cpp,10426,CreateSprite,BITMAP_LIGHT,MODEL_CRYSTAL_SWORD,native_case,unscoped_candidate,
cast_source,src/source/Engine/Object/ZzzCharacter.cpp,10436,CreateSprite,BITMAP_SHINY+1,MODEL_CHAOS_DRAGON_AXE,native_case,unscoped_candidate,
cast_source,src/source/Engine/Object/ZzzCharacter.cpp,10442,CreateSprite,BITMAP_SHINY+1,MODEL_CHAOS_DRAGON_AXE,native_case,unscoped_candidate,
cast_source,src/source/Engine/Object/ZzzCharacter.cpp,10464,CreateSprite,BITMAP_LIGHT,MODEL_AQUAGOLD_CROSSBOW,native_case,unscoped_candidate,
cast_source,src/source/Engine/Object/ZzzCharacter.cpp,10473,CreateSprite,BITMAP_LIGHT,MODEL_AQUAGOLD_CROSSBOW,native_case,unscoped_candidate,
cast_source,src/source/Engine/Object/ZzzCharacter.cpp,10505,CreateSprite,BITMAP_SPARK+1,MODEL_PLAYER,native_case,unscoped_candidate,
cast_source,src/source/Engine/Object/ZzzCharacter.cpp,10508,CreateSprite,BITMAP_SHINY+1,MODEL_PLAYER,native_case,unscoped_candidate,
cast_source,src/source/Engine/Object/ZzzCharacter.cpp,10519,CreateEffect,BITMAP_GATHERING,MODEL_PLAYER,native_case,unscoped_candidate,
cast_source,src/source/Engine/Object/ZzzCharacter.cpp,10541,CreateJoint,BITMAP_JOINT_ENERGY,MODEL_PLAYER,native_case,unscoped_candidate,
cast_source,src/source/Engine/Object/ZzzCharacter.cpp,10542,CreateJoint,BITMAP_JOINT_ENERGY,MODEL_PLAYER,native_case,unscoped_candidate,
cast_source,src/source/Engine/Object/ZzzCharacter.cpp,10556,CreateEffect,MODEL_DARKLORD_SKILL,MODEL_PLAYER,native_case,unscoped_candidate,DarkLordSkill
cast_source,src/source/Engine/Object/ZzzCharacter.cpp,10559,CreateEffect,MODEL_DARKLORD_SKILL,MODEL_PLAYER,native_case,unscoped_candidate,DarkLordSkill
cast_source,src/source/Engine/Object/ZzzCharacter.cpp,10569,CreateSprite,BITMAP_LIGHTNING+1,,unknown,unscoped_candidate,
cast_source,src/source/Engine/Object/ZzzCharacter.cpp,10570,CreateSprite,BITMAP_LIGHTNING+1,,unknown,unscoped_candidate,
cast_source,src/source/Engine/Object/ZzzCharacter.cpp,10571,CreateSprite,BITMAP_LIGHTNING+1,,unknown,unscoped_candidate,
cast_source,src/source/Engine/Object/ZzzCharacter.cpp,10589,CreateEffect,MODEL_FENRIR_THUNDER,,unknown,unscoped_candidate,
cast_source,src/source/Engine/Object/ZzzCharacter.cpp,10590,CreateEffect,MODEL_FENRIR_THUNDER,,unknown,unscoped_candidate,
cast_source,src/source/Engine/Object/ZzzCharacter.cpp,10641,CreateSprite,BITMAP_SHINY+5,,unknown,unscoped_candidate,
cast_source,src/source/Engine/Object/ZzzCharacter.cpp,10642,CreateSprite,BITMAP_SHINY+5,,unknown,unscoped_candidate,
cast_source,src/source/Engine/Object/ZzzCharacter.cpp,10646,CreateSprite,BITMAP_SHINY+5,,unknown,unscoped_candidate,
cast_source,src/source/Engine/Object/ZzzCharacter.cpp,10647,CreateSprite,BITMAP_SHINY+5,,unknown,unscoped_candidate,
cast_source,src/source/Engine/Object/ZzzCharacter.cpp,10687,CreateSprite,BITMAP_PIN_LIGHT,,unknown,unscoped_candidate,
cast_source,src/source/Engine/Object/ZzzCharacter.cpp,10688,CreateSprite,BITMAP_PIN_LIGHT,,unknown,unscoped_candidate,
cast_source,src/source/Engine/Object/ZzzCharacter.cpp,10692,CreateSprite,BITMAP_PIN_LIGHT,,unknown,unscoped_candidate,
cast_source,src/source/Engine/Object/ZzzCharacter.cpp,10693,CreateSprite,BITMAP_PIN_LIGHT,,unknown,unscoped_candidate,
cast_source,src/source/Engine/Object/ZzzCharacter.cpp,10734,CreateParticle,BITMAP_LIGHT+2,,unknown,unscoped_candidate,
cast_source,src/source/Engine/Object/ZzzCharacter.cpp,10735,CreateParticle,BITMAP_CLUD64,,unknown,unscoped_candidate,
cast_source,src/source/Engine/Object/ZzzCharacter.cpp,10739,CreateParticle,BITMAP_LIGHT+2,,unknown,unscoped_candidate,
cast_source,src/source/Engine/Object/ZzzCharacter.cpp,10740,CreateParticle,BITMAP_CLUD64,,unknown,unscoped_candidate,
cast_source,src/source/Engine/Object/ZzzCharacter.cpp,10755,CreateEffect,MODEL_FENRIR_THUNDER,,unknown,unscoped_candidate,
cast_source,src/source/Engine/Object/ZzzCharacter.cpp,10756,CreateEffect,MODEL_FENRIR_THUNDER,,unknown,unscoped_candidate,
cast_source,src/source/Engine/Object/ZzzCharacter.cpp,10759,CreateSprite,BITMAP_LIGHT,,unknown,unscoped_candidate,
cast_source,src/source/Engine/Object/ZzzCharacter.cpp,10764,CreateEffect,MODEL_FENRIR_THUNDER,,unknown,unscoped_candidate,
cast_source,src/source/Engine/Object/ZzzCharacter.cpp,10765,CreateEffect,MODEL_FENRIR_THUNDER,,unknown,unscoped_candidate,
cast_source,src/source/Engine/Object/ZzzCharacter.cpp,10768,CreateSprite,BITMAP_LIGHT,,unknown,unscoped_candidate,
cast_source,src/source/Engine/Object/ZzzCharacter.cpp,10780,CreateSprite,BITMAP_SHINY+1,,unknown,unscoped_candidate,
cast_source,src/source/Engine/Object/ZzzCharacter.cpp,10782,CreateSprite,BITMAP_SHINY+1,,unknown,unscoped_candidate,
cast_source,src/source/Engine/Object/ZzzCharacter.cpp,10784,CreateSprite,BITMAP_SHINY+1,,unknown,unscoped_candidate,
cast_source,src/source/Engine/Object/ZzzCharacter.cpp,10791,CreateJoint,MODEL_SPEARSKILL,,unknown,unscoped_candidate,
cast_source,src/source/Engine/Object/ZzzCharacter.cpp,10804,CreateJoint,MODEL_SPEARSKILL,,unknown,unscoped_candidate,
cast_source,src/source/Engine/Object/ZzzCharacter.cpp,10823,CreateJoint,MODEL_SPEARSKILL,,unknown,unscoped_candidate,
cast_source,src/source/Engine/Object/ZzzCharacter.cpp,10838,CreateJoint,BITMAP_FLARE,,unknown,unscoped_candidate,
cast_source,src/source/Engine/Object/ZzzCharacter.cpp,10855,CreateEffect,BITMAP_ORORA,,unknown,unscoped_candidate,
cast_source,src/source/Engine/Object/ZzzCharacter.cpp,10857,CreateEffect,BITMAP_SPARK+2,,unknown,unscoped_candidate,
cast_source,src/source/Engine/Object/ZzzCharacter.cpp,10859,CreateEffect,BITMAP_LIGHT_MARKS,,unknown,unscoped_candidate,
cast_source,src/source/Engine/Object/ZzzCharacter.cpp,10879,CreateEffect,MODEL_ALICE_BUFFSKILL_EFFECT,,unknown,unscoped_candidate,AliceBuffSkillEffect
cast_source,src/source/Engine/Object/ZzzCharacter.cpp,10893,CreateEffect,MODEL_ALICE_BUFFSKILL_EFFECT,,unknown,unscoped_candidate,AliceBuffSkillEffect
cast_source,src/source/Engine/Object/ZzzCharacter.cpp,10907,CreateEffect,BITMAP_SHINY+6,,unknown,unscoped_candidate,
cast_source,src/source/Engine/Object/ZzzCharacter.cpp,10908,CreateEffect,BITMAP_PIN_LIGHT,,unknown,unscoped_candidate,
cast_source,src/source/Engine/Object/ZzzCharacter.cpp,10923,CreateEffect,BITMAP_SHINY+6,,unknown,unscoped_candidate,
cast_source,src/source/Engine/Object/ZzzCharacter.cpp,10924,CreateEffect,BITMAP_PIN_LIGHT,,unknown,unscoped_candidate,
cast_source,src/source/Engine/Object/ZzzCharacter.cpp,10959,CreateEffect,MODEL_SWELL_OF_MAGICPOWER_BUFF_EFF,,unknown,unscoped_candidate,
cast_source,src/source/Engine/Object/ZzzCharacter.cpp,10980,CreateEffect,BITMAP_LIGHT,,unknown,unscoped_candidate,
cast_source,src/source/Engine/Object/ZzzCharacter.cpp,10996,CreateSprite,BITMAP_LIGHT,,unknown,unscoped_candidate,
cast_source,src/source/Engine/Object/ZzzCharacter.cpp,10998,CreateSprite,BITMAP_LIGHT,,unknown,unscoped_candidate,
cast_source,src/source/Engine/Object/ZzzCharacter.cpp,11000,CreateSprite,BITMAP_LIGHT,,unknown,unscoped_candidate,
cast_source,src/source/Engine/Object/ZzzCharacter.cpp,11020,CreateParticle,BITMAP_WATERFALL_2,,unknown,unscoped_candidate,
cast_source,src/source/Engine/Object/ZzzCharacter.cpp,11023,CreateParticle,BITMAP_WATERFALL_2,,unknown,unscoped_candidate,
cast_source,src/source/Engine/Object/ZzzCharacter.cpp,11026,CreateParticle,BITMAP_WATERFALL_2,,unknown,unscoped_candidate,
cast_source,src/source/Engine/Object/ZzzCharacter.cpp,11032,CreateParticle,BITMAP_WATERFALL_2,,unknown,unscoped_candidate,
cast_source,src/source/Engine/Object/ZzzCharacter.cpp,11035,CreateParticle,BITMAP_WATERFALL_2,,unknown,unscoped_candidate,
cast_source,src/source/Engine/Object/ZzzCharacter.cpp,11038,CreateParticle,BITMAP_WATERFALL_2,,unknown,unscoped_candidate,
cast_source,src/source/Engine/Object/ZzzCharacter.cpp,11044,CreateParticle,BITMAP_WATERFALL_2,,unknown,unscoped_candidate,
cast_source,src/source/Engine/Object/ZzzCharacter.cpp,11047,CreateParticle,BITMAP_WATERFALL_2,,unknown,unscoped_candidate,
cast_source,src/source/Engine/Object/ZzzCharacter.cpp,11050,CreateParticle,BITMAP_WATERFALL_2,,unknown,unscoped_candidate,
cast_source,src/source/Engine/Object/ZzzCharacter.cpp,11056,CreateParticle,BITMAP_WATERFALL_2,,unknown,unscoped_candidate,
cast_source,src/source/Engine/Object/ZzzCharacter.cpp,11059,CreateParticle,BITMAP_WATERFALL_2,,unknown,unscoped_candidate,
cast_source,src/source/Engine/Object/ZzzCharacter.cpp,11062,CreateParticle,BITMAP_WATERFALL_2,,unknown,unscoped_candidate,
cast_source,src/source/Engine/Object/ZzzCharacter.cpp,11068,CreateParticle,BITMAP_WATERFALL_2,,unknown,unscoped_candidate,
cast_source,src/source/Engine/Object/ZzzCharacter.cpp,11071,CreateParticle,BITMAP_WATERFALL_2,,unknown,unscoped_candidate,
cast_source,src/source/Engine/Object/ZzzCharacter.cpp,11074,CreateParticle,BITMAP_WATERFALL_2,,unknown,unscoped_candidate,
cast_source,src/source/Engine/Object/ZzzCharacter.cpp,11080,CreateParticle,BITMAP_WATERFALL_2,,unknown,unscoped_candidate,
cast_source,src/source/Engine/Object/ZzzCharacter.cpp,11083,CreateParticle,BITMAP_WATERFALL_2,,unknown,unscoped_candidate,
cast_source,src/source/Engine/Object/ZzzCharacter.cpp,11086,CreateParticle,BITMAP_WATERFALL_2,,unknown,unscoped_candidate,
cast_source,src/source/Engine/Object/ZzzCharacter.cpp,11102,CreateParticle,BITMAP_FLARE,,unknown,unscoped_candidate,
cast_source,src/source/Engine/Object/ZzzCharacter.cpp,11108,CreateJoint,BITMAP_FLARE,,unknown,unscoped_candidate,
cast_source,src/source/Engine/Object/ZzzCharacter.cpp,11112,CreateParticle,BITMAP_FLARE,,unknown,unscoped_candidate,
cast_source,src/source/Engine/Object/ZzzCharacter.cpp,11119,CreateJoint,BITMAP_FLARE,,unknown,unscoped_candidate,
cast_source,src/source/Engine/Object/ZzzCharacter.cpp,11120,CreateJoint,BITMAP_FLARE,,unknown,unscoped_candidate,
cast_source,src/source/Engine/Object/ZzzCharacter.cpp,11124,CreateParticle,BITMAP_FLARE,,unknown,unscoped_candidate,
cast_source,src/source/Engine/Object/ZzzCharacter.cpp,11131,CreateJoint,BITMAP_FLARE,,unknown,unscoped_candidate,
cast_source,src/source/Engine/Object/ZzzCharacter.cpp,11132,CreateJoint,BITMAP_FLARE,,unknown,unscoped_candidate,
cast_source,src/source/Engine/Object/ZzzCharacter.cpp,11137,CreateParticle,BITMAP_FLARE,,unknown,unscoped_candidate,
cast_source,src/source/Engine/Object/ZzzCharacter.cpp,11138,CreateJoint,BITMAP_FLARE+1,,unknown,unscoped_candidate,
cast_source,src/source/Engine/Object/ZzzCharacter.cpp,11145,CreateJoint,BITMAP_FLARE,,unknown,unscoped_candidate,
cast_source,src/source/Engine/Object/ZzzCharacter.cpp,11146,CreateJoint,BITMAP_FLARE,,unknown,unscoped_candidate,
cast_source,src/source/Engine/Object/ZzzCharacter.cpp,11151,CreateParticle,BITMAP_FLARE,,unknown,unscoped_candidate,
cast_source,src/source/Engine/Object/ZzzCharacter.cpp,11152,CreateJoint,BITMAP_FLARE+1,,unknown,unscoped_candidate,
cast_source,src/source/Engine/Object/ZzzCharacter.cpp,11159,CreateJoint,BITMAP_FLARE,,unknown,unscoped_candidate,
cast_source,src/source/Engine/Object/ZzzCharacter.cpp,11160,CreateJoint,BITMAP_FLARE,,unknown,unscoped_candidate,
cast_source,src/source/Engine/Object/ZzzCharacter.cpp,11165,CreateParticle,BITMAP_FLARE,,unknown,unscoped_candidate,
cast_source,src/source/Engine/Object/ZzzCharacter.cpp,11166,CreateJoint,BITMAP_FLARE+1,,unknown,unscoped_candidate,
cast_source,src/source/Engine/Object/ZzzCharacter.cpp,11181,CreateJoint,BITMAP_JOINT_ENERGY,,unknown,unscoped_candidate,
cast_source,src/source/Engine/Object/ZzzCharacter.cpp,11184,CreateSprite,BITMAP_SHINY+6,,unknown,unscoped_candidate,
cast_source,src/source/Engine/Object/ZzzCharacter.cpp,11187,CreateSprite,BITMAP_PIN_LIGHT,,unknown,unscoped_candidate,
cast_source,src/source/Engine/Object/ZzzCharacter.cpp,11195,CreateJoint,BITMAP_JOINT_ENERGY,,unknown,unscoped_candidate,
cast_source,src/source/Engine/Object/ZzzCharacter.cpp,11198,CreateSprite,BITMAP_SHINY+6,,unknown,unscoped_candidate,
cast_source,src/source/Engine/Object/ZzzCharacter.cpp,11201,CreateSprite,BITMAP_PIN_LIGHT,,unknown,unscoped_candidate,
cast_source,src/source/Engine/Object/ZzzCharacter.cpp,11257,CreateSprite,BITMAP_LIGHTNING+1,MODEL_NPC_DEVILSQUARE,native_case,unscoped_candidate,
cast_source,src/source/Engine/Object/ZzzCharacter.cpp,11258,CreateSprite,BITMAP_LIGHTNING+1,MODEL_NPC_DEVILSQUARE,native_case,unscoped_candidate,
cast_source,src/source/Engine/Object/ZzzCharacter.cpp,11266,CreateJoint,BITMAP_JOINT_ENERGY,MODEL_NPC_DEVILSQUARE,native_case,unscoped_candidate,
cast_source,src/source/Engine/Object/ZzzCharacter.cpp,11282,CreateSprite,BITMAP_LIGHT,MODEL_NPC_CASTEL_GATE,native_case,unscoped_candidate,
cast_source,src/source/Engine/Object/ZzzCharacter.cpp,11283,CreateSprite,BITMAP_KANTURU_2ND_EFFECT1,MODEL_NPC_CASTEL_GATE,native_case,unscoped_candidate,
cast_source,src/source/Engine/Object/ZzzCharacter.cpp,11288,CreateSprite,BITMAP_LIGHT,MODEL_NPC_CASTEL_GATE,native_case,unscoped_candidate,
cast_source,src/source/Engine/Object/ZzzCharacter.cpp,11289,CreateSprite,BITMAP_KANTURU_2ND_EFFECT1,MODEL_NPC_CASTEL_GATE,native_case,unscoped_candidate,
cast_source,src/source/Engine/Object/ZzzCharacter.cpp,11304,CreateParticle,BITMAP_FLAME,MODEL_NPC_CASTEL_GATE,native_case,unscoped_candidate,
cast_source,src/source/Engine/Object/ZzzCharacter.cpp,11333,CreateSprite,BITMAP_SHINY+1,MODEL_SHADOW,native_case,unscoped_candidate,
cast_source,src/source/Engine/Object/ZzzCharacter.cpp,11335,CreateSprite,BITMAP_MAGIC+1,MODEL_SHADOW,native_case,unscoped_candidate,
cast_source,src/source/Engine/Object/ZzzCharacter.cpp,11338,CreateParticle,BITMAP_ENERGY,MODEL_SHADOW,native_case,unscoped_candidate,
cast_source,src/source/Engine/Object/ZzzCharacter.cpp,11340,CreateParticle,BITMAP_SMOKE,MODEL_SHADOW,native_case,unscoped_candidate,
cast_source,src/source/Engine/Object/ZzzCharacter.cpp,11353,CreateSprite,BITMAP_FLARE,MODEL_SEED_MASTER,native_case,unscoped_candidate,
cast_source,src/source/Engine/Object/ZzzCharacter.cpp,11366,CreateSprite,BITMAP_FLARE_BLUE,MODEL_SEED_INVESTIGATOR,native_case,unscoped_candidate,
cast_source,src/source/Engine/Object/ZzzCharacter.cpp,11503,CreateEffect,MODEL_PROTECTGUILD,,unknown,unscoped_candidate,
cast_source,src/source/Engine/Object/ZzzCharacter.cpp,13541,CreateJoint,BITMAP_JOINT_ENERGY,,unknown,unscoped_candidate,
cast_source,src/source/Engine/Object/ZzzCharacter.cpp,13542,CreateJoint,BITMAP_JOINT_ENERGY,,unknown,unscoped_candidate,
cast_source,src/source/Engine/Object/ZzzCharacter.cpp,13552,CreateJoint,BITMAP_JOINT_ENERGY,,unknown,unscoped_candidate,
cast_source,src/source/Engine/Object/ZzzCharacter.cpp,13553,CreateJoint,BITMAP_JOINT_ENERGY,,unknown,unscoped_candidate,
cast_source,src/source/Engine/Object/ZzzCharacter.cpp,13697,CreateJoint,BITMAP_JOINT_ENERGY,,unknown,unscoped_candidate,
cast_source,src/source/Engine/Object/ZzzCharacter.cpp,13698,CreateJoint,BITMAP_JOINT_ENERGY,,unknown,unscoped_candidate,
cast_source,src/source/Engine/Object/ZzzCharacter.cpp,13715,CreateJoint,BITMAP_JOINT_ENERGY,,unknown,unscoped_candidate,
cast_source,src/source/Engine/Object/ZzzCharacter.cpp,13716,CreateJoint,BITMAP_JOINT_ENERGY,,unknown,unscoped_candidate,
cast_source,src/source/Engine/Object/ZzzCharacter.cpp,13723,CreateJoint,BITMAP_JOINT_ENERGY,,unknown,unscoped_candidate,
cast_source,src/source/Engine/Object/ZzzCharacter.cpp,13724,CreateJoint,BITMAP_JOINT_ENERGY,,unknown,unscoped_candidate,
cast_source,src/source/Engine/Object/ZzzCharacter.cpp,13744,CreateJoint,BITMAP_JOINT_ENERGY,,unknown,unscoped_candidate,
cast_source,src/source/Engine/Object/ZzzCharacter.cpp,13745,CreateJoint,BITMAP_JOINT_ENERGY,,unknown,unscoped_candidate,
cast_source,src/source/Engine/Object/ZzzCharacter.cpp,13754,CreateJoint,BITMAP_JOINT_ENERGY,,unknown,unscoped_candidate,
cast_source,src/source/Engine/Object/ZzzCharacter.cpp,13755,CreateJoint,BITMAP_JOINT_ENERGY,,unknown,unscoped_candidate,
cast_source,src/source/Engine/Object/ZzzCharacter.cpp,14248,CreateJoint,BITMAP_JOINT_ENERGY,,unknown,unscoped_candidate,
cast_source,src/source/Engine/Object/ZzzCharacter.cpp,14249,CreateJoint,BITMAP_JOINT_ENERGY,,unknown,unscoped_candidate,
cast_source,src/source/Engine/Object/ZzzCharacter.cpp,14423,CreateJoint,BITMAP_FLARE,,unknown,unscoped_candidate,
cast_source,src/source/Engine/Object/ZzzCharacter.cpp,15099,CreateJoint,BITMAP_JOINT_THUNDER+1,,unknown,unscoped_candidate,
cast_source,src/source/Engine/Object/ZzzCharacter.cpp,15100,CreateJoint,BITMAP_JOINT_THUNDER+1,,unknown,unscoped_candidate,
cast_source,src/source/Engine/Object/ZzzCharacter.cpp,15101,CreateJoint,BITMAP_JOINT_THUNDER+1,,unknown,unscoped_candidate,
cast_source,src/source/Engine/Object/ZzzCharacter.cpp,15102,CreateJoint,BITMAP_JOINT_THUNDER+1,,unknown,unscoped_candidate,
cast_source,src/source/Engine/Object/ZzzCharacter.cpp,15453,CreateSprite,BITMAP_LIGHT,MODEL_CAPE_OF_OVERRULE,native_case,unscoped_candidate,
cast_source,src/source/Render/Effects/ZzzEffectMagicSkill.cpp,157,CreateParticle,BITMAP_SHINY+1,,unknown,unscoped_candidate,
cast_source,src/source/Render/Effects/ZzzEffectMagicSkill.cpp,158,CreateParticle,BITMAP_SHINY+1,,unknown,unscoped_candidate,
cast_source,src/source/Render/Effects/ZzzEffectMagicSkill.cpp,168,CreateEffect,BITMAP_SPARK+1,,unknown,unscoped_candidate,
cast_source,src/source/Render/Effects/ZzzEffectMagicSkill.cpp,179,CreateEffect,BITMAP_SPARK+1,,unknown,unscoped_candidate,
cast_source,src/source/Render/Effects/ZzzEffectMagicSkill.cpp,225,CreateEffect,MODEL_ARROW_IMPACT,,unknown,unscoped_candidate,
cast_source,src/source/Render/Effects/ZzzEffectMagicSkill.cpp,232,CreateEffect,MODEL_ARROW_STEEL,MODEL_CROSSBOW,native_case,unscoped_candidate,
cast_source,src/source/Render/Effects/ZzzEffectMagicSkill.cpp,235,CreateEffect,MODEL_ARROW_STEEL,MODEL_GOLDEN_CROSSBOW,native_case,unscoped_candidate,
cast_source,src/source/Render/Effects/ZzzEffectMagicSkill.cpp,238,CreateEffect,MODEL_ARROW_SAW,MODEL_ARQUEBUS,native_case,unscoped_candidate,
cast_source,src/source/Render/Effects/ZzzEffectMagicSkill.cpp,241,CreateEffect,MODEL_ARROW_LASER,MODEL_LIGHT_CROSSBOW,native_case,unscoped_candidate,
cast_source,src/source/Render/Effects/ZzzEffectMagicSkill.cpp,244,CreateEffect,MODEL_ARROW_THUNDER,MODEL_SERPENT_CROSSBOW,native_case,unscoped_candidate,
cast_source,src/source/Render/Effects/ZzzEffectMagicSkill.cpp,247,CreateEffect,MODEL_ARROW_WING,MODEL_BLUEWING_CROSSBOW,native_case,unscoped_candidate,
cast_source,src/source/Render/Effects/ZzzEffectMagicSkill.cpp,250,CreateEffect,MODEL_ARROW_BOMB,MODEL_AQUAGOLD_CROSSBOW,native_case,unscoped_candidate,
cast_source,src/source/Render/Effects/ZzzEffectMagicSkill.cpp,253,CreateEffect,MODEL_ARROW_DOUBLE,MODEL_SAINT_CROSSBOW,native_case,unscoped_candidate,
cast_source,src/source/Render/Effects/ZzzEffectMagicSkill.cpp,256,CreateEffect,MODEL_ARROW_BEST_CROSSBOW,MODEL_DIVINE_CB_OF_ARCHANGEL,native_case,unscoped_candidate,
cast_source,src/source/Render/Effects/ZzzEffectMagicSkill.cpp,260,CreateEffect,MODEL_ARROW_DRILL,MODEL_GREAT_REIGN_CROSSBOW,native_case,unscoped_candidate,
cast_source,src/source/Render/Effects/ZzzEffectMagicSkill.cpp,266,CreateEffect,MODEL_ARROW,MODEL_BOW,native_case,unscoped_candidate,
cast_source,src/source/Render/Effects/ZzzEffectMagicSkill.cpp,269,CreateEffect,MODEL_ARROW,MODEL_SMALL_BOW,native_case,unscoped_candidate,
cast_source,src/source/Render/Effects/ZzzEffectMagicSkill.cpp,272,CreateEffect,MODEL_ARROW_V,MODEL_ELVEN_BOW,native_case,unscoped_candidate,
cast_source,src/source/Render/Effects/ZzzEffectMagicSkill.cpp,275,CreateEffect,MODEL_ARROW,MODEL_BATTLE_BOW,native_case,unscoped_candidate,
cast_source,src/source/Render/Effects/ZzzEffectMagicSkill.cpp,278,CreateEffect,MODEL_ARROW,MODEL_TIGER_BOW,native_case,unscoped_candidate,
cast_source,src/source/Render/Effects/ZzzEffectMagicSkill.cpp,281,CreateEffect,MODEL_ARROW,MODEL_SILVER_BOW,native_case,unscoped_candidate,
cast_source,src/source/Render/Effects/ZzzEffectMagicSkill.cpp,284,CreateEffect,MODEL_ARROW_NATURE,MODEL_CHAOS_NATURE_BOW,native_case,unscoped_candidate,
cast_source,src/source/Render/Effects/ZzzEffectMagicSkill.cpp,287,CreateEffect,MODEL_ARROW_HOLY,MODEL_CELESTIAL_BOW,native_case,unscoped_candidate,
cast_source,src/source/Render/Effects/ZzzEffectMagicSkill.cpp,290,CreateEffect,MODEL_LACEARROW,MODEL_ARROW_VIPER_BOW,native_case,unscoped_candidate,
cast_source,src/source/Render/Effects/ZzzEffectMagicSkill.cpp,293,CreateEffect,MODEL_ARROW_SPARK,MODEL_SYLPH_WIND_BOW,native_case,unscoped_candidate,
cast_source,src/source/Render/Effects/ZzzEffectMagicSkill.cpp,296,CreateEffect,MODEL_ARROW_RING,MODEL_ALBATROSS_BOW,native_case,unscoped_candidate,
cast_source,src/source/Render/Effects/ZzzEffectMagicSkill.cpp,299,CreateEffect,MODEL_ARROW_DARKSTINGER,MODEL_STINGER_BOW,native_case,unscoped_candidate,
cast_source,src/source/Render/Effects/ZzzEffectMagicSkill.cpp,303,CreateEffect,MODEL_ARROW_GAMBLE,MODEL_AIR_LYN_BOW,native_case,unscoped_candidate,
cast_source,src/source/Render/Effects/ZzzEffectMagicSkill.cpp,367,CreateJoint,BITMAP_JOINT_SPARK,MODEL_AIR_LYN_BOW,native_case,unscoped_candidate,
cast_source,src/source/Render/Effects/ZzzEffectMagicSkill.cpp,369,CreateParticle,BITMAP_SPARK,MODEL_AIR_LYN_BOW,native_case,unscoped_candidate,
effect_source,src/source/Render/Effects/ZzzEffect.cpp,83,CreateJoint,BITMAP_JOINT_HEALING,,unknown,secondary_candidate,
effect_source,src/source/Render/Effects/ZzzEffect.cpp,87,CreateJoint,BITMAP_JOINT_HEALING,,unknown,secondary_candidate,
effect_source,src/source/Render/Effects/ZzzEffect.cpp,104,CreateJoint,BITMAP_JOINT_HEALING,,unknown,secondary_candidate,
effect_source,src/source/Render/Effects/ZzzEffect.cpp,284,CreateEffectFpsChecked,MODEL_STONE1,MODEL_FIRE,native_case,secondary_candidate,
effect_source,src/source/Render/Effects/ZzzEffect.cpp,289,CreateParticleFpsChecked,BITMAP_SPARK+1,BITMAP_ENERGY,native_case,secondary_candidate,
effect_source,src/source/Render/Effects/ZzzEffect.cpp,294,CreateEffectFpsChecked,MODEL_LIGHTNING_ORB,MODEL_LIGHTNING_ORB,native_case,secondary_candidate,
effect_source,src/source/Render/Effects/ZzzEffect.cpp,302,CreateEffectFpsChecked,MODEL_SNOW2,MODEL_SNOW1,native_case,secondary_candidate,
effect_source,src/source/Render/Effects/ZzzEffect.cpp,303,CreateParticleFpsChecked,BITMAP_SMOKE,MODEL_SNOW1,native_case,secondary_candidate,
effect_source,src/source/Render/Effects/ZzzEffect.cpp,313,CreateEffectFpsChecked,MODEL_WOOSISTONE,MODEL_WOOSISTONE,native_case,secondary_candidate,
effect_source,src/source/Render/Effects/ZzzEffect.cpp,314,CreateParticleFpsChecked,BITMAP_FIRE,MODEL_WOOSISTONE,native_case,secondary_candidate,
effect_source,src/source/Render/Effects/ZzzEffect.cpp,414,CreateEffect,MODEL_INFINITY_ARROW,MODEL_INFINITY_ARROW,native_case,secondary_candidate,
effect_source,src/source/Render/Effects/ZzzEffect.cpp,415,CreateEffect,MODEL_INFINITY_ARROW1,MODEL_INFINITY_ARROW,native_case,secondary_candidate,
effect_source,src/source/Render/Effects/ZzzEffect.cpp,416,CreateEffect,MODEL_INFINITY_ARROW2,MODEL_INFINITY_ARROW,native_case,secondary_candidate,
effect_source,src/source/Render/Effects/ZzzEffect.cpp,417,CreateEffect,MODEL_INFINITY_ARROW3,MODEL_INFINITY_ARROW,native_case,secondary_candidate,
effect_source,src/source/Render/Effects/ZzzEffect.cpp,418,CreateEffect,MODEL_INFINITY_ARROW4,MODEL_INFINITY_ARROW,native_case,secondary_candidate,
effect_source,src/source/Render/Effects/ZzzEffect.cpp,441,CreateEffect,MODEL_SHIELD_CRASH2,MODEL_SHIELD_CRASH,native_case,secondary_candidate,
effect_source,src/source/Render/Effects/ZzzEffect.cpp,467,CreateJoint,BITMAP_JOINT_HEALING,MODEL_IRON_RIDER_ARROW,native_case,secondary_candidate,
effect_source,src/source/Render/Effects/ZzzEffect.cpp,566,CreateJoint,MODEL_SPEARSKILL,MODEL_SUMMONER_EQUIP_HEAD_NEIL,native_case,secondary_candidate,
effect_source,src/source/Render/Effects/ZzzEffect.cpp,583,CreateJoint,MODEL_SPEARSKILL,MODEL_SUMMONER_EQUIP_HEAD_LAGUL,native_case,secondary_candidate,
effect_source,src/source/Render/Effects/ZzzEffect.cpp,603,CreateJoint,BITMAP_JOINT_ENERGY,MODEL_SUMMONER_SUMMON_LAGUL,native_case,secondary_candidate,
effect_source,src/source/Render/Effects/ZzzEffect.cpp,621,CreateEffect,BITMAP_DAMAGE_01_MONO,MODEL_LIGHTNING_SHOCK,native_case,secondary_candidate,
effect_source,src/source/Render/Effects/ZzzEffect.cpp,623,CreateEffect,BITMAP_DAMAGE_01_MONO,MODEL_LIGHTNING_SHOCK,native_case,secondary_candidate,
effect_source,src/source/Render/Effects/ZzzEffect.cpp,639,CreateEffect,BITMAP_MAGIC,MODEL_LIGHTNING_SHOCK,native_case,secondary_candidate,
effect_source,src/source/Render/Effects/ZzzEffect.cpp,647,CreateEffect,MODEL_KNIGHT_PLANCRACK_A,MODEL_LIGHTNING_SHOCK,native_case,secondary_candidate,
effect_source,src/source/Render/Effects/ZzzEffect.cpp,659,CreateEffect,MODEL_KNIGHT_PLANCRACK_A,MODEL_LIGHTNING_SHOCK,native_case,secondary_candidate,
effect_source,src/source/Render/Effects/ZzzEffect.cpp,951,CreateJoint,BITMAP_JOINT_ENERGY,MODEL_SKILL_BLAST,native_case,secondary_candidate,
effect_source,src/source/Render/Effects/ZzzEffect.cpp,1094,CreateJoint,BITMAP_FLARE+1,MODEL_PIERCING,native_case,secondary_candidate,
effect_source,src/source/Render/Effects/ZzzEffect.cpp,1095,CreateJoint,BITMAP_FLARE+1,MODEL_PIERCING,native_case,secondary_candidate,
effect_source,src/source/Render/Effects/ZzzEffect.cpp,1096,CreateJoint,BITMAP_FLARE+1,MODEL_PIERCING,native_case,secondary_candidate,
effect_source,src/source/Render/Effects/ZzzEffect.cpp,1097,CreateJoint,BITMAP_FLARE+1,MODEL_PIERCING,native_case,secondary_candidate,
effect_source,src/source/Render/Effects/ZzzEffect.cpp,1113,CreateEffect,MODEL_PIERCING,MODEL_PIERCING,native_case,secondary_candidate,
effect_source,src/source/Render/Effects/ZzzEffect.cpp,1123,CreateJoint,BITMAP_JOINT_ENERGY,MODEL_ARROW_BEST_CROSSBOW,native_case,secondary_candidate,
effect_source,src/source/Render/Effects/ZzzEffect.cpp,1127,CreateEffect,MODEL_PIERCING,MODEL_ARROW_BEST_CROSSBOW,native_case,secondary_candidate,
effect_source,src/source/Render/Effects/ZzzEffect.cpp,1142,CreateJoint,BITMAP_JOINT_ENERGY,MODEL_ARROW_DOUBLE,native_case,secondary_candidate,
effect_source,src/source/Render/Effects/ZzzEffect.cpp,1146,CreateEffect,MODEL_PIERCING,MODEL_ARROW_DOUBLE,native_case,secondary_candidate,
effect_source,src/source/Render/Effects/ZzzEffect.cpp,1174,CreateJoint,BITMAP_FLARE,MODEL_ARROW_HOLY,native_case,secondary_candidate,
effect_source,src/source/Render/Effects/ZzzEffect.cpp,1176,CreateJoint,BITMAP_FLARE,MODEL_ARROW_HOLY,native_case,secondary_candidate,
effect_source,src/source/Render/Effects/ZzzEffect.cpp,1184,CreateJoint,BITMAP_FLARE,MODEL_ARROW_HOLY,native_case,secondary_candidate,
effect_source,src/source/Render/Effects/ZzzEffect.cpp,1186,CreateJoint,BITMAP_FLARE,MODEL_ARROW_HOLY,native_case,secondary_candidate,
effect_source,src/source/Render/Effects/ZzzEffect.cpp,1272,CreateJoint,BITMAP_JOINT_FORCE,MODEL_ARROW_GAMBLE,native_case,secondary_candidate,
effect_source,src/source/Render/Effects/ZzzEffect.cpp,1276,CreateJoint,BITMAP_JOINT_FORCE,,unknown,secondary_candidate,
effect_source,src/source/Render/Effects/ZzzEffect.cpp,1285,CreateParticle,BITMAP_BLUE_BLUR,,unknown,secondary_candidate,
effect_source,src/source/Render/Effects/ZzzEffect.cpp,1292,CreateJoint,BITMAP_FLARE+1,,unknown,secondary_candidate,
effect_source,src/source/Render/Effects/ZzzEffect.cpp,1314,CreateEffect,MODEL_PIERCING,,unknown,secondary_candidate,
effect_source,src/source/Render/Effects/ZzzEffect.cpp,1321,CreateJoint,BITMAP_FLARE+1,,unknown,secondary_candidate,
effect_source,src/source/Render/Effects/ZzzEffect.cpp,1322,CreateJoint,BITMAP_FLARE+1,,unknown,secondary_candidate,
effect_source,src/source/Render/Effects/ZzzEffect.cpp,1347,CreateJoint,BITMAP_FLARE+1,,unknown,secondary_candidate,
effect_source,src/source/Render/Effects/ZzzEffect.cpp,1355,CreateJoint,BITMAP_FLARE+1,,unknown,secondary_candidate,
effect_source,src/source/Render/Effects/ZzzEffect.cpp,1411,CreateJoint,BITMAP_JOINT_FORCE,MODEL_LASER,native_case,secondary_candidate,
effect_source,src/source/Render/Effects/ZzzEffect.cpp,1615,CreateJoint,BITMAP_SMOKE,MODEL_MAYASTONE3,native_case,secondary_candidate,
effect_source,src/source/Render/Effects/ZzzEffect.cpp,1686,CreateParticle,BITMAP_SMOKE,MODEL_ICE,native_case,secondary_candidate,
effect_source,src/source/Render/Effects/ZzzEffect.cpp,1756,CreateJoint,BITMAP_JOINT_ENERGY,MODEL_SKULL,native_case,secondary_candidate,
effect_source,src/source/Render/Effects/ZzzEffect.cpp,1757,CreateJoint,BITMAP_JOINT_ENERGY,MODEL_SKULL,native_case,secondary_candidate,
effect_source,src/source/Render/Effects/ZzzEffect.cpp,2060,CreateJoint,BITMAP_SMOKE,MODEL_FIRE,native_case,secondary_candidate,
effect_source,src/source/Render/Effects/ZzzEffect.cpp,2088,CreateJoint,BITMAP_SMOKE,,unknown,secondary_candidate,
effect_source,src/source/Render/Effects/ZzzEffect.cpp,2369,CreateParticle,BITMAP_EXPLOTION_MONO,BITMAP_FIRECRACKER0002,native_case,secondary_candidate,
effect_source,src/source/Render/Effects/ZzzEffect.cpp,2375,CreateParticle,BITMAP_SPARK+1,BITMAP_FIRECRACKER0002,native_case,secondary_candidate,
effect_source,src/source/Render/Effects/ZzzEffect.cpp,2380,CreateParticle,BITMAP_SPARK+1,BITMAP_FIRECRACKER0002,native_case,secondary_candidate,
effect_source,src/source/Render/Effects/ZzzEffect.cpp,2385,CreateSprite,BITMAP_DS_SHOCK,BITMAP_FIRECRACKER0002,native_case,secondary_candidate,
effect_source,src/source/Render/Effects/ZzzEffect.cpp,2390,CreateParticle,BITMAP_SHINY,BITMAP_FIRECRACKER0002,native_case,secondary_candidate,
effect_source,src/source/Render/Effects/ZzzEffect.cpp,2395,CreateEffect,MODEL_HALLOWEEN_CANDY_STAR,BITMAP_FIRECRACKER0002,native_case,secondary_candidate,
effect_source,src/source/Render/Effects/ZzzEffect.cpp,2464,CreateJoint,BITMAP_JOINT_SPARK,BITMAP_SHOTGUN,native_case,secondary_candidate,
effect_source,src/source/Render/Effects/ZzzEffect.cpp,2476,CreateJoint,BITMAP_JOINT_SPARK,BITMAP_SHOTGUN,native_case,secondary_candidate,
effect_source,src/source/Render/Effects/ZzzEffect.cpp,2536,CreateJoint,BITMAP_FLARE,MODEL_SHINE,native_case,secondary_candidate,
effect_source,src/source/Render/Effects/ZzzEffect.cpp,2564,CreateJoint,BITMAP_JOINT_THUNDER+1,MODEL_BLIZZARD,native_case,secondary_candidate,
effect_source,src/source/Render/Effects/ZzzEffect.cpp,2566,CreateJoint,BITMAP_JOINT_THUNDER+1,MODEL_BLIZZARD,native_case,secondary_candidate,
effect_source,src/source/Render/Effects/ZzzEffect.cpp,2588,CreateEffect,MODEL_PIERCING,MODEL_ARROW_DRILL,native_case,secondary_candidate,
effect_source,src/source/Render/Effects/ZzzEffect.cpp,2595,CreateJoint,BITMAP_JOINT_ENERGY,MODEL_ARROW_DRILL,native_case,secondary_candidate,
effect_source,src/source/Render/Effects/ZzzEffect.cpp,2614,CreateJoint,BITMAP_LIGHT,MODEL_COMBO,native_case,secondary_candidate,
effect_source,src/source/Render/Effects/ZzzEffect.cpp,2631,CreateJoint,BITMAP_LIGHT,MODEL_WAVES,native_case,secondary_candidate,
effect_source,src/source/Render/Effects/ZzzEffect.cpp,2647,CreateJoint,BITMAP_PIERCING,MODEL_WAVES,native_case,secondary_candidate,
effect_source,src/source/Render/Effects/ZzzEffect.cpp,2788,CreateParticle,BITMAP_FIRE+2,MODEL_DEATH_SPI_SKILL,native_case,secondary_candidate,
effect_source,src/source/Render/Effects/ZzzEffect.cpp,2789,CreateParticle,BITMAP_FIRE+1,MODEL_DEATH_SPI_SKILL,native_case,secondary_candidate,
effect_source,src/source/Render/Effects/ZzzEffect.cpp,2814,CreateParticle,BITMAP_FIRE+1,MODEL_PIER_PART,native_case,secondary_candidate,
effect_source,src/source/Render/Effects/ZzzEffect.cpp,2835,CreateJoint,BITMAP_FLARE_FORCE,BITMAP_FLARE_FORCE,native_case,secondary_candidate,
effect_source,src/source/Render/Effects/ZzzEffect.cpp,2836,CreateJoint,BITMAP_FLARE_FORCE,BITMAP_FLARE_FORCE,native_case,secondary_candidate,
effect_source,src/source/Render/Effects/ZzzEffect.cpp,2837,CreateJoint,BITMAP_FLARE_FORCE,BITMAP_FLARE_FORCE,native_case,secondary_candidate,
effect_source,src/source/Render/Effects/ZzzEffect.cpp,2838,CreateJoint,BITMAP_FLARE_FORCE,BITMAP_FLARE_FORCE,native_case,secondary_candidate,
effect_source,src/source/Render/Effects/ZzzEffect.cpp,2839,CreateJoint,BITMAP_FLARE_FORCE,BITMAP_FLARE_FORCE,native_case,secondary_candidate,
effect_source,src/source/Render/Effects/ZzzEffect.cpp,2844,CreateJoint,BITMAP_FLARE_FORCE,BITMAP_FLARE_FORCE,native_case,secondary_candidate,
effect_source,src/source/Render/Effects/ZzzEffect.cpp,2845,CreateJoint,BITMAP_FLARE_FORCE,BITMAP_FLARE_FORCE,native_case,secondary_candidate,
effect_source,src/source/Render/Effects/ZzzEffect.cpp,2846,CreateJoint,BITMAP_FLARE_FORCE,BITMAP_FLARE_FORCE,native_case,secondary_candidate,
effect_source,src/source/Render/Effects/ZzzEffect.cpp,2850,CreateJoint,BITMAP_FLARE_FORCE,BITMAP_FLARE_FORCE,native_case,secondary_candidate,
effect_source,src/source/Render/Effects/ZzzEffect.cpp,2851,CreateJoint,BITMAP_FLARE_FORCE,BITMAP_FLARE_FORCE,native_case,secondary_candidate,
effect_source,src/source/Render/Effects/ZzzEffect.cpp,2855,CreateJoint,BITMAP_FLARE_FORCE,BITMAP_FLARE_FORCE,native_case,secondary_candidate,
effect_source,src/source/Render/Effects/ZzzEffect.cpp,2856,CreateJoint,BITMAP_FLARE_FORCE,BITMAP_FLARE_FORCE,native_case,secondary_candidate,
effect_source,src/source/Render/Effects/ZzzEffect.cpp,3046,CreateJoint,BITMAP_JOINT_SPIRIT2,MODEL_CUNDUN_DRAGON_HEAD,native_case,secondary_candidate,
effect_source,src/source/Render/Effects/ZzzEffect.cpp,3064,CreateJoint,BITMAP_JOINT_SPIRIT,MODEL_CUNDUN_PHOENIX,native_case,secondary_candidate,
effect_source,src/source/Render/Effects/ZzzEffect.cpp,3081,CreateEffect,MODEL_CUNDUN_GHOST,MODEL_CUNDUN_SKILL,native_case,secondary_candidate,
effect_source,src/source/Render/Effects/ZzzEffect.cpp,3574,CreateSprite,BITMAP_LIGHT,MODEL_FENRIR_THUNDER,native_case,secondary_candidate,
effect_source,src/source/Render/Effects/ZzzEffect.cpp,3597,CreateSprite,BITMAP_LIGHT,,unknown,secondary_candidate,
effect_source,src/source/Render/Effects/ZzzEffect.cpp,3620,CreateSprite,BITMAP_LIGHT,,unknown,secondary_candidate,
effect_source,src/source/Render/Effects/ZzzEffect.cpp,3643,CreateSprite,BITMAP_LIGHT,,unknown,secondary_candidate,
effect_source,src/source/Render/Effects/ZzzEffect.cpp,3751,CreateParticle,BITMAP_ENERGY,MODEL_FENRIR_SKILL_DAMAGE,native_case,secondary_candidate,
effect_source,src/source/Render/Effects/ZzzEffect.cpp,3770,CreateJoint,BITMAP_FLASH,MODEL_ARROW_IMPACT,native_case,secondary_candidate,
effect_source,src/source/Render/Effects/ZzzEffect.cpp,3781,CreateJoint,BITMAP_JOINT_FORCE,BITMAP_JOINT_FORCE,native_case,secondary_candidate,
effect_source,src/source/Render/Effects/ZzzEffect.cpp,3816,CreateParticle,BITMAP_SPARK+1,MODEL_PROTECTGUILD,native_case,secondary_candidate,
effect_source,src/source/Render/Effects/ZzzEffect.cpp,3837,CreateEffect,BITMAP_MAGIC,MODEL_MOVE_TARGETPOSITION_EFFECT,native_case,secondary_candidate,
effect_source,src/source/Render/Effects/ZzzEffect.cpp,3838,CreateEffect,BITMAP_TARGET_POSITION_EFFECT2,MODEL_MOVE_TARGETPOSITION_EFFECT,native_case,secondary_candidate,
effect_source,src/source/Render/Effects/ZzzEffect.cpp,3839,CreateJoint,MODEL_SPEARSKILL,MODEL_MOVE_TARGETPOSITION_EFFECT,native_case,secondary_candidate,
effect_source,src/source/Render/Effects/ZzzEffect.cpp,3840,CreateJoint,MODEL_SPEARSKILL,MODEL_MOVE_TARGETPOSITION_EFFECT,native_case,secondary_candidate,
effect_source,src/source/Render/Effects/ZzzEffect.cpp,3841,CreateJoint,MODEL_SPEARSKILL,MODEL_MOVE_TARGETPOSITION_EFFECT,native_case,secondary_candidate,
effect_source,src/source/Render/Effects/ZzzEffect.cpp,3842,CreateJoint,MODEL_SPEARSKILL,MODEL_MOVE_TARGETPOSITION_EFFECT,native_case,secondary_candidate,
effect_source,src/source/Render/Effects/ZzzEffect.cpp,3855,CreateEffect,MODEL_EFFECT_SAPITRES_ATTACK_2,MODEL_EFFECT_SAPITRES_ATTACK,native_case,secondary_candidate,
effect_source,src/source/Render/Effects/ZzzEffect.cpp,3883,CreateJoint,BITMAP_JOINT_ENERGY,MODEL_EFFECT_TRACE,native_case,secondary_candidate,
effect_source,src/source/Render/Effects/ZzzEffect.cpp,3990,CreateEffect,MODEL_BLOW_OF_DESTRUCTION,MODEL_BLOW_OF_DESTRUCTION,native_case,secondary_candidate,
effect_source,src/source/Render/Effects/ZzzEffect.cpp,4097,CreateParticle,BITMAP_RAKLION_CLOUDS,MODEL_STREAMOFICEBREATH,native_case,secondary_candidate,
effect_source,src/source/Render/Effects/ZzzEffect.cpp,4118,CreateParticle,BITMAP_FIRE_HIK3_MONO,MODEL_EFFECT_FIRE_HIK3_MONO,native_case,secondary_candidate,
effect_source,src/source/Render/Effects/ZzzEffect.cpp,4172,CreateEffect,MODEL_DOOR_CRUSH_EFFECT_PIECE01,MODEL_DOOR_CRUSH_EFFECT,native_case,secondary_candidate,
effect_source,src/source/Render/Effects/ZzzEffect.cpp,4184,CreateEffect,MODEL_DOOR_CRUSH_EFFECT_PIECE11,MODEL_DOOR_CRUSH_EFFECT,native_case,secondary_candidate,
effect_source,src/source/Render/Effects/ZzzEffect.cpp,4194,CreateEffect,MODEL_STATUE_CRUSH_EFFECT_PIECE01,MODEL_STATUE_CRUSH_EFFECT,native_case,secondary_candidate,
effect_source,src/source/Render/Effects/ZzzEffect.cpp,4303,CreateJoint,BITMAP_FLARE+1,,unknown,secondary_candidate,
effect_source,src/source/Render/Effects/ZzzEffect.cpp,4929,CreateEffect,MODEL_EMPIREGUARDIAN_BLOW_OF_DESTRUCTION,MODEL_EMPIREGUARDIAN_BLOW_OF_DESTRUCTION,native_case,secondary_candidate,
effect_source,src/source/Render/Effects/ZzzEffect.cpp,5256,CreateEffect,MODEL_VOLCANO_STONE,MODEL_VOLCANO_OF_MONK,native_case,secondary_candidate,
effect_source,src/source/Render/Effects/ZzzEffect.cpp,5258,CreateEffect,BITMAP_LIGHT_RED,MODEL_VOLCANO_OF_MONK,native_case,secondary_candidate,
effect_source,src/source/Render/Effects/ZzzEffect.cpp,5354,CreateParticle,BITMAP_SPARK,MODEL_VOLCANO_STONE,native_case,secondary_candidate,
effect_source,src/source/Render/Effects/ZzzEffect.cpp,5359,CreateParticle,BITMAP_SPARK,MODEL_VOLCANO_STONE,native_case,secondary_candidate,
effect_source,src/source/Render/Effects/ZzzEffect.cpp,5365,CreateParticle,BITMAP_SPARK,MODEL_VOLCANO_STONE,native_case,secondary_candidate,
effect_source,src/source/Render/Effects/ZzzEffect.cpp,5370,CreateParticle,BITMAP_SPARK,MODEL_VOLCANO_STONE,native_case,secondary_candidate,
effect_source,src/source/Render/Effects/ZzzEffect.cpp,5374,CreateParticle,BITMAP_SPARK,,unknown,secondary_candidate,
effect_source,src/source/Render/Effects/ZzzEffect.cpp,5390,CreateParticle,BITMAP_EXPLOTION_MONO,,unknown,secondary_candidate,
effect_source,src/source/Render/Effects/ZzzEffect.cpp,5395,CreateParticle,BITMAP_EXPLOTION_MONO,,unknown,secondary_candidate,
effect_source,src/source/Render/Effects/ZzzEffect.cpp,5400,CreateParticle,BITMAP_EXPLOTION_MONO,,unknown,secondary_candidate,
effect_source,src/source/Render/Effects/ZzzEffect.cpp,5402,CreateParticle,BITMAP_EXPLOTION_MONO,,unknown,secondary_candidate,
effect_source,src/source/Render/Effects/ZzzEffect.cpp,5406,CreateParticle,BITMAP_EXPLOTION,,unknown,secondary_candidate,
effect_source,src/source/Render/Effects/ZzzEffect.cpp,5421,CreateParticle,BITMAP_SPARK,,unknown,secondary_candidate,
effect_source,src/source/Render/Effects/ZzzEffect.cpp,5427,CreateParticle,BITMAP_EXPLOTION_MONO,,unknown,secondary_candidate,
effect_source,src/source/Render/Effects/ZzzEffect.cpp,5431,CreateParticle,BITMAP_EXPLOTION+1,,unknown,secondary_candidate,
effect_source,src/source/Render/Effects/ZzzEffect.cpp,5464,CreateParticle,BITMAP_SUMMON_SAHAMUTT_EXPLOSION,,unknown,secondary_candidate,
effect_source,src/source/Render/Effects/ZzzEffect.cpp,5466,CreateParticle,BITMAP_SUMMON_SAHAMUTT_EXPLOSION,,unknown,secondary_candidate,
effect_source,src/source/Render/Effects/ZzzEffect.cpp,5471,CreateParticle,BITMAP_MAGIC+1,,unknown,secondary_candidate,
effect_source,src/source/Render/Effects/ZzzEffect.cpp,5473,CreateParticle,BITMAP_MAGIC+1,,unknown,secondary_candidate,
effect_source,src/source/Render/Effects/ZzzEffect.cpp,5479,CreateEffect,MODEL_STONE1,,unknown,secondary_candidate,
effect_source,src/source/Render/Effects/ZzzEffect.cpp,5481,CreateEffect,MODEL_STONE1,,unknown,secondary_candidate,
effect_source,src/source/Render/Effects/ZzzEffect.cpp,5493,CreateParticle,BITMAP_SPARK,,unknown,secondary_candidate,
effect_source,src/source/Render/Effects/ZzzEffect.cpp,5517,CreateEffect,MODEL_STONE1,,unknown,secondary_candidate,
effect_source,src/source/Render/Effects/ZzzEffect.cpp,5518,CreateEffect,MODEL_STONE1,,unknown,secondary_candidate,
effect_source,src/source/Render/Effects/ZzzEffect.cpp,5522,CreateEffect,MODEL_STONE1,,unknown,secondary_candidate,
effect_source,src/source/Render/Effects/ZzzEffect.cpp,5523,CreateEffect,MODEL_STONE1,,unknown,secondary_candidate,
effect_source,src/source/Render/Effects/ZzzEffect.cpp,5524,CreateEffect,MODEL_STONE1,,unknown,secondary_candidate,
effect_source,src/source/Render/Effects/ZzzEffect.cpp,5530,CreateEffect,MODEL_EFFECT_BROKEN_ICE0,,unknown,secondary_candidate,
effect_source,src/source/Render/Effects/ZzzEffect.cpp,5534,CreateEffect,MODEL_STONE1,,unknown,secondary_candidate,
effect_source,src/source/Render/Effects/ZzzEffect.cpp,5535,CreateEffect,MODEL_STONE1,,unknown,secondary_candidate,
effect_source,src/source/Render/Effects/ZzzEffect.cpp,5574,CreateJoint,BITMAP_FLARE,AT_SKILL_PENETRATION_STR,skill_case,secondary_candidate,
effect_source,src/source/Render/Effects/ZzzEffect.cpp,5665,CreateJoint,BITMAP_FLARE,AT_SKILL_PENETRATION_STR,skill_case,secondary_candidate,
effect_source,src/source/Render/Effects/ZzzEffect.cpp,5786,CreateParticleFpsChecked,BITMAP_CLUD64,MODEL_SUMMONER_EQUIP_HEAD_LAGUL,native_case,secondary_candidate,
effect_source,src/source/Render/Effects/ZzzEffect.cpp,5796,CreateParticleFpsChecked,BITMAP_FIRE+1,MODEL_SUMMONER_EQUIP_HEAD_LAGUL,native_case,secondary_candidate,
effect_source,src/source/Render/Effects/ZzzEffect.cpp,5835,CreateParticleFpsChecked,BITMAP_LIGHT,,unknown,secondary_candidate,
effect_source,src/source/Render/Effects/ZzzEffect.cpp,5894,CreateSprite,BITMAP_SHINY+6,,unknown,secondary_candidate,
effect_source,src/source/Render/Effects/ZzzEffect.cpp,5926,CreateParticleFpsChecked,BITMAP_SPARK+1,,unknown,secondary_candidate,
effect_source,src/source/Render/Effects/ZzzEffect.cpp,5928,CreateParticleFpsChecked,BITMAP_SPARK+1,,unknown,secondary_candidate,
effect_source,src/source/Render/Effects/ZzzEffect.cpp,5938,CreateParticleFpsChecked,BITMAP_ENERGY,BITMAP_ENERGY,native_case,secondary_candidate,
effect_source,src/source/Render/Effects/ZzzEffect.cpp,5939,CreateParticleFpsChecked,BITMAP_SPARK+1,BITMAP_ENERGY,native_case,secondary_candidate,
effect_source,src/source/Render/Effects/ZzzEffect.cpp,5954,CreateSprite,BITMAP_SHINY+1,MODEL_LIGHTNING_ORB,native_case,secondary_candidate,
effect_source,src/source/Render/Effects/ZzzEffect.cpp,5955,CreateSprite,BITMAP_SHINY+1,MODEL_LIGHTNING_ORB,native_case,secondary_candidate,
effect_source,src/source/Render/Effects/ZzzEffect.cpp,5958,CreateSprite,BITMAP_MAGIC,MODEL_LIGHTNING_ORB,native_case,secondary_candidate,
effect_source,src/source/Render/Effects/ZzzEffect.cpp,5959,CreateSprite,BITMAP_MAGIC,MODEL_LIGHTNING_ORB,native_case,secondary_candidate,
effect_source,src/source/Render/Effects/ZzzEffect.cpp,5962,CreateSprite,BITMAP_PIN_LIGHT,MODEL_LIGHTNING_ORB,native_case,secondary_candidate,
effect_source,src/source/Render/Effects/ZzzEffect.cpp,5963,CreateSprite,BITMAP_PIN_LIGHT,MODEL_LIGHTNING_ORB,native_case,secondary_candidate,
effect_source,src/source/Render/Effects/ZzzEffect.cpp,5966,CreateParticleFpsChecked,BITMAP_MAGIC,MODEL_LIGHTNING_ORB,native_case,secondary_candidate,
effect_source,src/source/Render/Effects/ZzzEffect.cpp,5969,CreateParticleFpsChecked,BITMAP_SPARK+1,MODEL_LIGHTNING_ORB,native_case,secondary_candidate,
effect_source,src/source/Render/Effects/ZzzEffect.cpp,5981,CreateSprite,BITMAP_SHINY+5,MODEL_LIGHTNING_ORB,native_case,secondary_candidate,
effect_source,src/source/Render/Effects/ZzzEffect.cpp,5982,CreateSprite,BITMAP_SHINY+5,MODEL_LIGHTNING_ORB,native_case,secondary_candidate,
effect_source,src/source/Render/Effects/ZzzEffect.cpp,5985,CreateSprite,BITMAP_PIN_LIGHT,MODEL_LIGHTNING_ORB,native_case,secondary_candidate,
effect_source,src/source/Render/Effects/ZzzEffect.cpp,5986,CreateSprite,BITMAP_PIN_LIGHT,MODEL_LIGHTNING_ORB,native_case,secondary_candidate,
effect_source,src/source/Render/Effects/ZzzEffect.cpp,5988,CreateSprite,BITMAP_ENERGY,MODEL_LIGHTNING_ORB,native_case,secondary_candidate,
effect_source,src/source/Render/Effects/ZzzEffect.cpp,5995,CreateParticleFpsChecked,BITMAP_SPARK+1,MODEL_LIGHTNING_ORB,native_case,secondary_candidate,
effect_source,src/source/Render/Effects/ZzzEffect.cpp,6003,CreateParticleFpsChecked,BITMAP_SHOCK_WAVE,MODEL_LIGHTNING_ORB,native_case,secondary_candidate,
effect_source,src/source/Render/Effects/ZzzEffect.cpp,6004,CreateParticleFpsChecked,BITMAP_SHOCK_WAVE,MODEL_LIGHTNING_ORB,native_case,secondary_candidate,
effect_source,src/source/Render/Effects/ZzzEffect.cpp,6010,CreateEffectFpsChecked,MODEL_FENRIR_THUNDER,MODEL_LIGHTNING_ORB,native_case,secondary_candidate,
effect_source,src/source/Render/Effects/ZzzEffect.cpp,6017,CreateParticleFpsChecked,BITMAP_SMOKE,MODEL_LIGHTNING_ORB,native_case,secondary_candidate,
effect_source,src/source/Render/Effects/ZzzEffect.cpp,6055,CreateParticleFpsChecked,BITMAP_LIGHT,BITMAP_LIGHT,native_case,secondary_candidate,
effect_source,src/source/Render/Effects/ZzzEffect.cpp,6060,CreateParticleFpsChecked,BITMAP_EXPLOTION,BITMAP_LIGHT,native_case,secondary_candidate,
effect_source,src/source/Render/Effects/ZzzEffect.cpp,6082,CreateParticleFpsChecked,BITMAP_LIGHT,BITMAP_LIGHT,native_case,secondary_candidate,
effect_source,src/source/Render/Effects/ZzzEffect.cpp,6085,CreateParticleFpsChecked,BITMAP_LIGHT,BITMAP_LIGHT,native_case,secondary_candidate,
effect_source,src/source/Render/Effects/ZzzEffect.cpp,6110,CreateJointFpsChecked,BITMAP_JOINT_HEALING,BITMAP_LIGHT,native_case,secondary_candidate,
effect_source,src/source/Render/Effects/ZzzEffect.cpp,6130,CreateJointFpsChecked,BITMAP_JOINT_HEALING,,unknown,secondary_candidate,
effect_source,src/source/Render/Effects/ZzzEffect.cpp,6151,CreateEffectFpsChecked,MODEL_METEO1,MODEL_BIG_METEO3,native_case,secondary_candidate,
effect_source,src/source/Render/Effects/ZzzEffect.cpp,6158,CreateParticleFpsChecked,BITMAP_SMOKE,MODEL_BIG_METEO3,native_case,secondary_candidate,
effect_source,src/source/Render/Effects/ZzzEffect.cpp,6159,CreateParticle,BITMAP_ENERGY,MODEL_BIG_METEO3,native_case,secondary_candidate,
effect_source,src/source/Render/Effects/ZzzEffect.cpp,6160,CreateParticle,BITMAP_SPARK+1,MODEL_BIG_METEO3,native_case,secondary_candidate,
effect_source,src/source/Render/Effects/ZzzEffect.cpp,6203,CreateEffectFpsChecked,MODEL_STONE1,MODEL_BIG_METEO3,native_case,secondary_candidate,
effect_source,src/source/Render/Effects/ZzzEffect.cpp,6255,CreateEffectFpsChecked,MODEL_STONE1,,unknown,secondary_candidate,
effect_source,src/source/Render/Effects/ZzzEffect.cpp,6362,CreateParticle,BITMAP_FIRE_CURSEDLICH,MODEL_STONE2,native_case,secondary_candidate,
effect_source,src/source/Render/Effects/ZzzEffect.cpp,6420,CreateParticleFpsChecked,BITMAP_SMOKE,MODEL_NARCONDRA_STONE3,native_case,secondary_candidate,
effect_source,src/source/Render/Effects/ZzzEffect.cpp,6444,CreateEffectFpsChecked,MODEL_SKILL_INFERNO,MODEL_NARCONDRA_STONE3,native_case,secondary_candidate,
effect_source,src/source/Render/Effects/ZzzEffect.cpp,6453,CreateParticleFpsChecked,BITMAP_SMOKE,MODEL_NARCONDRA_STONE3,native_case,secondary_candidate,
effect_source,src/source/Render/Effects/ZzzEffect.cpp,6458,CreateEffectFpsChecked,MODEL_EFFECT_BROKEN_ICE0,MODEL_NARCONDRA_STONE3,native_case,secondary_candidate,
effect_source,src/source/Render/Effects/ZzzEffect.cpp,6465,CreateParticleFpsChecked,BITMAP_EXPLOTION_MONO,MODEL_NARCONDRA_STONE3,native_case,secondary_candidate,
effect_source,src/source/Render/Effects/ZzzEffect.cpp,6649,CreateParticleFpsChecked,BITMAP_SMOKE,MODEL_ICE_GIANT_PART6,native_case,secondary_candidate,
effect_source,src/source/Render/Effects/ZzzEffect.cpp,6651,CreateParticleFpsChecked,BITMAP_FIRE,MODEL_ICE_GIANT_PART6,native_case,secondary_candidate,
effect_source,src/source/Render/Effects/ZzzEffect.cpp,6652,CreateParticleFpsChecked,BITMAP_FIRE,MODEL_ICE_GIANT_PART6,native_case,secondary_candidate,
effect_source,src/source/Render/Effects/ZzzEffect.cpp,6672,CreateParticleFpsChecked,BITMAP_SPARK+1,MODEL_ARROW_GAMBLE,native_case,secondary_candidate,
effect_source,src/source/Render/Effects/ZzzEffect.cpp,6676,CreateParticleFpsChecked,BITMAP_SMOKE,MODEL_ARROW_GAMBLE,native_case,secondary_candidate,
effect_source,src/source/Render/Effects/ZzzEffect.cpp,6715,CreateParticleFpsChecked,BITMAP_SMOKE,MODEL_ICE,native_case,secondary_candidate,
effect_source,src/source/Render/Effects/ZzzEffect.cpp,6785,CreateParticleFpsChecked,BITMAP_FIRE+2,,unknown,secondary_candidate,
effect_source,src/source/Render/Effects/ZzzEffect.cpp,6853,CreateSprite,BITMAP_LIGHT,MODEL_FIRE,native_case,secondary_candidate,
effect_source,src/source/Render/Effects/ZzzEffect.cpp,6855,CreateSprite,BITMAP_SHINY+1,MODEL_FIRE,native_case,secondary_candidate,
effect_source,src/source/Render/Effects/ZzzEffect.cpp,6856,CreateSprite,BITMAP_SHINY+1,MODEL_FIRE,native_case,secondary_candidate,
effect_source,src/source/Render/Effects/ZzzEffect.cpp,6884,CreateEffectFpsChecked,MODEL_SKILL_INFERNO,,unknown,secondary_candidate,
effect_source,src/source/Render/Effects/ZzzEffect.cpp,6902,CreateParticleFpsChecked,BITMAP_SMOKE,,unknown,secondary_candidate,
effect_source,src/source/Render/Effects/ZzzEffect.cpp,6909,CreateEffectFpsChecked,MODEL_STONE1,,unknown,secondary_candidate,
effect_source,src/source/Render/Effects/ZzzEffect.cpp,6918,CreateEffectFpsChecked,MODEL_STONE1,,unknown,secondary_candidate,
effect_source,src/source/Render/Effects/ZzzEffect.cpp,6921,CreateParticleFpsChecked,BITMAP_EXPLOTION,,unknown,secondary_candidate,
effect_source,src/source/Render/Effects/ZzzEffect.cpp,6952,CreateParticleFpsChecked,BITMAP_EXPLOTION,,unknown,secondary_candidate,
effect_source,src/source/Render/Effects/ZzzEffect.cpp,6955,CreateEffectFpsChecked,MODEL_STONE1,,unknown,secondary_candidate,
effect_source,src/source/Render/Effects/ZzzEffect.cpp,6962,CreateParticleFpsChecked,BITMAP_SMOKE,,unknown,secondary_candidate,
effect_source,src/source/Render/Effects/ZzzEffect.cpp,6963,CreateParticleFpsChecked,BITMAP_SMOKE,,unknown,secondary_candidate,
effect_source,src/source/Render/Effects/ZzzEffect.cpp,6984,CreateParticleFpsChecked,BITMAP_POUNDING_BALL,,unknown,secondary_candidate,
effect_source,src/source/Render/Effects/ZzzEffect.cpp,7017,CreateParticleFpsChecked,BITMAP_FIRE,,unknown,secondary_candidate,
effect_source,src/source/Render/Effects/ZzzEffect.cpp,7022,CreateParticleFpsChecked,BITMAP_FIRE,,unknown,secondary_candidate,
effect_source,src/source/Render/Effects/ZzzEffect.cpp,7035,CreateParticleFpsChecked,BITMAP_FIRE,,unknown,secondary_candidate,
effect_source,src/source/Render/Effects/ZzzEffect.cpp,7036,CreateSprite,BITMAP_SHINY+1,,unknown,secondary_candidate,
effect_source,src/source/Render/Effects/ZzzEffect.cpp,7038,CreateParticleFpsChecked,BITMAP_SMOKE,,unknown,secondary_candidate,
effect_source,src/source/Render/Effects/ZzzEffect.cpp,7072,CreateParticleFpsChecked,BITMAP_SMOKE+1,MODEL_GATE,native_case,secondary_candidate,
effect_source,src/source/Render/Effects/ZzzEffect.cpp,7102,CreateParticleFpsChecked,BITMAP_SMOKE+1,MODEL_STONE_COFFIN,native_case,secondary_candidate,
effect_source,src/source/Render/Effects/ZzzEffect.cpp,7145,CreateJointFpsChecked,BITMAP_JOINT_THUNDER+1,MODEL_STONE_COFFIN,native_case,secondary_candidate,
effect_source,src/source/Render/Effects/ZzzEffect.cpp,7173,CreateSprite,BITMAP_LIGHT,MODEL_EFFECT_SAPITRES_ATTACK_1,native_case,secondary_candidate,
effect_source,src/source/Render/Effects/ZzzEffect.cpp,7181,CreateEffectFpsChecked,MODEL_EFFECT_SAPITRES_ATTACK_2,MODEL_EFFECT_SAPITRES_ATTACK_1,native_case,secondary_candidate,
effect_source,src/source/Render/Effects/ZzzEffect.cpp,7202,CreateEffectFpsChecked,BITMAP_SHOCK_WAVE,MODEL_SWELL_OF_MAGICPOWER,native_case,secondary_candidate,
effect_source,src/source/Render/Effects/ZzzEffect.cpp,7203,CreateEffectFpsChecked,BITMAP_SHOCK_WAVE,MODEL_SWELL_OF_MAGICPOWER,native_case,secondary_candidate,
effect_source,src/source/Render/Effects/ZzzEffect.cpp,7204,CreateEffectFpsChecked,BITMAP_TWLIGHT,MODEL_SWELL_OF_MAGICPOWER,native_case,secondary_candidate,
effect_source,src/source/Render/Effects/ZzzEffect.cpp,7217,CreateSprite,BITMAP_LIGHT,MODEL_SWELL_OF_MAGICPOWER,native_case,secondary_candidate,
effect_source,src/source/Render/Effects/ZzzEffect.cpp,7225,CreateEffectFpsChecked,MODEL_ARROWSRE06,MODEL_SWELL_OF_MAGICPOWER,native_case,secondary_candidate,
effect_source,src/source/Render/Effects/ZzzEffect.cpp,7227,CreateEffectFpsChecked,MODEL_ARROWSRE06,MODEL_SWELL_OF_MAGICPOWER,native_case,secondary_candidate,
effect_source,src/source/Render/Effects/ZzzEffect.cpp,7235,CreateJointFpsChecked,BITMAP_2LINE_GHOST,MODEL_SWELL_OF_MAGICPOWER,native_case,secondary_candidate,
effect_source,src/source/Render/Effects/ZzzEffect.cpp,7276,CreateSprite,BITMAP_LIGHT,MODEL_ARROWSRE06,native_case,secondary_candidate,
effect_source,src/source/Render/Effects/ZzzEffect.cpp,7277,CreateSprite,BITMAP_LIGHT,MODEL_ARROWSRE06,native_case,secondary_candidate,
effect_source,src/source/Render/Effects/ZzzEffect.cpp,7319,CreateSprite,BITMAP_LIGHT,MODEL_ARROWSRE06,native_case,secondary_candidate,
effect_source,src/source/Render/Effects/ZzzEffect.cpp,7320,CreateSprite,BITMAP_LIGHT,MODEL_ARROWSRE06,native_case,secondary_candidate,
effect_source,src/source/Render/Effects/ZzzEffect.cpp,7343,CreateEffectFpsChecked,MODEL_ARROWSRE06,MODEL_SWELL_OF_MAGICPOWER_BUFF_EFF,native_case,secondary_candidate,
effect_source,src/source/Render/Effects/ZzzEffect.cpp,7346,CreateEffectFpsChecked,MODEL_ARROWSRE06,MODEL_SWELL_OF_MAGICPOWER_BUFF_EFF,native_case,secondary_candidate,
effect_source,src/source/Render/Effects/ZzzEffect.cpp,7367,CreateSprite,BITMAP_SHINY,MODEL_STAR_SHINE,native_case,secondary_candidate,
effect_source,src/source/Render/Effects/ZzzEffect.cpp,7378,CreateSprite,BITMAP_SHINY,MODEL_STAR_SHINE,native_case,secondary_candidate,
effect_source,src/source/Render/Effects/ZzzEffect.cpp,7467,CreateParticleFpsChecked,BITMAP_RAKLION_CLOUDS,MODEL_STREAMOFICEBREATH,native_case,secondary_candidate,
effect_source,src/source/Render/Effects/ZzzEffect.cpp,7496,CreateEffectFpsChecked,BITMAP_RING_OF_GRADATION,MODEL_EFFECT_UMBRELLA_DIE,native_case,secondary_candidate,
effect_source,src/source/Render/Effects/ZzzEffect.cpp,7525,CreateSprite,BITMAP_SHOCK_WAVE,MODEL_EFFECT_EG_GUARDIANDEFENDER_ATTACK2,native_case,secondary_candidate,
effect_source,src/source/Render/Effects/ZzzEffect.cpp,7526,CreateParticleFpsChecked,BITMAP_FIRE+2,MODEL_EFFECT_EG_GUARDIANDEFENDER_ATTACK2,native_case,secondary_candidate,
effect_source,src/source/Render/Effects/ZzzEffect.cpp,7534,CreateParticleFpsChecked,BITMAP_SHINY+4,MODEL_EFFECT_EG_GUARDIANDEFENDER_ATTACK2,native_case,secondary_candidate,
effect_source,src/source/Render/Effects/ZzzEffect.cpp,7868,CreateSprite,BITMAP_SHOCK_WAVE,MODEL_MOONHARVEST_MOON,native_case,secondary_candidate,
effect_source,src/source/Render/Effects/ZzzEffect.cpp,7871,CreateSprite,BITMAP_LIGHT,MODEL_MOONHARVEST_MOON,native_case,secondary_candidate,
effect_source,src/source/Render/Effects/ZzzEffect.cpp,7876,CreateSprite,BITMAP_LIGHT,MODEL_MOONHARVEST_MOON,native_case,secondary_candidate,
effect_source,src/source/Render/Effects/ZzzEffect.cpp,7877,CreateSprite,BITMAP_LIGHT,MODEL_MOONHARVEST_MOON,native_case,secondary_candidate,
effect_source,src/source/Render/Effects/ZzzEffect.cpp,7878,CreateSprite,BITMAP_LIGHT,MODEL_MOONHARVEST_MOON,native_case,secondary_candidate,
effect_source,src/source/Render/Effects/ZzzEffect.cpp,7879,CreateSprite,BITMAP_SHINY+6,MODEL_MOONHARVEST_MOON,native_case,secondary_candidate,
effect_source,src/source/Render/Effects/ZzzEffect.cpp,7968,CreateSprite,BITMAP_SHINY+6,MODEL_SUMMONER_SUMMON_LAGUL,native_case,secondary_candidate,
effect_source,src/source/Render/Effects/ZzzEffect.cpp,7976,CreateParticle,BITMAP_SMOKE,MODEL_SUMMONER_SUMMON_LAGUL,native_case,secondary_candidate,
effect_source,src/source/Render/Effects/ZzzEffect.cpp,7978,CreateParticle,BITMAP_TWINTAIL_WATER,MODEL_SUMMONER_SUMMON_LAGUL,native_case,secondary_candidate,
effect_source,src/source/Render/Effects/ZzzEffect.cpp,8011,CreateSprite,BITMAP_FIRE+1,BITMAP_BOSS_LASER,native_case,secondary_candidate,
effect_source,src/source/Render/Effects/ZzzEffect.cpp,8021,CreateSprite,BITMAP_FIRE+1,BITMAP_BOSS_LASER,native_case,secondary_candidate,
effect_source,src/source/Render/Effects/ZzzEffect.cpp,8024,CreateSprite,BITMAP_SPARK+1,BITMAP_BOSS_LASER,native_case,secondary_candidate,
effect_source,src/source/Render/Effects/ZzzEffect.cpp,8257,CreateSprite,BITMAP_SWORD_EFFECT_MONO,MODEL_BLOW_OF_DESTRUCTION,native_case,secondary_candidate,
effect_source,src/source/Render/Effects/ZzzEffect.cpp,8268,CreateSprite,BITMAP_LIGHT,MODEL_BLOW_OF_DESTRUCTION,native_case,secondary_candidate,
effect_source,src/source/Render/Effects/ZzzEffect.cpp,8359,CreateSprite,BITMAP_LIGHT,MODEL_SWELL_OF_MAGICPOWER_BUFF_EFF,native_case,secondary_candidate,
effect_source,src/source/Render/Effects/ZzzEffect.cpp,8504,CreateSprite,BITMAP_LIGHT_RED,,unknown,secondary_candidate,
effect_source,src/source/Render/Effects/ZzzEffect.cpp,8505,CreateSprite,BITMAP_LIGHT_RED,,unknown,secondary_candidate,
effect_source,src/source/Render/Effects/ZzzEffect.cpp,8523,CreateSprite,BITMAP_LIGHT,,unknown,secondary_candidate,
effect_source,src/source/Render/Effects/ZzzEffect.cpp,8524,CreateSprite,BITMAP_LIGHT,,unknown,secondary_candidate,
effect_source,src/source/Render/Effects/ZzzEffect.cpp,8525,CreateSprite,BITMAP_LIGHT,,unknown,secondary_candidate,
effect_source,src/source/Render/Effects/ZzzEffect.cpp,8526,CreateSprite,BITMAP_LIGHT,,unknown,secondary_candidate,
effect_source,src/source/Render/Effects/ZzzEffect.cpp,8527,CreateSprite,BITMAP_LIGHT,,unknown,secondary_candidate,
effect_source,src/source/Render/Effects/ZzzEffect.cpp,8528,CreateSprite,BITMAP_LIGHT,,unknown,secondary_candidate,
effect_source,src/source/Render/Effects/ZzzEffect.cpp,8529,CreateSprite,BITMAP_LIGHT,,unknown,secondary_candidate,
effect_source,src/source/Render/Effects/ZzzEffect.cpp,8531,CreateSprite,BITMAP_LIGHT,,unknown,secondary_candidate,
effect_source,src/source/Render/Effects/ZzzEffect.cpp,8532,CreateSprite,BITMAP_LIGHT,,unknown,secondary_candidate,
effect_source,src/source/Render/Effects/ZzzEffect.cpp,8554,CreateSprite,BITMAP_SWORD_EFFECT_MONO,MODEL_EMPIREGUARDIAN_BLOW_OF_DESTRUCTION,native_case,secondary_candidate,
effect_source,src/source/Render/Effects/ZzzEffect.cpp,8565,CreateSprite,BITMAP_LIGHT,MODEL_EMPIREGUARDIAN_BLOW_OF_DESTRUCTION,native_case,secondary_candidate,
effect_source,src/source/Render/Effects/ZzzEffect.cpp,8572,CreateSprite,BITMAP_WATERFALL_4,BITMAP_WATERFALL_4,native_case,secondary_candidate,
effect_source,src/source/Render/Effects/ZzzEffect.cpp,8651,CreateSprite,BITMAP_LIGHT_RED,,unknown,secondary_candidate,
effect_source,src/source/Render/Effects/ZzzEffect.cpp,8660,CreateSprite,BITMAP_LIGHT_RED,,unknown,secondary_candidate,
effect_source,src/source/Render/Effects/ZzzEffect.cpp,8668,CreateSprite,BITMAP_LIGHT_RED,,unknown,secondary_candidate,
effect_source,src/source/Render/Effects/ZzzEffect.cpp,8911,CreateEffect,BITMAP_MAGIC+1,,unknown,secondary_candidate,
effect_source,src/source/Render/Effects/ZzzEffect.cpp,8915,CreateEffect,BITMAP_MAGIC+1,,unknown,secondary_candidate,
effect_source,src/source/Render/Effects/ZzzEffect.cpp,9138,CreateEffect,BITMAP_OUR_INFLUENCE_GROUND,BITMAP_RING_OF_GRADATION,native_case,secondary_candidate,
move_handler,src/source/Render/Effects/Behaviors/MoveHandlers.cpp,106,CreateEffectFpsChecked,MODEL_ARROW_AUTOLOAD,Move_MODEL_ARROW_AUTOLOAD,move_handler,secondary_candidate,
move_handler,src/source/Render/Effects/Behaviors/MoveHandlers.cpp,167,CreateEffectFpsChecked,MODEL_INFINITY_ARROW3,Move_MODEL_INFINITY_ARROW1,move_handler,secondary_candidate,
move_handler,src/source/Render/Effects/Behaviors/MoveHandlers.cpp,170,CreateEffectFpsChecked,MODEL_INFINITY_ARROW3,Move_MODEL_INFINITY_ARROW1,move_handler,secondary_candidate,
move_handler,src/source/Render/Effects/Behaviors/MoveHandlers.cpp,215,CreateEffectFpsChecked,BITMAP_SHOCK_WAVE,Move_MODEL_SHIELD_CRASH,move_handler,secondary_candidate,
move_handler,src/source/Render/Effects/Behaviors/MoveHandlers.cpp,221,CreateEffectFpsChecked,BITMAP_SHOCK_WAVE,Move_MODEL_SHIELD_CRASH,move_handler,secondary_candidate,
move_handler,src/source/Render/Effects/Behaviors/MoveHandlers.cpp,227,CreateEffectFpsChecked,BITMAP_SHOCK_WAVE,Move_MODEL_SHIELD_CRASH,move_handler,secondary_candidate,
move_handler,src/source/Render/Effects/Behaviors/MoveHandlers.cpp,238,CreateEffectFpsChecked,MODEL_SKILL_INFERNO,Move_MODEL_SHIELD_CRASH,move_handler,secondary_candidate,
move_handler,src/source/Render/Effects/Behaviors/MoveHandlers.cpp,240,CreateParticleFpsChecked,BITMAP_SMOKE,Move_MODEL_SHIELD_CRASH,move_handler,secondary_candidate,
move_handler,src/source/Render/Effects/Behaviors/MoveHandlers.cpp,245,CreateEffectFpsChecked,MODEL_SKILL_INFERNO,Move_MODEL_SHIELD_CRASH,move_handler,secondary_candidate,
move_handler,src/source/Render/Effects/Behaviors/MoveHandlers.cpp,250,CreateEffectFpsChecked,MODEL_SKILL_INFERNO,Move_MODEL_SHIELD_CRASH,move_handler,secondary_candidate,
move_handler,src/source/Render/Effects/Behaviors/MoveHandlers.cpp,252,CreateParticleFpsChecked,BITMAP_SMOKE,Move_MODEL_SHIELD_CRASH,move_handler,secondary_candidate,
move_handler,src/source/Render/Effects/Behaviors/MoveHandlers.cpp,294,CreateSprite,BITMAP_LIGHT+3,Move_MODEL_IRON_RIDER_ARROW,move_handler,secondary_candidate,
move_handler,src/source/Render/Effects/Behaviors/MoveHandlers.cpp,295,CreateSprite,BITMAP_DS_EFFECT,Move_MODEL_IRON_RIDER_ARROW,move_handler,secondary_candidate,
move_handler,src/source/Render/Effects/Behaviors/MoveHandlers.cpp,296,CreateParticleFpsChecked,BITMAP_SPARK+1,Move_MODEL_IRON_RIDER_ARROW,move_handler,secondary_candidate,
move_handler,src/source/Render/Effects/Behaviors/MoveHandlers.cpp,299,CreateEffectFpsChecked,MODEL_WAVES,Move_MODEL_IRON_RIDER_ARROW,move_handler,secondary_candidate,
move_handler,src/source/Render/Effects/Behaviors/MoveHandlers.cpp,405,CreateSprite,BITMAP_SHINY+1,Move_MODEL_BLADE_SKILL,move_handler,secondary_candidate,
move_handler,src/source/Render/Effects/Behaviors/MoveHandlers.cpp,407,CreateSprite,BITMAP_SHINY+1,Move_MODEL_BLADE_SKILL,move_handler,secondary_candidate,
move_handler,src/source/Render/Effects/Behaviors/MoveHandlers.cpp,410,CreateJointFpsChecked,BITMAP_SPARK+1,Move_MODEL_BLADE_SKILL,move_handler,secondary_candidate,
move_handler,src/source/Render/Effects/Behaviors/MoveHandlers.cpp,431,CreateJointFpsChecked,BITMAP_FLARE+1,Move_MODEL_KENTAUROS_ARROW,move_handler,secondary_candidate,
move_handler,src/source/Render/Effects/Behaviors/MoveHandlers.cpp,440,CreateParticle,BITMAP_FLAME,Move_MODEL_KENTAUROS_ARROW,move_handler,secondary_candidate,
move_handler,src/source/Render/Effects/Behaviors/MoveHandlers.cpp,441,CreateParticleFpsChecked,BITMAP_SMOKE,Move_MODEL_KENTAUROS_ARROW,move_handler,secondary_candidate,
move_handler,src/source/Render/Effects/Behaviors/MoveHandlers.cpp,442,CreateParticleFpsChecked,BITMAP_SMOKE,Move_MODEL_KENTAUROS_ARROW,move_handler,secondary_candidate,
move_handler,src/source/Render/Effects/Behaviors/MoveHandlers.cpp,443,CreateJoint,BITMAP_FLARE+1,Move_MODEL_KENTAUROS_ARROW,move_handler,secondary_candidate,
move_handler,src/source/Render/Effects/Behaviors/MoveHandlers.cpp,502,CreateParticleFpsChecked,BITMAP_LIGHT,Move_MODEL_GHOST,move_handler,secondary_candidate,
move_handler,src/source/Render/Effects/Behaviors/MoveHandlers.cpp,573,CreateParticleFpsChecked,BITMAP_SPARK,Move_MODEL_BUTTERFLY01,move_handler,secondary_candidate,
move_handler,src/source/Render/Effects/Behaviors/MoveHandlers.cpp,576,CreateSprite,BITMAP_LIGHT,Move_MODEL_BUTTERFLY01,move_handler,secondary_candidate,
move_handler,src/source/Render/Effects/Behaviors/MoveHandlers.cpp,591,CreateSprite,BITMAP_SKULL,Move_MODEL_BUTTERFLY01,move_handler,secondary_candidate,
move_handler,src/source/Render/Effects/Behaviors/MoveHandlers.cpp,629,CreateSprite,BITMAP_SKULL,Move_MODEL_BUTTERFLY01,move_handler,secondary_candidate,
move_handler,src/source/Render/Effects/Behaviors/MoveHandlers.cpp,643,CreateParticleFpsChecked,BITMAP_LIGHT,Move_MODEL_BUTTERFLY01,move_handler,secondary_candidate,
move_handler,src/source/Render/Effects/Behaviors/MoveHandlers.cpp,651,CreateSprite,BITMAP_SKULL,Move_MODEL_BUTTERFLY01,move_handler,secondary_candidate,
move_handler,src/source/Render/Effects/Behaviors/MoveHandlers.cpp,659,CreateSprite,BITMAP_SKULL,Move_MODEL_BUTTERFLY01,move_handler,secondary_candidate,
move_handler,src/source/Render/Effects/Behaviors/MoveHandlers.cpp,687,CreateJointFpsChecked,BITMAP_JOINT_HEALING,Move_MODEL__SPEAR,move_handler,secondary_candidate,
move_handler,src/source/Render/Effects/Behaviors/MoveHandlers.cpp,717,CreateParticleFpsChecked,BITMAP_FIRE,Move_MODEL_HALLOWEEN_CANDY_BLUE,move_handler,secondary_candidate,
move_handler,src/source/Render/Effects/Behaviors/MoveHandlers.cpp,802,CreateParticleFpsChecked,BITMAP_SMOKELINE1,Move_MODEL_MOONHARVEST_MOON,move_handler,secondary_candidate,
move_handler,src/source/Render/Effects/Behaviors/MoveHandlers.cpp,803,CreateParticle,BITMAP_SMOKE,Move_MODEL_MOONHARVEST_MOON,move_handler,secondary_candidate,
move_handler,src/source/Render/Effects/Behaviors/MoveHandlers.cpp,804,CreateParticle,BITMAP_SMOKE,Move_MODEL_MOONHARVEST_MOON,move_handler,secondary_candidate,
move_handler,src/source/Render/Effects/Behaviors/MoveHandlers.cpp,805,CreateParticleFpsChecked,BITMAP_SMOKE,Move_MODEL_MOONHARVEST_MOON,move_handler,secondary_candidate,
move_handler,src/source/Render/Effects/Behaviors/MoveHandlers.cpp,808,CreateParticleFpsChecked,BITMAP_WATERFALL_3,Move_MODEL_MOONHARVEST_MOON,move_handler,secondary_candidate,
move_handler,src/source/Render/Effects/Behaviors/MoveHandlers.cpp,864,CreateParticleFpsChecked,BITMAP_FIRE_CURSEDLICH,Move_MODEL_SPEARSKILL,move_handler,secondary_candidate,
move_handler,src/source/Render/Effects/Behaviors/MoveHandlers.cpp,877,CreateParticleFpsChecked,BITMAP_FIRE_HIK1,Move_MODEL_SPEARSKILL,move_handler,secondary_candidate,
move_handler,src/source/Render/Effects/Behaviors/MoveHandlers.cpp,880,CreateParticleFpsChecked,BITMAP_FIRE_CURSEDLICH,Move_MODEL_SPEARSKILL,move_handler,secondary_candidate,
move_handler,src/source/Render/Effects/Behaviors/MoveHandlers.cpp,883,CreateParticleFpsChecked,BITMAP_FIRE_HIK3,Move_MODEL_SPEARSKILL,move_handler,secondary_candidate,
move_handler,src/source/Render/Effects/Behaviors/MoveHandlers.cpp,900,CreateParticleFpsChecked,BITMAP_FIRE_HIK1,Move_MODEL_SPEARSKILL,move_handler,secondary_candidate,
move_handler,src/source/Render/Effects/Behaviors/MoveHandlers.cpp,903,CreateParticleFpsChecked,BITMAP_FIRE_CURSEDLICH,Move_MODEL_SPEARSKILL,move_handler,secondary_candidate,
move_handler,src/source/Render/Effects/Behaviors/MoveHandlers.cpp,906,CreateParticleFpsChecked,BITMAP_FIRE_HIK3,Move_MODEL_SPEARSKILL,move_handler,secondary_candidate,
move_handler,src/source/Render/Effects/Behaviors/MoveHandlers.cpp,927,CreateSprite,BITMAP_LIGHT,Move_MODEL_SPEARSKILL,move_handler,secondary_candidate,
move_handler,src/source/Render/Effects/Behaviors/MoveHandlers.cpp,935,CreateParticleFpsChecked,BITMAP_FIRE_HIK1,Move_MODEL_SPEARSKILL,move_handler,secondary_candidate,
move_handler,src/source/Render/Effects/Behaviors/MoveHandlers.cpp,938,CreateParticleFpsChecked,BITMAP_FIRE_CURSEDLICH,Move_MODEL_SPEARSKILL,move_handler,secondary_candidate,
move_handler,src/source/Render/Effects/Behaviors/MoveHandlers.cpp,941,CreateParticleFpsChecked,BITMAP_FIRE_HIK3,Move_MODEL_SPEARSKILL,move_handler,secondary_candidate,
move_handler,src/source/Render/Effects/Behaviors/MoveHandlers.cpp,955,CreateParticleFpsChecked,BITMAP_FIRE_HIK1,Move_MODEL_SPEARSKILL,move_handler,secondary_candidate,
move_handler,src/source/Render/Effects/Behaviors/MoveHandlers.cpp,958,CreateParticleFpsChecked,BITMAP_FIRE_CURSEDLICH,Move_MODEL_SPEARSKILL,move_handler,secondary_candidate,
move_handler,src/source/Render/Effects/Behaviors/MoveHandlers.cpp,961,CreateParticleFpsChecked,BITMAP_FIRE_HIK3,Move_MODEL_SPEARSKILL,move_handler,secondary_candidate,
move_handler,src/source/Render/Effects/Behaviors/MoveHandlers.cpp,975,CreateParticleFpsChecked,BITMAP_FIRE_HIK1_MONO,Move_MODEL_SPEARSKILL,move_handler,secondary_candidate,
move_handler,src/source/Render/Effects/Behaviors/MoveHandlers.cpp,978,CreateParticleFpsChecked,BITMAP_FIRE_HIK2_MONO,Move_MODEL_SPEARSKILL,move_handler,secondary_candidate,
move_handler,src/source/Render/Effects/Behaviors/MoveHandlers.cpp,981,CreateParticleFpsChecked,BITMAP_FIRE_HIK3_MONO,Move_MODEL_SPEARSKILL,move_handler,secondary_candidate,
move_handler,src/source/Render/Effects/Behaviors/MoveHandlers.cpp,1048,CreateParticleFpsChecked,BITMAP_FIRE_CURSEDLICH,Move_MODEL_SUMMONER_EQUIP_HEAD_SAHAMUTT,move_handler,secondary_candidate,
move_handler,src/source/Render/Effects/Behaviors/MoveHandlers.cpp,1063,CreateEffectFpsChecked,BITMAP_FIRE_CURSEDLICH,Move_MODEL_SUMMONER_EQUIP_HEAD_SAHAMUTT,move_handler,secondary_candidate,
move_handler,src/source/Render/Effects/Behaviors/MoveHandlers.cpp,1106,CreateParticleFpsChecked,BITMAP_LIGHT+2,Move_MODEL_SUMMONER_EQUIP_HEAD_NEIL,move_handler,secondary_candidate,
move_handler,src/source/Render/Effects/Behaviors/MoveHandlers.cpp,1111,CreateParticleFpsChecked,BITMAP_LIGHT+2,Move_MODEL_SUMMONER_EQUIP_HEAD_NEIL,move_handler,secondary_candidate,
move_handler,src/source/Render/Effects/Behaviors/MoveHandlers.cpp,1125,CreateParticleFpsChecked,BITMAP_LIGHT+2,Move_MODEL_SUMMONER_EQUIP_HEAD_NEIL,move_handler,secondary_candidate,
move_handler,src/source/Render/Effects/Behaviors/MoveHandlers.cpp,1253,CreateParticleFpsChecked,BITMAP_FIRE_CURSEDLICH,Move_MODEL_SUMMONER_SUMMON_SAHAMUTT,move_handler,secondary_candidate,
move_handler,src/source/Render/Effects/Behaviors/MoveHandlers.cpp,1254,CreateParticleFpsChecked,BITMAP_FIRE_CURSEDLICH,Move_MODEL_SUMMONER_SUMMON_SAHAMUTT,move_handler,secondary_candidate,
move_handler,src/source/Render/Effects/Behaviors/MoveHandlers.cpp,1255,CreateParticleFpsChecked,BITMAP_FIRE_CURSEDLICH,Move_MODEL_SUMMONER_SUMMON_SAHAMUTT,move_handler,secondary_candidate,
move_handler,src/source/Render/Effects/Behaviors/MoveHandlers.cpp,1272,CreateEffectFpsChecked,MODEL_SUMMONER_SUMMON_NEIL_NIFE1,Move_MODEL_SUMMONER_SUMMON_NEIL,move_handler,secondary_candidate,
move_handler,src/source/Render/Effects/Behaviors/MoveHandlers.cpp,1274,CreateEffectFpsChecked,MODEL_SUMMONER_SUMMON_NEIL_NIFE2,Move_MODEL_SUMMONER_SUMMON_NEIL,move_handler,secondary_candidate,
move_handler,src/source/Render/Effects/Behaviors/MoveHandlers.cpp,1276,CreateEffectFpsChecked,MODEL_SUMMONER_SUMMON_NEIL_NIFE3,Move_MODEL_SUMMONER_SUMMON_NEIL,move_handler,secondary_candidate,
move_handler,src/source/Render/Effects/Behaviors/MoveHandlers.cpp,1287,CreateEffectFpsChecked,MODEL_SUMMONER_SUMMON_NEIL_GROUND1,Move_MODEL_SUMMONER_SUMMON_NEIL,move_handler,secondary_candidate,
move_handler,src/source/Render/Effects/Behaviors/MoveHandlers.cpp,1289,CreateEffectFpsChecked,MODEL_SUMMONER_SUMMON_NEIL_GROUND1,Move_MODEL_SUMMONER_SUMMON_NEIL,move_handler,secondary_candidate,
move_handler,src/source/Render/Effects/Behaviors/MoveHandlers.cpp,1291,CreateEffectFpsChecked,MODEL_SUMMONER_SUMMON_NEIL_GROUND2,Move_MODEL_SUMMONER_SUMMON_NEIL,move_handler,secondary_candidate,
move_handler,src/source/Render/Effects/Behaviors/MoveHandlers.cpp,1293,CreateEffectFpsChecked,MODEL_SUMMONER_SUMMON_NEIL_GROUND3,Move_MODEL_SUMMONER_SUMMON_NEIL,move_handler,secondary_candidate,
move_handler,src/source/Render/Effects/Behaviors/MoveHandlers.cpp,1318,CreateParticleFpsChecked,BITMAP_SMOKE,Move_MODEL_SUMMONER_SUMMON_LAGUL,move_handler,secondary_candidate,
move_handler,src/source/Render/Effects/Behaviors/MoveHandlers.cpp,1324,CreateEffectFpsChecked,BITMAP_CLOUD,Move_MODEL_SUMMONER_SUMMON_LAGUL,move_handler,secondary_candidate,
move_handler,src/source/Render/Effects/Behaviors/MoveHandlers.cpp,1327,CreateParticleFpsChecked,BITMAP_TWINTAIL_WATER,Move_MODEL_SUMMONER_SUMMON_LAGUL,move_handler,secondary_candidate,
move_handler,src/source/Render/Effects/Behaviors/MoveHandlers.cpp,1348,CreateEffectFpsChecked,BITMAP_MAGIC,Move_MODEL_SUMMONER_SUMMON_LAGUL,move_handler,secondary_candidate,
move_handler,src/source/Render/Effects/Behaviors/MoveHandlers.cpp,1351,CreateParticleFpsChecked,BITMAP_FLARE,Move_MODEL_SUMMONER_SUMMON_LAGUL,move_handler,secondary_candidate,
move_handler,src/source/Render/Effects/Behaviors/MoveHandlers.cpp,1359,CreateParticleFpsChecked,BITMAP_FLARE,Move_MODEL_SUMMONER_SUMMON_LAGUL,move_handler,secondary_candidate,
move_handler,src/source/Render/Effects/Behaviors/MoveHandlers.cpp,1361,CreateParticleFpsChecked,BITMAP_FLARE,Move_MODEL_SUMMONER_SUMMON_LAGUL,move_handler,secondary_candidate,
move_handler,src/source/Render/Effects/Behaviors/MoveHandlers.cpp,1366,CreateParticleFpsChecked,BITMAP_FLARE,Move_MODEL_SUMMONER_SUMMON_LAGUL,move_handler,secondary_candidate,
move_handler,src/source/Render/Effects/Behaviors/MoveHandlers.cpp,1578,CreateSprite,BITMAP_PIN_LIGHT,Move_MODEL_SUMMONER_SUMMON_LAGUL,move_handler,secondary_candidate,
move_handler,src/source/Render/Effects/Behaviors/MoveHandlers.cpp,1641,CreateJointFpsChecked,BITMAP_JOINT_THUNDER,Move_MODEL_SUMMONER_SUMMON_LAGUL,move_handler,secondary_candidate,
move_handler,src/source/Render/Effects/Behaviors/MoveHandlers.cpp,1645,CreateParticleFpsChecked,BITMAP_SPARK+1,Move_MODEL_SUMMONER_SUMMON_LAGUL,move_handler,secondary_candidate,
move_handler,src/source/Render/Effects/Behaviors/MoveHandlers.cpp,1647,CreateSprite,BITMAP_SHINY+1,Move_MODEL_SUMMONER_SUMMON_LAGUL,move_handler,secondary_candidate,
move_handler,src/source/Render/Effects/Behaviors/MoveHandlers.cpp,1653,CreateJointFpsChecked,BITMAP_JOINT_THUNDER,Move_MODEL_SUMMONER_SUMMON_LAGUL,move_handler,secondary_candidate,
move_handler,src/source/Render/Effects/Behaviors/MoveHandlers.cpp,1655,CreateSprite,BITMAP_SHINY+1,Move_MODEL_SUMMONER_SUMMON_LAGUL,move_handler,secondary_candidate,
move_handler,src/source/Render/Effects/Behaviors/MoveHandlers.cpp,1659,CreateParticleFpsChecked,BITMAP_SPARK+1,Move_MODEL_SUMMONER_SUMMON_LAGUL,move_handler,secondary_candidate,
move_handler,src/source/Render/Effects/Behaviors/MoveHandlers.cpp,1663,CreateSprite,BITMAP_SHINY+1,Move_MODEL_SUMMONER_SUMMON_LAGUL,move_handler,secondary_candidate,
move_handler,src/source/Render/Effects/Behaviors/MoveHandlers.cpp,1664,CreateParticleFpsChecked,BITMAP_SPARK+1,Move_MODEL_SUMMONER_SUMMON_LAGUL,move_handler,secondary_candidate,
move_handler,src/source/Render/Effects/Behaviors/MoveHandlers.cpp,1687,CreateJointFpsChecked,BITMAP_JOINT_THUNDER,Move_MODEL_SUMMONER_SUMMON_LAGUL,move_handler,secondary_candidate,
move_handler,src/source/Render/Effects/Behaviors/MoveHandlers.cpp,1691,CreateJointFpsChecked,BITMAP_JOINT_THUNDER,Move_MODEL_SUMMONER_SUMMON_LAGUL,move_handler,secondary_candidate,
move_handler,src/source/Render/Effects/Behaviors/MoveHandlers.cpp,1700,CreateEffectFpsChecked,BITMAP_MAGIC+1,Move_MODEL_SUMMONER_SUMMON_LAGUL,move_handler,secondary_candidate,
move_handler,src/source/Render/Effects/Behaviors/MoveHandlers.cpp,1704,CreateParticleFpsChecked,BITMAP_SMOKE,Move_MODEL_SUMMONER_SUMMON_LAGUL,move_handler,secondary_candidate,
move_handler,src/source/Render/Effects/Behaviors/MoveHandlers.cpp,1708,CreateEffectFpsChecked,MODEL_STONE1,Move_MODEL_SUMMONER_SUMMON_LAGUL,move_handler,secondary_candidate,
move_handler,src/source/Render/Effects/Behaviors/MoveHandlers.cpp,1715,CreateEffectFpsChecked,BITMAP_CHROME_ENERGY2,Move_MODEL_SUMMONER_SUMMON_LAGUL,move_handler,secondary_candidate,
move_handler,src/source/Render/Effects/Behaviors/MoveHandlers.cpp,1735,CreateParticleFpsChecked,BITMAP_LIGHT,Move_MODEL_SUMMONER_SUMMON_LAGUL,move_handler,secondary_candidate,
move_handler,src/source/Render/Effects/Behaviors/MoveHandlers.cpp,1781,CreateSprite,BITMAP_IMPACT,Move_MODEL_SUMMONER_SUMMON_LAGUL,move_handler,secondary_candidate,
move_handler,src/source/Render/Effects/Behaviors/MoveHandlers.cpp,1782,CreateSprite,BITMAP_SHINY+1,Move_MODEL_SUMMONER_SUMMON_LAGUL,move_handler,secondary_candidate,
move_handler,src/source/Render/Effects/Behaviors/MoveHandlers.cpp,1784,CreateSprite,BITMAP_ORORA,Move_MODEL_SUMMONER_SUMMON_LAGUL,move_handler,secondary_candidate,
move_handler,src/source/Render/Effects/Behaviors/MoveHandlers.cpp,1786,CreateSprite,BITMAP_ORORA,Move_MODEL_SUMMONER_SUMMON_LAGUL,move_handler,secondary_candidate,
move_handler,src/source/Render/Effects/Behaviors/MoveHandlers.cpp,1806,CreateParticleFpsChecked,BITMAP_FLAME,Move_MODEL_SUMMONER_SUMMON_LAGUL,move_handler,secondary_candidate,
move_handler,src/source/Render/Effects/Behaviors/MoveHandlers.cpp,1810,CreateEffectFpsChecked,MODEL_STONE1,Move_MODEL_SUMMONER_SUMMON_LAGUL,move_handler,secondary_candidate,
move_handler,src/source/Render/Effects/Behaviors/MoveHandlers.cpp,1835,CreateParticleFpsChecked,BITMAP_FLAME,Move_MODEL_SUMMONER_SUMMON_LAGUL,move_handler,secondary_candidate,
move_handler,src/source/Render/Effects/Behaviors/MoveHandlers.cpp,1837,CreateParticleFpsChecked,BITMAP_FIRE+3,Move_MODEL_SUMMONER_SUMMON_LAGUL,move_handler,secondary_candidate,
move_handler,src/source/Render/Effects/Behaviors/MoveHandlers.cpp,1847,CreateParticleFpsChecked,BITMAP_FLAME,Move_MODEL_SUMMONER_SUMMON_LAGUL,move_handler,secondary_candidate,
move_handler,src/source/Render/Effects/Behaviors/MoveHandlers.cpp,1850,CreateParticleFpsChecked,BITMAP_TRUE_FIRE,Move_MODEL_SUMMONER_SUMMON_LAGUL,move_handler,secondary_candidate,
move_handler,src/source/Render/Effects/Behaviors/MoveHandlers.cpp,1855,CreateParticleFpsChecked,BITMAP_SMOKE,Move_MODEL_SUMMONER_SUMMON_LAGUL,move_handler,secondary_candidate,
move_handler,src/source/Render/Effects/Behaviors/MoveHandlers.cpp,1857,CreateEffectFpsChecked,MODEL_STONE1,Move_MODEL_SUMMONER_SUMMON_LAGUL,move_handler,secondary_candidate,
move_handler,src/source/Render/Effects/Behaviors/MoveHandlers.cpp,1876,CreateParticleFpsChecked,BITMAP_FLAME,Move_MODEL_SUMMONER_SUMMON_LAGUL,move_handler,secondary_candidate,
move_handler,src/source/Render/Effects/Behaviors/MoveHandlers.cpp,1879,CreateEffectFpsChecked,MODEL_STONE1,Move_MODEL_SUMMONER_SUMMON_LAGUL,move_handler,secondary_candidate,
move_handler,src/source/Render/Effects/Behaviors/MoveHandlers.cpp,1885,CreateParticleFpsChecked,BITMAP_FLAME,Move_MODEL_SUMMONER_SUMMON_LAGUL,move_handler,secondary_candidate,
move_handler,src/source/Render/Effects/Behaviors/MoveHandlers.cpp,1891,CreateParticleFpsChecked,BITMAP_FLAME,Move_MODEL_SUMMONER_SUMMON_LAGUL,move_handler,secondary_candidate,
move_handler,src/source/Render/Effects/Behaviors/MoveHandlers.cpp,1933,CreateParticleFpsChecked,BITMAP_FLAME,Move_MODEL_RAKLION_BOSS_MAGIC,move_handler,secondary_candidate,
move_handler,src/source/Render/Effects/Behaviors/MoveHandlers.cpp,1938,CreateEffectFpsChecked,MODEL_ICE_SMALL,Move_MODEL_RAKLION_BOSS_MAGIC,move_handler,secondary_candidate,
move_handler,src/source/Render/Effects/Behaviors/MoveHandlers.cpp,1955,CreateParticleFpsChecked,BITMAP_FIRE+3,Move_MODEL_RAKLION_BOSS_MAGIC,move_handler,secondary_candidate,
move_handler,src/source/Render/Effects/Behaviors/MoveHandlers.cpp,2016,CreateJointFpsChecked,BITMAP_JOINT_THUNDER,Move_MODEL_CHAIN_LIGHTNING,move_handler,secondary_candidate,
move_handler,src/source/Render/Effects/Behaviors/MoveHandlers.cpp,2017,CreateJointFpsChecked,BITMAP_JOINT_THUNDER,Move_MODEL_CHAIN_LIGHTNING,move_handler,secondary_candidate,
move_handler,src/source/Render/Effects/Behaviors/MoveHandlers.cpp,2019,CreateJointFpsChecked,BITMAP_JOINT_THUNDER,Move_MODEL_CHAIN_LIGHTNING,move_handler,secondary_candidate,
move_handler,src/source/Render/Effects/Behaviors/MoveHandlers.cpp,2020,CreateJointFpsChecked,BITMAP_JOINT_THUNDER,Move_MODEL_CHAIN_LIGHTNING,move_handler,secondary_candidate,
move_handler,src/source/Render/Effects/Behaviors/MoveHandlers.cpp,2024,CreateJointFpsChecked,BITMAP_JOINT_THUNDER,Move_MODEL_CHAIN_LIGHTNING,move_handler,secondary_candidate,
move_handler,src/source/Render/Effects/Behaviors/MoveHandlers.cpp,2025,CreateJointFpsChecked,BITMAP_JOINT_THUNDER,Move_MODEL_CHAIN_LIGHTNING,move_handler,secondary_candidate,
move_handler,src/source/Render/Effects/Behaviors/MoveHandlers.cpp,2027,CreateJointFpsChecked,BITMAP_JOINT_THUNDER,Move_MODEL_CHAIN_LIGHTNING,move_handler,secondary_candidate,
move_handler,src/source/Render/Effects/Behaviors/MoveHandlers.cpp,2028,CreateJointFpsChecked,BITMAP_JOINT_THUNDER,Move_MODEL_CHAIN_LIGHTNING,move_handler,secondary_candidate,
move_handler,src/source/Render/Effects/Behaviors/MoveHandlers.cpp,2039,CreateJointFpsChecked,BITMAP_JOINT_THUNDER,Move_MODEL_CHAIN_LIGHTNING,move_handler,secondary_candidate,
move_handler,src/source/Render/Effects/Behaviors/MoveHandlers.cpp,2040,CreateJointFpsChecked,BITMAP_JOINT_THUNDER,Move_MODEL_CHAIN_LIGHTNING,move_handler,secondary_candidate,
move_handler,src/source/Render/Effects/Behaviors/MoveHandlers.cpp,2054,CreateParticleFpsChecked,BITMAP_LIGHT,Move_MODEL_CHAIN_LIGHTNING,move_handler,secondary_candidate,
move_handler,src/source/Render/Effects/Behaviors/MoveHandlers.cpp,2112,CreateParticleFpsChecked,BITMAP_LIGHT+2,Move_MODEL_ALICE_DRAIN_LIFE,move_handler,secondary_candidate,
move_handler,src/source/Render/Effects/Behaviors/MoveHandlers.cpp,2124,CreateParticleFpsChecked,BITMAP_LIGHT+2,Move_MODEL_ALICE_DRAIN_LIFE,move_handler,secondary_candidate,
move_handler,src/source/Render/Effects/Behaviors/MoveHandlers.cpp,2177,CreateJointFpsChecked,BITMAP_DRAIN_LIFE_GHOST,Move_MODEL_ALICE_DRAIN_LIFE,move_handler,secondary_candidate,
move_handler,src/source/Render/Effects/Behaviors/MoveHandlers.cpp,2194,CreateParticle,BITMAP_LIGHT,Move_MODEL_ALICE_DRAIN_LIFE,move_handler,secondary_candidate,
move_handler,src/source/Render/Effects/Behaviors/MoveHandlers.cpp,2201,CreateJointFpsChecked,BITMAP_JOINT_ENERGY,Move_MODEL_ALICE_DRAIN_LIFE,move_handler,secondary_candidate,
move_handler,src/source/Render/Effects/Behaviors/MoveHandlers.cpp,2268,CreateSprite,BITMAP_LIGHT,Move_MODEL_ALICE_BUFFSKILL_EFFECT,move_handler,secondary_candidate,
move_handler,src/source/Render/Effects/Behaviors/MoveHandlers.cpp,2269,CreateSprite,BITMAP_LIGHT,Move_MODEL_ALICE_BUFFSKILL_EFFECT,move_handler,secondary_candidate,
move_handler,src/source/Render/Effects/Behaviors/MoveHandlers.cpp,2273,CreateSprite,BITMAP_LIGHT,Move_MODEL_ALICE_BUFFSKILL_EFFECT,move_handler,secondary_candidate,
move_handler,src/source/Render/Effects/Behaviors/MoveHandlers.cpp,2274,CreateSprite,BITMAP_LIGHT,Move_MODEL_ALICE_BUFFSKILL_EFFECT,move_handler,secondary_candidate,
move_handler,src/source/Render/Effects/Behaviors/MoveHandlers.cpp,2293,CreateSprite,BITMAP_SHINY+5,Move_MODEL_ALICE_BUFFSKILL_EFFECT,move_handler,secondary_candidate,
move_handler,src/source/Render/Effects/Behaviors/MoveHandlers.cpp,2294,CreateSprite,BITMAP_SHINY+5,Move_MODEL_ALICE_BUFFSKILL_EFFECT,move_handler,secondary_candidate,
move_handler,src/source/Render/Effects/Behaviors/MoveHandlers.cpp,2298,CreateSprite,BITMAP_SHINY+5,Move_MODEL_ALICE_BUFFSKILL_EFFECT,move_handler,secondary_candidate,
move_handler,src/source/Render/Effects/Behaviors/MoveHandlers.cpp,2299,CreateSprite,BITMAP_SHINY+5,Move_MODEL_ALICE_BUFFSKILL_EFFECT,move_handler,secondary_candidate,
move_handler,src/source/Render/Effects/Behaviors/MoveHandlers.cpp,2327,CreateJointFpsChecked,BITMAP_JOINT_HEALING,Move_MODEL_ALICE_BUFFSKILL_EFFECT,move_handler,secondary_candidate,
move_handler,src/source/Render/Effects/Behaviors/MoveHandlers.cpp,2331,CreateJointFpsChecked,BITMAP_JOINT_HEALING,Move_MODEL_ALICE_BUFFSKILL_EFFECT,move_handler,secondary_candidate,
move_handler,src/source/Render/Effects/Behaviors/MoveHandlers.cpp,2359,CreateParticleFpsChecked,BITMAP_LIGHT+2,Move_MODEL_ALICE_BUFFSKILL_EFFECT,move_handler,secondary_candidate,
move_handler,src/source/Render/Effects/Behaviors/MoveHandlers.cpp,2364,CreateParticleFpsChecked,BITMAP_LIGHT+2,Move_MODEL_ALICE_BUFFSKILL_EFFECT,move_handler,secondary_candidate,
move_handler,src/source/Render/Effects/Behaviors/MoveHandlers.cpp,2371,CreateParticleFpsChecked,BITMAP_TWINTAIL_WATER,Move_MODEL_ALICE_BUFFSKILL_EFFECT,move_handler,secondary_candidate,
move_handler,src/source/Render/Effects/Behaviors/MoveHandlers.cpp,2407,CreateSprite,BITMAP_SHINY+1,Move_MODEL_LIGHTNING_SHOCK,move_handler,secondary_candidate,
move_handler,src/source/Render/Effects/Behaviors/MoveHandlers.cpp,2408,CreateSprite,BITMAP_SHINY+1,Move_MODEL_LIGHTNING_SHOCK,move_handler,secondary_candidate,
move_handler,src/source/Render/Effects/Behaviors/MoveHandlers.cpp,2411,CreateSprite,BITMAP_MAGIC,Move_MODEL_LIGHTNING_SHOCK,move_handler,secondary_candidate,
move_handler,src/source/Render/Effects/Behaviors/MoveHandlers.cpp,2412,CreateSprite,BITMAP_MAGIC,Move_MODEL_LIGHTNING_SHOCK,move_handler,secondary_candidate,
move_handler,src/source/Render/Effects/Behaviors/MoveHandlers.cpp,2415,CreateSprite,BITMAP_PIN_LIGHT,Move_MODEL_LIGHTNING_SHOCK,move_handler,secondary_candidate,
move_handler,src/source/Render/Effects/Behaviors/MoveHandlers.cpp,2416,CreateSprite,BITMAP_PIN_LIGHT,Move_MODEL_LIGHTNING_SHOCK,move_handler,secondary_candidate,
move_handler,src/source/Render/Effects/Behaviors/MoveHandlers.cpp,2419,CreateParticleFpsChecked,BITMAP_MAGIC,Move_MODEL_LIGHTNING_SHOCK,move_handler,secondary_candidate,
move_handler,src/source/Render/Effects/Behaviors/MoveHandlers.cpp,2429,CreateSprite,BITMAP_LIGHT,Move_MODEL_LIGHTNING_SHOCK,move_handler,secondary_candidate,
move_handler,src/source/Render/Effects/Behaviors/MoveHandlers.cpp,2431,CreateParticleFpsChecked,BITMAP_LIGHTNING_MEGA1,Move_MODEL_LIGHTNING_SHOCK,move_handler,secondary_candidate,
move_handler,src/source/Render/Effects/Behaviors/MoveHandlers.cpp,2442,CreateParticleFpsChecked,BITMAP_LIGHTNING_MEGA1,Move_MODEL_LIGHTNING_SHOCK,move_handler,secondary_candidate,
move_handler,src/source/Render/Effects/Behaviors/MoveHandlers.cpp,2448,CreateEffectFpsChecked,MODEL_LIGHTNING_SHOCK,Move_MODEL_LIGHTNING_SHOCK,move_handler,secondary_candidate,
move_handler,src/source/Render/Effects/Behaviors/MoveHandlers.cpp,2465,CreateParticleFpsChecked,BITMAP_LIGHTNING_MEGA1,Move_MODEL_LIGHTNING_SHOCK,move_handler,secondary_candidate,
move_handler,src/source/Render/Effects/Behaviors/MoveHandlers.cpp,2484,CreateParticleFpsChecked,BITMAP_LIGHTNING_MEGA1,Move_MODEL_LIGHTNING_SHOCK,move_handler,secondary_candidate,
move_handler,src/source/Render/Effects/Behaviors/MoveHandlers.cpp,2493,CreateParticleFpsChecked,BITMAP_SMOKE,Move_MODEL_LIGHTNING_SHOCK,move_handler,secondary_candidate,
move_handler,src/source/Render/Effects/Behaviors/MoveHandlers.cpp,2498,CreateParticleFpsChecked,BITMAP_SMOKE,Move_MODEL_LIGHTNING_SHOCK,move_handler,secondary_candidate,
move_handler,src/source/Render/Effects/Behaviors/MoveHandlers.cpp,2501,CreateEffectFpsChecked,MODEL_STONE1,Move_MODEL_LIGHTNING_SHOCK,move_handler,secondary_candidate,
move_handler,src/source/Render/Effects/Behaviors/MoveHandlers.cpp,2521,CreateParticleFpsChecked,BITMAP_LIGHT,Move_MODEL_LIGHTNING_SHOCK,move_handler,secondary_candidate,
move_handler,src/source/Render/Effects/Behaviors/MoveHandlers.cpp,2527,CreateParticleFpsChecked,BITMAP_LIGHTNING_MEGA1,Move_MODEL_LIGHTNING_SHOCK,move_handler,secondary_candidate,
move_handler,src/source/Render/Effects/Behaviors/MoveHandlers.cpp,2533,CreateParticleFpsChecked,BITMAP_SMOKE,Move_MODEL_LIGHTNING_SHOCK,move_handler,secondary_candidate,
move_handler,src/source/Render/Effects/Behaviors/MoveHandlers.cpp,2538,CreateParticleFpsChecked,BITMAP_SMOKE,Move_MODEL_LIGHTNING_SHOCK,move_handler,secondary_candidate,
move_handler,src/source/Render/Effects/Behaviors/MoveHandlers.cpp,2564,CreateEffectFpsChecked,MODEL_STONE1,Move_MODEL_SKILL_BLAST,move_handler,secondary_candidate,
move_handler,src/source/Render/Effects/Behaviors/MoveHandlers.cpp,2567,CreateParticleFpsChecked,BITMAP_SHINY+4,Move_MODEL_SKILL_BLAST,move_handler,secondary_candidate,
move_handler,src/source/Render/Effects/Behaviors/MoveHandlers.cpp,2568,CreateParticleFpsChecked,BITMAP_EXPLOTION,Move_MODEL_SKILL_BLAST,move_handler,secondary_candidate,
move_handler,src/source/Render/Effects/Behaviors/MoveHandlers.cpp,2574,CreateSprite,BITMAP_SHINY+4,Move_MODEL_SKILL_BLAST,move_handler,secondary_candidate,
move_handler,src/source/Render/Effects/Behaviors/MoveHandlers.cpp,2772,CreateEffectFpsChecked,MODEL_SKILL_WHEEL2,Move_MODEL_SKILL_WHEEL1,move_handler,secondary_candidate,
move_handler,src/source/Render/Effects/Behaviors/MoveHandlers.cpp,2808,CreateParticleFpsChecked,BITMAP_SMOKE,Move_MODEL_SKILL_WHEEL2,move_handler,secondary_candidate,
move_handler,src/source/Render/Effects/Behaviors/MoveHandlers.cpp,2825,CreateParticleFpsChecked,BITMAP_WATERFALL_5,Move_MODEL_SKILL_WHEEL2,move_handler,secondary_candidate,
move_handler,src/source/Render/Effects/Behaviors/MoveHandlers.cpp,2838,CreateJointFpsChecked,BITMAP_JOINT_SPARK,Move_MODEL_SKILL_WHEEL2,move_handler,secondary_candidate,
move_handler,src/source/Render/Effects/Behaviors/MoveHandlers.cpp,2839,CreateParticleFpsChecked,BITMAP_SPARK,Move_MODEL_SKILL_WHEEL2,move_handler,secondary_candidate,
move_handler,src/source/Render/Effects/Behaviors/MoveHandlers.cpp,2846,CreateSprite,BITMAP_LIGHT,Move_MODEL_SKILL_WHEEL2,move_handler,secondary_candidate,
move_handler,src/source/Render/Effects/Behaviors/MoveHandlers.cpp,2875,CreateEffect,BITMAP_MAGIC+1,Move_MODEL_SKILL_FISSURE,move_handler,secondary_candidate,
move_handler,src/source/Render/Effects/Behaviors/MoveHandlers.cpp,2879,CreateJointFpsChecked,BITMAP_FLARE,Move_MODEL_SKILL_FISSURE,move_handler,secondary_candidate,
move_handler,src/source/Render/Effects/Behaviors/MoveHandlers.cpp,2885,CreateEffectFpsChecked,MODEL_FISSURE,Move_MODEL_SKILL_FISSURE,move_handler,secondary_candidate,
move_handler,src/source/Render/Effects/Behaviors/MoveHandlers.cpp,2886,CreateEffectFpsChecked,MODEL_FISSURE_LIGHT,Move_MODEL_SKILL_FISSURE,move_handler,secondary_candidate,
move_handler,src/source/Render/Effects/Behaviors/MoveHandlers.cpp,2917,CreateEffectFpsChecked,MODEL_STONE1,Move_MODEL_FISSURE,move_handler,secondary_candidate,
move_handler,src/source/Render/Effects/Behaviors/MoveHandlers.cpp,2928,CreateParticleFpsChecked,BITMAP_TRUE_FIRE,Move_MODEL_FISSURE,move_handler,secondary_candidate,
move_handler,src/source/Render/Effects/Behaviors/MoveHandlers.cpp,2929,CreateParticleFpsChecked,BITMAP_SMOKE,Move_MODEL_FISSURE,move_handler,secondary_candidate,
move_handler,src/source/Render/Effects/Behaviors/MoveHandlers.cpp,2988,CreateParticleFpsChecked,BITMAP_EXPLOTION,Move_MODEL_SKILL_FURY_STRIKE,move_handler,secondary_candidate,
move_handler,src/source/Render/Effects/Behaviors/MoveHandlers.cpp,3001,CreateJointFpsChecked,BITMAP_JOINT_SPARK,Move_MODEL_SKILL_FURY_STRIKE,move_handler,secondary_candidate,
move_handler,src/source/Render/Effects/Behaviors/MoveHandlers.cpp,3002,CreateParticleFpsChecked,BITMAP_SPARK,Move_MODEL_SKILL_FURY_STRIKE,move_handler,secondary_candidate,
move_handler,src/source/Render/Effects/Behaviors/MoveHandlers.cpp,3009,CreateEffectFpsChecked,MODEL_WAVE,Move_MODEL_SKILL_FURY_STRIKE,move_handler,secondary_candidate,Wave
move_handler,src/source/Render/Effects/Behaviors/MoveHandlers.cpp,3017,CreateEffectFpsChecked,MODEL_SKILL_FURY_STRIKE+3,Move_MODEL_SKILL_FURY_STRIKE,move_handler,secondary_candidate,
move_handler,src/source/Render/Effects/Behaviors/MoveHandlers.cpp,3018,CreateEffectFpsChecked,MODEL_SKILL_FURY_STRIKE+1,Move_MODEL_SKILL_FURY_STRIKE,move_handler,secondary_candidate,
move_handler,src/source/Render/Effects/Behaviors/MoveHandlers.cpp,3019,CreateEffectFpsChecked,MODEL_SKILL_FURY_STRIKE+2,Move_MODEL_SKILL_FURY_STRIKE,move_handler,secondary_candidate,
move_handler,src/source/Render/Effects/Behaviors/MoveHandlers.cpp,3049,CreateEffectFpsChecked,MODEL_SKILL_FURY_STRIKE+4,Move_MODEL_SKILL_FURY_STRIKE,move_handler,secondary_candidate,
move_handler,src/source/Render/Effects/Behaviors/MoveHandlers.cpp,3050,CreateEffectFpsChecked,MODEL_SKILL_FURY_STRIKE+5,Move_MODEL_SKILL_FURY_STRIKE,move_handler,secondary_candidate,
move_handler,src/source/Render/Effects/Behaviors/MoveHandlers.cpp,3096,CreateEffectFpsChecked,MODEL_SKILL_FURY_STRIKE+7,Move_MODEL_SKILL_FURY_STRIKE,move_handler,secondary_candidate,
move_handler,src/source/Render/Effects/Behaviors/MoveHandlers.cpp,3097,CreateEffectFpsChecked,MODEL_SKILL_FURY_STRIKE+8,Move_MODEL_SKILL_FURY_STRIKE,move_handler,secondary_candidate,
move_handler,src/source/Render/Effects/Behaviors/MoveHandlers.cpp,3136,CreateEffectFpsChecked,MODEL_TAIL,Move_MODEL_SKILL_FURY_STRIKE,move_handler,secondary_candidate,
move_handler,src/source/Render/Effects/Behaviors/MoveHandlers.cpp,3145,CreateEffectFpsChecked,MODEL_TAIL,Move_MODEL_SKILL_FURY_STRIKE,move_handler,secondary_candidate,
move_handler,src/source/Render/Effects/Behaviors/MoveHandlers.cpp,3216,CreateJointFpsChecked,BITMAP_FLARE,Move_MODEL_CHANGE_UP_EFF,move_handler,secondary_candidate,
move_handler,src/source/Render/Effects/Behaviors/MoveHandlers.cpp,3220,CreateJoint,BITMAP_FLARE,Move_MODEL_CHANGE_UP_EFF,move_handler,secondary_candidate,
move_handler,src/source/Render/Effects/Behaviors/MoveHandlers.cpp,3221,CreateJoint,BITMAP_FLARE,Move_MODEL_CHANGE_UP_EFF,move_handler,secondary_candidate,
move_handler,src/source/Render/Effects/Behaviors/MoveHandlers.cpp,3224,CreateEffectFpsChecked,BITMAP_MAGIC,Move_MODEL_CHANGE_UP_EFF,move_handler,secondary_candidate,
move_handler,src/source/Render/Effects/Behaviors/MoveHandlers.cpp,3251,CreateEffectFpsChecked,MODEL_CHANGE_UP_NASA,Move_MODEL_CHANGE_UP_NASA,move_handler,secondary_candidate,
move_handler,src/source/Render/Effects/Behaviors/MoveHandlers.cpp,3256,CreateEffectFpsChecked,MODEL_CHANGE_UP_NASA,Move_MODEL_CHANGE_UP_NASA,move_handler,secondary_candidate,
move_handler,src/source/Render/Effects/Behaviors/MoveHandlers.cpp,3260,CreateEffectFpsChecked,MODEL_CHANGE_UP_NASA,Move_MODEL_CHANGE_UP_NASA,move_handler,secondary_candidate,
move_handler,src/source/Render/Effects/Behaviors/MoveHandlers.cpp,3334,CreateParticleFpsChecked,BITMAP_SMOKE,Move_MODEL_DARK_ELF_SKILL,move_handler,secondary_candidate,
move_handler,src/source/Render/Effects/Behaviors/MoveHandlers.cpp,3355,CreateParticleFpsChecked,BITMAP_SMOKE,Move_MODEL_MAGIC2,move_handler,secondary_candidate,
move_handler,src/source/Render/Effects/Behaviors/MoveHandlers.cpp,3368,CreateParticleFpsChecked,BITMAP_SMOKE,Move_MODEL_MAGIC2,move_handler,secondary_candidate,
move_handler,src/source/Render/Effects/Behaviors/MoveHandlers.cpp,3372,CreateSprite,BITMAP_SHINY+1,Move_MODEL_MAGIC2,move_handler,secondary_candidate,
move_handler,src/source/Render/Effects/Behaviors/MoveHandlers.cpp,3373,CreateSprite,BITMAP_SHINY+1,Move_MODEL_MAGIC2,move_handler,secondary_candidate,
move_handler,src/source/Render/Effects/Behaviors/MoveHandlers.cpp,3375,CreateSprite,BITMAP_LIGHT,Move_MODEL_MAGIC2,move_handler,secondary_candidate,
move_handler,src/source/Render/Effects/Behaviors/MoveHandlers.cpp,3393,CreateParticleFpsChecked,BITMAP_SMOKE,Move_MODEL_STORM,move_handler,secondary_candidate,
move_handler,src/source/Render/Effects/Behaviors/MoveHandlers.cpp,3398,CreateJointFpsChecked,BITMAP_JOINT_THUNDER,Move_MODEL_STORM,move_handler,secondary_candidate,
move_handler,src/source/Render/Effects/Behaviors/MoveHandlers.cpp,3403,CreateJointFpsChecked,BITMAP_JOINT_THUNDER,Move_MODEL_STORM,move_handler,secondary_candidate,
move_handler,src/source/Render/Effects/Behaviors/MoveHandlers.cpp,3407,CreateEffectFpsChecked,MODEL_STONE1,Move_MODEL_STORM,move_handler,secondary_candidate,
move_handler,src/source/Render/Effects/Behaviors/MoveHandlers.cpp,3434,CreateParticleFpsChecked,BITMAP_SMOKE,Move_MODEL_STORM,move_handler,secondary_candidate,
move_handler,src/source/Render/Effects/Behaviors/MoveHandlers.cpp,3435,CreateParticleFpsChecked,BITMAP_BUBBLE,Move_MODEL_STORM,move_handler,secondary_candidate,
move_handler,src/source/Render/Effects/Behaviors/MoveHandlers.cpp,3449,CreateParticleFpsChecked,BITMAP_SMOKE,Move_MODEL_STORM,move_handler,secondary_candidate,
move_handler,src/source/Render/Effects/Behaviors/MoveHandlers.cpp,3450,CreateParticleFpsChecked,BITMAP_BUBBLE,Move_MODEL_STORM,move_handler,secondary_candidate,
move_handler,src/source/Render/Effects/Behaviors/MoveHandlers.cpp,3461,CreateParticleFpsChecked,BITMAP_SMOKE,Move_MODEL_STORM,move_handler,secondary_candidate,
move_handler,src/source/Render/Effects/Behaviors/MoveHandlers.cpp,3462,CreateParticleFpsChecked,BITMAP_SMOKE,Move_MODEL_STORM,move_handler,secondary_candidate,
move_handler,src/source/Render/Effects/Behaviors/MoveHandlers.cpp,3463,CreateParticleFpsChecked,BITMAP_SMOKE,Move_MODEL_STORM,move_handler,secondary_candidate,
move_handler,src/source/Render/Effects/Behaviors/MoveHandlers.cpp,3465,CreateEffectFpsChecked,MODEL_STONE1,Move_MODEL_STORM,move_handler,secondary_candidate,
move_handler,src/source/Render/Effects/Behaviors/MoveHandlers.cpp,3539,CreateParticleFpsChecked,BITMAP_CLUD64,Move_MODEL_STORM2,move_handler,secondary_candidate,
move_handler,src/source/Render/Effects/Behaviors/MoveHandlers.cpp,3552,CreateJointFpsChecked,BITMAP_JOINT_THUNDER,Move_MODEL_STORM2,move_handler,secondary_candidate,
move_handler,src/source/Render/Effects/Behaviors/MoveHandlers.cpp,3557,CreateEffectFpsChecked,MODEL_STONE1,Move_MODEL_STORM2,move_handler,secondary_candidate,
move_handler,src/source/Render/Effects/Behaviors/MoveHandlers.cpp,3580,CreateEffectFpsChecked,MODEL_STONE1,Move_MODEL_STORM2,move_handler,secondary_candidate,
move_handler,src/source/Render/Effects/Behaviors/MoveHandlers.cpp,3614,CreateJointFpsChecked,BITMAP_JOINT_THUNDER,Move_MODEL_STORM3,move_handler,secondary_candidate,
move_handler,src/source/Render/Effects/Behaviors/MoveHandlers.cpp,3649,CreateEffectFpsChecked,MODEL_SKILL_INFERNO,Move_MODEL_MAYASTONE1,move_handler,secondary_candidate,
move_handler,src/source/Render/Effects/Behaviors/MoveHandlers.cpp,3658,CreateParticleFpsChecked,BITMAP_SMOKE,Move_MODEL_MAYASTONE1,move_handler,secondary_candidate,
move_handler,src/source/Render/Effects/Behaviors/MoveHandlers.cpp,3662,CreateEffectFpsChecked,MODEL_MAYASTONE4,Move_MODEL_MAYASTONE1,move_handler,secondary_candidate,
move_handler,src/source/Render/Effects/Behaviors/MoveHandlers.cpp,3664,CreateParticleFpsChecked,BITMAP_EXPLOTION,Move_MODEL_MAYASTONE1,move_handler,secondary_candidate,
move_handler,src/source/Render/Effects/Behaviors/MoveHandlers.cpp,3693,CreateParticleFpsChecked,BITMAP_FIRE,Move_MODEL_MAYASTONE4,move_handler,secondary_candidate,
move_handler,src/source/Render/Effects/Behaviors/MoveHandlers.cpp,3727,CreateParticleFpsChecked,BITMAP_SMOKE,Move_MODEL_MAYAHANDSKILL,move_handler,secondary_candidate,
move_handler,src/source/Render/Effects/Behaviors/MoveHandlers.cpp,3734,CreateEffectFpsChecked,MODEL_MAYAHANDSKILL,Move_MODEL_MAYAHANDSKILL,move_handler,secondary_candidate,
move_handler,src/source/Render/Effects/Behaviors/MoveHandlers.cpp,3748,CreateParticleFpsChecked,BITMAP_SMOKE,Move_MODEL_MAYAHANDSKILL,move_handler,secondary_candidate,
move_handler,src/source/Render/Effects/Behaviors/MoveHandlers.cpp,3774,CreateJointFpsChecked,BITMAP_JOINT_SPIRIT,Move_MODEL_CIRCLE,move_handler,secondary_candidate,
move_handler,src/source/Render/Effects/Behaviors/MoveHandlers.cpp,3779,CreateJointFpsChecked,BITMAP_JOINT_SPIRIT,Move_MODEL_CIRCLE,move_handler,secondary_candidate,
move_handler,src/source/Render/Effects/Behaviors/MoveHandlers.cpp,3819,CreateJointFpsChecked,BITMAP_JOINT_SPIRIT,Move_MODEL_CIRCLE,move_handler,secondary_candidate,
move_handler,src/source/Render/Effects/Behaviors/MoveHandlers.cpp,3820,CreateJointFpsChecked,BITMAP_JOINT_SPIRIT,Move_MODEL_CIRCLE,move_handler,secondary_candidate,
move_handler,src/source/Render/Effects/Behaviors/MoveHandlers.cpp,3857,CreateEffectFpsChecked,MODEL_STONE1,Move_MODEL_CIRCLE_LIGHT,move_handler,secondary_candidate,
move_handler,src/source/Render/Effects/Behaviors/MoveHandlers.cpp,3884,CreateParticleFpsChecked,BITMAP_FLARE_BLUE,Move_MODEL_CIRCLE_LIGHT,move_handler,secondary_candidate,
move_handler,src/source/Render/Effects/Behaviors/MoveHandlers.cpp,3889,CreateJointFpsChecked,BITMAP_FLARE_BLUE,Move_MODEL_CIRCLE_LIGHT,move_handler,secondary_candidate,
move_handler,src/source/Render/Effects/Behaviors/MoveHandlers.cpp,3917,CreateParticleFpsChecked,BITMAP_FLARE_BLUE,Move_MODEL_CIRCLE_LIGHT,move_handler,secondary_candidate,
move_handler,src/source/Render/Effects/Behaviors/MoveHandlers.cpp,3920,CreateJointFpsChecked,BITMAP_FLARE_BLUE,Move_MODEL_CIRCLE_LIGHT,move_handler,secondary_candidate,
move_handler,src/source/Render/Effects/Behaviors/MoveHandlers.cpp,3975,CreateParticleFpsChecked,BITMAP_SMOKE,Move_MODEL_ICE_SMALL,move_handler,secondary_candidate,
move_handler,src/source/Render/Effects/Behaviors/MoveHandlers.cpp,3978,CreateParticleFpsChecked,BITMAP_FIRE,Move_MODEL_ICE_SMALL,move_handler,secondary_candidate,
move_handler,src/source/Render/Effects/Behaviors/MoveHandlers.cpp,4042,CreateParticleFpsChecked,BITMAP_FIRE,Move_MODEL_SKULL,move_handler,secondary_candidate,
move_handler,src/source/Render/Effects/Behaviors/MoveHandlers.cpp,4100,CreateParticleFpsChecked,BITMAP_WATERFALL_5,Move_MODEL_CUNDUN_PART1,move_handler,secondary_candidate,
move_handler,src/source/Render/Effects/Behaviors/MoveHandlers.cpp,4107,CreateParticleFpsChecked,BITMAP_BUBBLE,Move_MODEL_CUNDUN_PART1,move_handler,secondary_candidate,
move_handler,src/source/Render/Effects/Behaviors/MoveHandlers.cpp,4156,CreateJointFpsChecked,BITMAP_JOINT_SPIRIT2,Move_MODEL_CUNDUN_PART1,move_handler,secondary_candidate,
move_handler,src/source/Render/Effects/Behaviors/MoveHandlers.cpp,4163,CreateParticleFpsChecked,BITMAP_SMOKE+3,Move_MODEL_CUNDUN_PART1,move_handler,secondary_candidate,
move_handler,src/source/Render/Effects/Behaviors/MoveHandlers.cpp,4331,CreateParticleFpsChecked,BITMAP_WATERFALL_5,Move_MODEL_WATER_WAVE,move_handler,secondary_candidate,
move_handler,src/source/Render/Effects/Behaviors/MoveHandlers.cpp,4350,CreateParticleFpsChecked,BITMAP_EXPLOTION,Move_MODEL_STAFF_OF_DESTRUCTION,move_handler,secondary_candidate,
move_handler,src/source/Render/Effects/Behaviors/MoveHandlers.cpp,4354,CreateEffectFpsChecked,MODEL_STONE1,Move_MODEL_STAFF_OF_DESTRUCTION,move_handler,secondary_candidate,
move_handler,src/source/Render/Effects/Behaviors/MoveHandlers.cpp,4386,CreateJointFpsChecked,BITMAP_JOINT_THUNDER,Move_MODEL_PIERCING,move_handler,secondary_candidate,
move_handler,src/source/Render/Effects/Behaviors/MoveHandlers.cpp,4387,CreateSprite,BITMAP_SHINY+1,Move_MODEL_PIERCING,move_handler,secondary_candidate,
move_handler,src/source/Render/Effects/Behaviors/MoveHandlers.cpp,4457,CreateEffectFpsChecked,MODEL_PIERCING,Move_MODEL_ARROW_HOLY,move_handler,secondary_candidate,
move_handler,src/source/Render/Effects/Behaviors/MoveHandlers.cpp,4474,CreateEffectFpsChecked,MODEL_PIERCING,Move_MODEL_ARROW_HOLY,move_handler,secondary_candidate,
move_handler,src/source/Render/Effects/Behaviors/MoveHandlers.cpp,4520,CreateParticleFpsChecked,BITMAP_FIRE,Move_MODEL_ARROW,move_handler,secondary_candidate,
move_handler,src/source/Render/Effects/Behaviors/MoveHandlers.cpp,4525,CreateParticleFpsChecked,BITMAP_FIRE,Move_MODEL_ARROW,move_handler,secondary_candidate,
move_handler,src/source/Render/Effects/Behaviors/MoveHandlers.cpp,4530,CreateParticleFpsChecked,BITMAP_FIRE,Move_MODEL_ARROW,move_handler,secondary_candidate,
move_handler,src/source/Render/Effects/Behaviors/MoveHandlers.cpp,4546,CreateSprite,BITMAP_LIGHTNING+1,Move_MODEL_ARROW_STEEL,move_handler,secondary_candidate,
move_handler,src/source/Render/Effects/Behaviors/MoveHandlers.cpp,4547,CreateSprite,BITMAP_LIGHTNING+1,Move_MODEL_ARROW_STEEL,move_handler,secondary_candidate,
move_handler,src/source/Render/Effects/Behaviors/MoveHandlers.cpp,4562,CreateParticleFpsChecked,BITMAP_FLARE,Move_MODEL_ARROW_STEEL,move_handler,secondary_candidate,
move_handler,src/source/Render/Effects/Behaviors/MoveHandlers.cpp,4568,CreateSprite,BITMAP_LIGHTNING+1,Move_MODEL_ARROW_STEEL,move_handler,secondary_candidate,
move_handler,src/source/Render/Effects/Behaviors/MoveHandlers.cpp,4569,CreateSprite,BITMAP_LIGHTNING+1,Move_MODEL_ARROW_STEEL,move_handler,secondary_candidate,
move_handler,src/source/Render/Effects/Behaviors/MoveHandlers.cpp,4574,CreateParticleFpsChecked,BITMAP_FLOWER01,Move_MODEL_ARROW_STEEL,move_handler,secondary_candidate,
move_handler,src/source/Render/Effects/Behaviors/MoveHandlers.cpp,4575,CreateParticle,BITMAP_BUBBLE,Move_MODEL_ARROW_STEEL,move_handler,secondary_candidate,
move_handler,src/source/Render/Effects/Behaviors/MoveHandlers.cpp,4595,CreateParticleFpsChecked,BITMAP_FLARE,Move_MODEL_ARROW_STEEL,move_handler,secondary_candidate,
move_handler,src/source/Render/Effects/Behaviors/MoveHandlers.cpp,4599,CreateEffectFpsChecked,MODEL_WAVES,Move_MODEL_ARROW_STEEL,move_handler,secondary_candidate,
move_handler,src/source/Render/Effects/Behaviors/MoveHandlers.cpp,4606,CreateSprite,BITMAP_LIGHTNING+1,Move_MODEL_ARROW_STEEL,move_handler,secondary_candidate,
move_handler,src/source/Render/Effects/Behaviors/MoveHandlers.cpp,4607,CreateSprite,BITMAP_LIGHTNING+1,Move_MODEL_ARROW_STEEL,move_handler,secondary_candidate,
move_handler,src/source/Render/Effects/Behaviors/MoveHandlers.cpp,4612,CreateParticleFpsChecked,BITMAP_BUBBLE,Move_MODEL_ARROW_STEEL,move_handler,secondary_candidate,
move_handler,src/source/Render/Effects/Behaviors/MoveHandlers.cpp,4614,CreateParticleFpsChecked,BITMAP_SMOKE,Move_MODEL_ARROW_STEEL,move_handler,secondary_candidate,
move_handler,src/source/Render/Effects/Behaviors/MoveHandlers.cpp,4642,CreateParticleFpsChecked,BITMAP_FLAME,Move_MODEL_DARK_SCREAM_FIRE,move_handler,secondary_candidate,
move_handler,src/source/Render/Effects/Behaviors/MoveHandlers.cpp,4712,CreateEffectFpsChecked,BITMAP_SHOCK_WAVE,Move_MODEL_CURSEDTEMPLE_PRODECTION_SKILL,move_handler,secondary_candidate,
move_handler,src/source/Render/Effects/Behaviors/MoveHandlers.cpp,4765,CreateEffectFpsChecked,MODEL_WAVES,Move_MODEL_ARROW_RING,move_handler,secondary_candidate,
move_handler,src/source/Render/Effects/Behaviors/MoveHandlers.cpp,4793,CreateSprite,BITMAP_LIGHT,Move_MODEL_ARROW_BOMB,move_handler,secondary_candidate,
move_handler,src/source/Render/Effects/Behaviors/MoveHandlers.cpp,4794,CreateSprite,BITMAP_LIGHT,Move_MODEL_ARROW_BOMB,move_handler,secondary_candidate,
move_handler,src/source/Render/Effects/Behaviors/MoveHandlers.cpp,4800,CreateParticleFpsChecked,BITMAP_BUBBLE,Move_MODEL_ARROW_BOMB,move_handler,secondary_candidate,
move_handler,src/source/Render/Effects/Behaviors/MoveHandlers.cpp,4846,CreateSprite,BITMAP_LIGHT,Move_MODEL_ARROW_DARKSTINGER,move_handler,secondary_candidate,
move_handler,src/source/Render/Effects/Behaviors/MoveHandlers.cpp,4847,CreateSprite,BITMAP_LIGHT,Move_MODEL_ARROW_DARKSTINGER,move_handler,secondary_candidate,
move_handler,src/source/Render/Effects/Behaviors/MoveHandlers.cpp,4856,CreateEffectFpsChecked,MODEL_FEATHER,Move_MODEL_ARROW_DARKSTINGER,move_handler,secondary_candidate,
move_handler,src/source/Render/Effects/Behaviors/MoveHandlers.cpp,4857,CreateEffectFpsChecked,MODEL_FEATHER,Move_MODEL_ARROW_DARKSTINGER,move_handler,secondary_candidate,
move_handler,src/source/Render/Effects/Behaviors/MoveHandlers.cpp,4865,CreateJointFpsChecked,BITMAP_FLARE+1,Move_MODEL_ARROW_DARKSTINGER,move_handler,secondary_candidate,
move_handler,src/source/Render/Effects/Behaviors/MoveHandlers.cpp,4900,CreateEffectFpsChecked,BITMAP_FIRECRACKER,Move_MODEL_WARCRAFT,move_handler,secondary_candidate,
move_handler,src/source/Render/Effects/Behaviors/MoveHandlers.cpp,4917,CreateParticleFpsChecked,BITMAP_FIRECRACKER,Move_MODEL_WARCRAFT,move_handler,secondary_candidate,
move_handler,src/source/Render/Effects/Behaviors/MoveHandlers.cpp,4921,CreateParticleFpsChecked,BITMAP_FIRECRACKER,Move_MODEL_WARCRAFT,move_handler,secondary_candidate,
move_handler,src/source/Render/Effects/Behaviors/MoveHandlers.cpp,4937,CreateJointFpsChecked,BITMAP_JOINT_SPIRIT,Move_MODEL_WARCRAFT,move_handler,secondary_candidate,
move_handler,src/source/Render/Effects/Behaviors/MoveHandlers.cpp,4955,CreateEffectFpsChecked,BITMAP_FIRECRACKER0003,Move_MODEL_WARCRAFT,move_handler,secondary_candidate,
move_handler,src/source/Render/Effects/Behaviors/MoveHandlers.cpp,4973,CreateSprite,BITMAP_DS_SHOCK,Move_MODEL_WARCRAFT,move_handler,secondary_candidate,
move_handler,src/source/Render/Effects/Behaviors/MoveHandlers.cpp,4985,CreateSprite,BITMAP_FIRECRACKER0001,Move_MODEL_WARCRAFT,move_handler,secondary_candidate,
move_handler,src/source/Render/Effects/Behaviors/MoveHandlers.cpp,5004,CreateJointFpsChecked,BITMAP_JOINT_FORCE,Move_MODEL_WARCRAFT,move_handler,secondary_candidate,
move_handler,src/source/Render/Effects/Behaviors/MoveHandlers.cpp,5008,CreateJointFpsChecked,BITMAP_JOINT_FORCE,Move_MODEL_WARCRAFT,move_handler,secondary_candidate,
move_handler,src/source/Render/Effects/Behaviors/MoveHandlers.cpp,5010,CreateJointFpsChecked,BITMAP_JOINT_FORCE,Move_MODEL_WARCRAFT,move_handler,secondary_candidate,
move_handler,src/source/Render/Effects/Behaviors/MoveHandlers.cpp,5033,CreateParticleFpsChecked,BITMAP_FIRE+2,Move_MODEL_WARCRAFT,move_handler,secondary_candidate,
move_handler,src/source/Render/Effects/Behaviors/MoveHandlers.cpp,5038,CreateSprite,BITMAP_SHINY+1,Move_MODEL_WARCRAFT,move_handler,secondary_candidate,
move_handler,src/source/Render/Effects/Behaviors/MoveHandlers.cpp,5039,CreateSprite,BITMAP_LIGHT,Move_MODEL_WARCRAFT,move_handler,secondary_candidate,
move_handler,src/source/Render/Effects/Behaviors/MoveHandlers.cpp,5050,CreateParticleFpsChecked,BITMAP_FIRE+2,Move_MODEL_WARCRAFT,move_handler,secondary_candidate,
move_handler,src/source/Render/Effects/Behaviors/MoveHandlers.cpp,5055,CreateSprite,BITMAP_SHINY+1,Move_MODEL_WARCRAFT,move_handler,secondary_candidate,
move_handler,src/source/Render/Effects/Behaviors/MoveHandlers.cpp,5056,CreateSprite,BITMAP_LIGHT,Move_MODEL_WARCRAFT,move_handler,secondary_candidate,
move_handler,src/source/Render/Effects/Behaviors/MoveHandlers.cpp,5064,CreateParticleFpsChecked,BITMAP_SMOKE,Move_MODEL_WARCRAFT,move_handler,secondary_candidate,
move_handler,src/source/Render/Effects/Behaviors/MoveHandlers.cpp,5067,CreateEffectFpsChecked,MODEL_ICE_SMALL,Move_MODEL_WARCRAFT,move_handler,secondary_candidate,
move_handler,src/source/Render/Effects/Behaviors/MoveHandlers.cpp,5097,CreateParticleFpsChecked,BITMAP_FIRE+2,Move_MODEL_WARCRAFT,move_handler,secondary_candidate,
move_handler,src/source/Render/Effects/Behaviors/MoveHandlers.cpp,5102,CreateParticleFpsChecked,BITMAP_FIRE+2,Move_MODEL_WARCRAFT,move_handler,secondary_candidate,
move_handler,src/source/Render/Effects/Behaviors/MoveHandlers.cpp,5125,CreateParticleFpsChecked,BITMAP_SHINY,Move_MODEL_SHINE,move_handler,secondary_candidate,
move_handler,src/source/Render/Effects/Behaviors/MoveHandlers.cpp,5146,CreateParticleFpsChecked,BITMAP_SMOKE,Move_MODEL_BLIZZARD,move_handler,secondary_candidate,
move_handler,src/source/Render/Effects/Behaviors/MoveHandlers.cpp,5149,CreateParticleFpsChecked,BITMAP_ENERGY,Move_MODEL_BLIZZARD,move_handler,secondary_candidate,
move_handler,src/source/Render/Effects/Behaviors/MoveHandlers.cpp,5153,CreateParticleFpsChecked,BITMAP_FIRE+2,Move_MODEL_BLIZZARD,move_handler,secondary_candidate,
move_handler,src/source/Render/Effects/Behaviors/MoveHandlers.cpp,5159,CreateSprite,BITMAP_SHINY+1,Move_MODEL_BLIZZARD,move_handler,secondary_candidate,
move_handler,src/source/Render/Effects/Behaviors/MoveHandlers.cpp,5160,CreateSprite,BITMAP_LIGHT,Move_MODEL_BLIZZARD,move_handler,secondary_candidate,
move_handler,src/source/Render/Effects/Behaviors/MoveHandlers.cpp,5168,CreateParticleFpsChecked,BITMAP_SMOKE,Move_MODEL_BLIZZARD,move_handler,secondary_candidate,
move_handler,src/source/Render/Effects/Behaviors/MoveHandlers.cpp,5172,CreateEffectFpsChecked,MODEL_ICE_SMALL,Move_MODEL_BLIZZARD,move_handler,secondary_candidate,
move_handler,src/source/Render/Effects/Behaviors/MoveHandlers.cpp,5175,CreateEffectFpsChecked,MODEL_BLIZZARD,Move_MODEL_BLIZZARD,move_handler,secondary_candidate,
move_handler,src/source/Render/Effects/Behaviors/MoveHandlers.cpp,5201,CreateParticleFpsChecked,BITMAP_FIRE+2,Move_MODEL_BLIZZARD,move_handler,secondary_candidate,
move_handler,src/source/Render/Effects/Behaviors/MoveHandlers.cpp,5207,CreateSprite,BITMAP_SHINY+1,Move_MODEL_BLIZZARD,move_handler,secondary_candidate,
move_handler,src/source/Render/Effects/Behaviors/MoveHandlers.cpp,5208,CreateSprite,BITMAP_LIGHT,Move_MODEL_BLIZZARD,move_handler,secondary_candidate,
move_handler,src/source/Render/Effects/Behaviors/MoveHandlers.cpp,5226,CreateParticleFpsChecked,BITMAP_SMOKE,Move_MODEL_ARROW_DRILL,move_handler,secondary_candidate,
move_handler,src/source/Render/Effects/Behaviors/MoveHandlers.cpp,5227,CreateParticleFpsChecked,BITMAP_SMOKE,Move_MODEL_ARROW_DRILL,move_handler,secondary_candidate,
move_handler,src/source/Render/Effects/Behaviors/MoveHandlers.cpp,5228,CreateParticleFpsChecked,BITMAP_SMOKE,Move_MODEL_ARROW_DRILL,move_handler,secondary_candidate,
move_handler,src/source/Render/Effects/Behaviors/MoveHandlers.cpp,5374,CreateEffectFpsChecked,MODEL_WAVES,Move_MODEL_PIERCING2,move_handler,secondary_candidate,
move_handler,src/source/Render/Effects/Behaviors/MoveHandlers.cpp,5384,CreateEffectFpsChecked,MODEL_WAVES,Move_MODEL_PIERCING2,move_handler,secondary_candidate,
move_handler,src/source/Render/Effects/Behaviors/MoveHandlers.cpp,5390,CreateEffectFpsChecked,MODEL_WAVES,Move_MODEL_PIERCING2,move_handler,secondary_candidate,
move_handler,src/source/Render/Effects/Behaviors/MoveHandlers.cpp,5516,CreateParticleFpsChecked,BITMAP_FIRE+2,Move_MODEL_DEASULER,move_handler,secondary_candidate,
move_handler,src/source/Render/Effects/Behaviors/MoveHandlers.cpp,5522,CreateJointFpsChecked,BITMAP_JOINT_THUNDER,Move_MODEL_DEASULER,move_handler,secondary_candidate,
move_handler,src/source/Render/Effects/Behaviors/MoveHandlers.cpp,5563,CreateEffectFpsChecked,BITMAP_MAGIC+1,Move_MODEL_DEATH_SPI_SKILL,move_handler,secondary_candidate,
move_handler,src/source/Render/Effects/Behaviors/MoveHandlers.cpp,5570,CreateEffectFpsChecked,MODEL_TAIL,Move_MODEL_DEATH_SPI_SKILL,move_handler,secondary_candidate,
move_handler,src/source/Render/Effects/Behaviors/MoveHandlers.cpp,5623,CreateEffectFpsChecked,MODEL_PIER_PART,Move_MODEL_PIER_PART,move_handler,secondary_candidate,
move_handler,src/source/Render/Effects/Behaviors/MoveHandlers.cpp,5646,CreateJointFpsChecked,BITMAP_JOINT_FORCE,Move_MODEL_PIER_PART,move_handler,secondary_candidate,
move_handler,src/source/Render/Effects/Behaviors/MoveHandlers.cpp,5685,CreateParticleFpsChecked,BITMAP_SMOKE,Move_MODEL_GROUND_STONE,move_handler,secondary_candidate,
move_handler,src/source/Render/Effects/Behaviors/MoveHandlers.cpp,5686,CreateEffectFpsChecked,MODEL_STONE1,Move_MODEL_GROUND_STONE,move_handler,secondary_candidate,
move_handler,src/source/Render/Effects/Behaviors/MoveHandlers.cpp,5785,CreateEffectFpsChecked,BITMAP_SHOCK_WAVE,Move_MODEL_GROUND_STONE,move_handler,secondary_candidate,
move_handler,src/source/Render/Effects/Behaviors/MoveHandlers.cpp,5905,CreateParticleFpsChecked,BITMAP_FLARE,Move_MODEL_GROUND_STONE,move_handler,secondary_candidate,
move_handler,src/source/Render/Effects/Behaviors/MoveHandlers.cpp,5909,CreateParticleFpsChecked,BITMAP_FLARE_BLUE,Move_MODEL_GROUND_STONE,move_handler,secondary_candidate,
move_handler,src/source/Render/Effects/Behaviors/MoveHandlers.cpp,5916,CreateParticleFpsChecked,BITMAP_LIGHT,Move_MODEL_GROUND_STONE,move_handler,secondary_candidate,
move_handler,src/source/Render/Effects/Behaviors/MoveHandlers.cpp,5923,CreateJointFpsChecked,BITMAP_FLARE_BLUE,Move_MODEL_GROUND_STONE,move_handler,secondary_candidate,
move_handler,src/source/Render/Effects/Behaviors/MoveHandlers.cpp,5924,CreateJointFpsChecked,BITMAP_FLARE_BLUE,Move_MODEL_GROUND_STONE,move_handler,secondary_candidate,
move_handler,src/source/Render/Effects/Behaviors/MoveHandlers.cpp,5929,CreateJointFpsChecked,BITMAP_JOINT_THUNDER,Move_MODEL_GROUND_STONE,move_handler,secondary_candidate,
move_handler,src/source/Render/Effects/Behaviors/MoveHandlers.cpp,5952,CreateJointFpsChecked,BITMAP_JOINT_SPIRIT2,Move_MODEL_CUNDUN_DRAGON_HEAD,move_handler,secondary_candidate,
move_handler,src/source/Render/Effects/Behaviors/MoveHandlers.cpp,5997,CreateParticleFpsChecked,BITMAP_SMOKE,Move_MODEL_CUNDUN_GHOST,move_handler,secondary_candidate,
move_handler,src/source/Render/Effects/Behaviors/MoveHandlers.cpp,6016,CreateEffectFpsChecked,MODEL_FIRE,Move_MODEL_CUNDUN_GHOST,move_handler,secondary_candidate,
move_handler,src/source/Render/Effects/Behaviors/MoveHandlers.cpp,6037,CreateEffectFpsChecked,MODEL_CUNDUN_PHOENIX,Move_MODEL_CUNDUN_SKILL,move_handler,secondary_candidate,
move_handler,src/source/Render/Effects/Behaviors/MoveHandlers.cpp,6051,CreateEffectFpsChecked,MODEL_CUNDUN_DRAGON_HEAD,Move_MODEL_CUNDUN_SKILL,move_handler,secondary_candidate,
move_handler,src/source/Render/Effects/Behaviors/MoveHandlers.cpp,6057,CreateEffectFpsChecked,MODEL_CUNDUN_DRAGON_HEAD,Move_MODEL_CUNDUN_SKILL,move_handler,secondary_candidate,
move_handler,src/source/Render/Effects/Behaviors/MoveHandlers.cpp,6083,CreateEffectFpsChecked,MODEL_FLY_BIG_STONE1,Move_MODEL_BATTLE_GUARD2,move_handler,secondary_candidate,
move_handler,src/source/Render/Effects/Behaviors/MoveHandlers.cpp,6109,CreateParticleFpsChecked,BITMAP_ADV_SMOKE+1,Move_MODEL_ARROW_TANKER_HIT,move_handler,secondary_candidate,
move_handler,src/source/Render/Effects/Behaviors/MoveHandlers.cpp,6115,CreateEffectFpsChecked,BITMAP_CRATER,Move_MODEL_ARROW_TANKER_HIT,move_handler,secondary_candidate,
move_handler,src/source/Render/Effects/Behaviors/MoveHandlers.cpp,6140,CreateParticleFpsChecked,BITMAP_FIRE+1,Move_MODEL_ARROW_TANKER_HIT,move_handler,secondary_candidate,
move_handler,src/source/Render/Effects/Behaviors/MoveHandlers.cpp,6141,CreateParticleFpsChecked,BITMAP_SMOKE,Move_MODEL_ARROW_TANKER_HIT,move_handler,secondary_candidate,
move_handler,src/source/Render/Effects/Behaviors/MoveHandlers.cpp,6143,CreateParticleFpsChecked,BITMAP_FIRE+1,Move_MODEL_ARROW_TANKER_HIT,move_handler,secondary_candidate,
move_handler,src/source/Render/Effects/Behaviors/MoveHandlers.cpp,6200,CreateParticleFpsChecked,BITMAP_ADV_SMOKE+1,Move_MODEL_FLY_BIG_STONE1,move_handler,secondary_candidate,
move_handler,src/source/Render/Effects/Behaviors/MoveHandlers.cpp,6220,CreateParticleFpsChecked,BITMAP_FIRE,Move_MODEL_FLY_BIG_STONE1,move_handler,secondary_candidate,
move_handler,src/source/Render/Effects/Behaviors/MoveHandlers.cpp,6257,CreateParticleFpsChecked,BITMAP_ADV_SMOKE+1,Move_MODEL_FLY_BIG_STONE1,move_handler,secondary_candidate,
move_handler,src/source/Render/Effects/Behaviors/MoveHandlers.cpp,6258,CreateParticleFpsChecked,BITMAP_FIRE,Move_MODEL_FLY_BIG_STONE1,move_handler,secondary_candidate,
move_handler,src/source/Render/Effects/Behaviors/MoveHandlers.cpp,6297,CreateEffectFpsChecked,BITMAP_CRATER,Move_MODEL_FLY_BIG_STONE1,move_handler,secondary_candidate,
move_handler,src/source/Render/Effects/Behaviors/MoveHandlers.cpp,6309,CreateEffectFpsChecked,BITMAP_SHOCK_WAVE,Move_MODEL_FLY_BIG_STONE1,move_handler,secondary_candidate,
move_handler,src/source/Render/Effects/Behaviors/MoveHandlers.cpp,6379,CreateParticleFpsChecked,BITMAP_ADV_SMOKE+1,Move_MODEL_FLY_BIG_STONE2,move_handler,secondary_candidate,
move_handler,src/source/Render/Effects/Behaviors/MoveHandlers.cpp,6417,CreateParticleFpsChecked,BITMAP_ADV_SMOKE+1,Move_MODEL_FLY_BIG_STONE2,move_handler,secondary_candidate,
move_handler,src/source/Render/Effects/Behaviors/MoveHandlers.cpp,6456,CreateEffectFpsChecked,BITMAP_CRATER,Move_MODEL_FLY_BIG_STONE2,move_handler,secondary_candidate,
move_handler,src/source/Render/Effects/Behaviors/MoveHandlers.cpp,6466,CreateEffectFpsChecked,BITMAP_SHOCK_WAVE,Move_MODEL_FLY_BIG_STONE2,move_handler,secondary_candidate,
move_handler,src/source/Render/Effects/Behaviors/MoveHandlers.cpp,6513,CreateParticleFpsChecked,BITMAP_SMOKE,Move_MODEL_BIG_STONE_PART1,move_handler,secondary_candidate,
move_handler,src/source/Render/Effects/Behaviors/MoveHandlers.cpp,6518,CreateParticleFpsChecked,BITMAP_SMOKE,Move_MODEL_BIG_STONE_PART1,move_handler,secondary_candidate,
move_handler,src/source/Render/Effects/Behaviors/MoveHandlers.cpp,6552,CreateParticleFpsChecked,BITMAP_TRUE_FIRE,Move_MODEL_BIG_STONE_PART1,move_handler,secondary_candidate,
move_handler,src/source/Render/Effects/Behaviors/MoveHandlers.cpp,6553,CreateParticleFpsChecked,BITMAP_SMOKE,Move_MODEL_BIG_STONE_PART1,move_handler,secondary_candidate,
move_handler,src/source/Render/Effects/Behaviors/MoveHandlers.cpp,6556,CreateParticleFpsChecked,BITMAP_SMOKE+1,Move_MODEL_BIG_STONE_PART1,move_handler,secondary_candidate,
move_handler,src/source/Render/Effects/Behaviors/MoveHandlers.cpp,6564,CreateParticleFpsChecked,BITMAP_SMOKE,Move_MODEL_BIG_STONE_PART1,move_handler,secondary_candidate,
move_handler,src/source/Render/Effects/Behaviors/MoveHandlers.cpp,6600,CreateParticleFpsChecked,BITMAP_SMOKE+1,Move_MODEL_GATE_PART1,move_handler,secondary_candidate,
move_handler,src/source/Render/Effects/Behaviors/MoveHandlers.cpp,6721,CreateParticleFpsChecked,BITMAP_SMOKE,Move_MODEL_FALL_STONE_EFFECT,move_handler,secondary_candidate,
move_handler,src/source/Render/Effects/Behaviors/MoveHandlers.cpp,6727,CreateEffectFpsChecked,MODEL_FALL_STONE_EFFECT,Move_MODEL_FALL_STONE_EFFECT,move_handler,secondary_candidate,
move_handler,src/source/Render/Effects/Behaviors/MoveHandlers.cpp,6930,CreateEffectFpsChecked,BITMAP_CRATER,Move_MODEL_STUN_STONE,move_handler,secondary_candidate,
move_handler,src/source/Render/Effects/Behaviors/MoveHandlers.cpp,6943,CreateParticleFpsChecked,BITMAP_ADV_SMOKE+1,Move_MODEL_STUN_STONE,move_handler,secondary_candidate,
move_handler,src/source/Render/Effects/Behaviors/MoveHandlers.cpp,6955,CreateEffectFpsChecked,MODEL_STUN_STONE,Move_MODEL_STUN_STONE,move_handler,secondary_candidate,
move_handler,src/source/Render/Effects/Behaviors/MoveHandlers.cpp,7010,CreateEffectFpsChecked,MODEL_MANA_RUNE,Move_MODEL_MANA_RUNE,move_handler,secondary_candidate,
move_handler,src/source/Render/Effects/Behaviors/MoveHandlers.cpp,7065,CreateParticleFpsChecked,BITMAP_POUNDING_BALL,Move_MODEL_SKILL_JAVELIN,move_handler,secondary_candidate,
move_handler,src/source/Render/Effects/Behaviors/MoveHandlers.cpp,7070,CreateParticleFpsChecked,BITMAP_POUNDING_BALL,Move_MODEL_SKILL_JAVELIN,move_handler,secondary_candidate,
move_handler,src/source/Render/Effects/Behaviors/MoveHandlers.cpp,7128,CreateJointFpsChecked,BITMAP_FLASH,Move_MODEL_ARROW_IMPACT,move_handler,secondary_candidate,
move_handler,src/source/Render/Effects/Behaviors/MoveHandlers.cpp,7129,CreateJointFpsChecked,BITMAP_FLASH,Move_MODEL_ARROW_IMPACT,move_handler,secondary_candidate,
move_handler,src/source/Render/Effects/Behaviors/MoveHandlers.cpp,7154,CreateJointFpsChecked,BITMAP_FLASH,Move_MODEL_ARROW_IMPACT,move_handler,secondary_candidate,
move_handler,src/source/Render/Effects/Behaviors/MoveHandlers.cpp,7168,CreateJointFpsChecked,BITMAP_JOINT_THUNDER+1,Move_MODEL_ARROW_IMPACT,move_handler,secondary_candidate,
move_handler,src/source/Render/Effects/Behaviors/MoveHandlers.cpp,7169,CreateJointFpsChecked,BITMAP_JOINT_THUNDER+1,Move_MODEL_ARROW_IMPACT,move_handler,secondary_candidate,
move_handler,src/source/Render/Effects/Behaviors/MoveHandlers.cpp,7192,CreateEffectFpsChecked,MODEL_SWORD_FORCE,Move_MODEL_SWORD_FORCE,move_handler,secondary_candidate,SwordForce
move_handler,src/source/Render/Effects/Behaviors/MoveHandlers.cpp,7195,CreateEffectFpsChecked,MODEL_SWORD_FORCE,Move_MODEL_SWORD_FORCE,move_handler,secondary_candidate,SwordForce
move_handler,src/source/Render/Effects/Behaviors/MoveHandlers.cpp,7215,CreateJointFpsChecked,BITMAP_JOINT_SPARK,Move_MODEL_SWORD_FORCE,move_handler,secondary_candidate,
move_handler,src/source/Render/Effects/Behaviors/MoveHandlers.cpp,7218,CreateParticleFpsChecked,BITMAP_FIRE,Move_MODEL_SWORD_FORCE,move_handler,secondary_candidate,
move_handler,src/source/Render/Effects/Behaviors/MoveHandlers.cpp,7221,CreateParticleFpsChecked,BITMAP_FIRE,Move_MODEL_SWORD_FORCE,move_handler,secondary_candidate,
move_handler,src/source/Render/Effects/Behaviors/MoveHandlers.cpp,7255,CreateParticleFpsChecked,BITMAP_SPARK,Move_MODEL_PROTECTGUILD,move_handler,secondary_candidate,
move_handler,src/source/Render/Effects/Behaviors/MoveHandlers.cpp,7292,CreateParticleFpsChecked,BITMAP_SPARK,Move_MODEL_PROTECTGUILD,move_handler,secondary_candidate,
move_handler,src/source/Render/Effects/Behaviors/MoveHandlers.cpp,7314,CreateParticleFpsChecked,BITMAP_SPARK+1,Move_MODEL_MOVE_TARGETPOSITION_EFFECT,move_handler,secondary_candidate,
move_handler,src/source/Render/Effects/Behaviors/MoveHandlers.cpp,7319,CreateEffectFpsChecked,BITMAP_TARGET_POSITION_EFFECT1,Move_MODEL_MOVE_TARGETPOSITION_EFFECT,move_handler,secondary_candidate,
move_handler,src/source/Render/Effects/Behaviors/MoveHandlers.cpp,7402,CreateEffectFpsChecked,MODEL_EFFECT_SAPITRES_ATTACK_1,Move_MODEL_EFFECT_SAPITRES_ATTACK,move_handler,secondary_candidate,
move_handler,src/source/Render/Effects/Behaviors/MoveHandlers.cpp,7424,CreateParticleFpsChecked,BITMAP_LIGHTNING_MEGA1,Move_MODEL_EFFECT_THUNDER_NAPIN_ATTACK_1,move_handler,secondary_candidate,
move_handler,src/source/Render/Effects/Behaviors/MoveHandlers.cpp,7426,CreateSprite,BITMAP_LIGHT,Move_MODEL_EFFECT_THUNDER_NAPIN_ATTACK_1,move_handler,secondary_candidate,
move_handler,src/source/Render/Effects/Behaviors/MoveHandlers.cpp,7427,CreateSprite,BITMAP_LIGHT,Move_MODEL_EFFECT_THUNDER_NAPIN_ATTACK_1,move_handler,secondary_candidate,
move_handler,src/source/Render/Effects/Behaviors/MoveHandlers.cpp,7447,CreateParticleFpsChecked,BITMAP_LIGHTNING_MEGA1,Move_MODEL_EFFECT_THUNDER_NAPIN_ATTACK_1,move_handler,secondary_candidate,
move_handler,src/source/Render/Effects/Behaviors/MoveHandlers.cpp,7455,CreateSprite,BITMAP_LIGHT,Move_MODEL_EFFECT_THUNDER_NAPIN_ATTACK_1,move_handler,secondary_candidate,
move_handler,src/source/Render/Effects/Behaviors/MoveHandlers.cpp,7456,CreateSprite,BITMAP_LIGHT,Move_MODEL_EFFECT_THUNDER_NAPIN_ATTACK_1,move_handler,secondary_candidate,
move_handler,src/source/Render/Effects/Behaviors/MoveHandlers.cpp,7483,CreateSprite,BITMAP_SHINY+1,Move_MODEL_EFFECT_SKURA_ITEM,move_handler,secondary_candidate,
move_handler,src/source/Render/Effects/Behaviors/MoveHandlers.cpp,7486,CreateParticleFpsChecked,BITMAP_SHINY+1,Move_MODEL_EFFECT_SKURA_ITEM,move_handler,secondary_candidate,
move_handler,src/source/Render/Effects/Behaviors/MoveHandlers.cpp,7487,CreateParticleFpsChecked,BITMAP_CHERRYBLOSSOM_EVENT_PETAL,Move_MODEL_EFFECT_SKURA_ITEM,move_handler,secondary_candidate,
move_handler,src/source/Render/Effects/Behaviors/MoveHandlers.cpp,7491,CreateSprite,BITMAP_SHINY+1,Move_MODEL_EFFECT_SKURA_ITEM,move_handler,secondary_candidate,
move_handler,src/source/Render/Effects/Behaviors/MoveHandlers.cpp,7495,CreateParticleFpsChecked,BITMAP_SHINY+1,Move_MODEL_EFFECT_SKURA_ITEM,move_handler,secondary_candidate,
move_handler,src/source/Render/Effects/Behaviors/MoveHandlers.cpp,7496,CreateParticleFpsChecked,BITMAP_CHERRYBLOSSOM_EVENT_PETAL,Move_MODEL_EFFECT_SKURA_ITEM,move_handler,secondary_candidate,
move_handler,src/source/Render/Effects/Behaviors/MoveHandlers.cpp,7525,CreateParticleFpsChecked,BITMAP_CHERRYBLOSSOM_EVENT_PETAL,Move_MODEL_EFFECT_SKURA_ITEM,move_handler,secondary_candidate,
move_handler,src/source/Render/Effects/Behaviors/MoveHandlers.cpp,7527,CreateParticleFpsChecked,BITMAP_CHERRYBLOSSOM_EVENT_FLOWER,Move_MODEL_EFFECT_SKURA_ITEM,move_handler,secondary_candidate,
move_handler,src/source/Render/Effects/Behaviors/MoveHandlers.cpp,7532,CreateParticleFpsChecked,BITMAP_SHOCK_WAVE,Move_MODEL_EFFECT_SKURA_ITEM,move_handler,secondary_candidate,
move_handler,src/source/Render/Effects/Behaviors/MoveHandlers.cpp,7540,CreateSprite,BITMAP_SHINY+1,Move_MODEL_EFFECT_SKURA_ITEM,move_handler,secondary_candidate,
move_handler,src/source/Render/Effects/Behaviors/MoveHandlers.cpp,7575,CreateEffectFpsChecked,MODEL_NIGHTWATER_01,Move_MODEL_BLOW_OF_DESTRUCTION,move_handler,secondary_candidate,
move_handler,src/source/Render/Effects/Behaviors/MoveHandlers.cpp,7576,CreateEffectFpsChecked,MODEL_NIGHTWATER_01,Move_MODEL_BLOW_OF_DESTRUCTION,move_handler,secondary_candidate,
move_handler,src/source/Render/Effects/Behaviors/MoveHandlers.cpp,7577,CreateEffectFpsChecked,MODEL_KNIGHT_PLANCRACK_A,Move_MODEL_BLOW_OF_DESTRUCTION,move_handler,secondary_candidate,
move_handler,src/source/Render/Effects/Behaviors/MoveHandlers.cpp,7597,CreateEffectFpsChecked,MODEL_KNIGHT_PLANCRACK_B,Move_MODEL_BLOW_OF_DESTRUCTION,move_handler,secondary_candidate,
move_handler,src/source/Render/Effects/Behaviors/MoveHandlers.cpp,7626,CreateParticleFpsChecked,BITMAP_SMOKE,Move_MODEL_BLOW_OF_DESTRUCTION,move_handler,secondary_candidate,
move_handler,src/source/Render/Effects/Behaviors/MoveHandlers.cpp,7637,CreateEffectFpsChecked,MODEL_NIGHTWATER_01,Move_MODEL_BLOW_OF_DESTRUCTION,move_handler,secondary_candidate,
move_handler,src/source/Render/Effects/Behaviors/MoveHandlers.cpp,7638,CreateEffectFpsChecked,MODEL_NIGHTWATER_01,Move_MODEL_BLOW_OF_DESTRUCTION,move_handler,secondary_candidate,
move_handler,src/source/Render/Effects/Behaviors/MoveHandlers.cpp,7639,CreateEffectFpsChecked,MODEL_RAKLION_BOSS_CRACKEFFECT,Move_MODEL_BLOW_OF_DESTRUCTION,move_handler,secondary_candidate,
move_handler,src/source/Render/Effects/Behaviors/MoveHandlers.cpp,7652,CreateEffectFpsChecked,MODEL_STONE1,Move_MODEL_BLOW_OF_DESTRUCTION,move_handler,secondary_candidate,
move_handler,src/source/Render/Effects/Behaviors/MoveHandlers.cpp,7684,CreateEffectFpsChecked,MODEL_DRAGON_LOWER_DUMMY,Move_MODEL_BLOW_OF_DESTRUCTION,move_handler,secondary_candidate,
move_handler,src/source/Render/Effects/Behaviors/MoveHandlers.cpp,7687,CreateEffectFpsChecked,BITMAP_LIGHT_RED,Move_MODEL_BLOW_OF_DESTRUCTION,move_handler,secondary_candidate,
move_handler,src/source/Render/Effects/Behaviors/MoveHandlers.cpp,7828,CreateParticleFpsChecked,BITMAP_WATERFALL_3,Move_MODEL_1_STREAMBREATHFIRE,move_handler,secondary_candidate,
move_handler,src/source/Render/Effects/Behaviors/MoveHandlers.cpp,7830,CreateParticleFpsChecked,BITMAP_SMOKE,Move_MODEL_1_STREAMBREATHFIRE,move_handler,secondary_candidate,
move_handler,src/source/Render/Effects/Behaviors/MoveHandlers.cpp,7848,CreateEffectFpsChecked,MODEL_MOONHARVEST_MOON,Move_MODEL_1_STREAMBREATHFIRE,move_handler,secondary_candidate,
move_handler,src/source/Render/Effects/Behaviors/MoveHandlers.cpp,7906,CreateEffectFpsChecked,BITMAP_FIRE_CURSEDLICH,Move_MODEL_PKFIELD_ASSASSIN_EFFECT_GREEN_HEAD,move_handler,secondary_candidate,
move_handler,src/source/Render/Effects/Behaviors/MoveHandlers.cpp,7910,CreateEffectFpsChecked,BITMAP_FIRE_CURSEDLICH,Move_MODEL_PKFIELD_ASSASSIN_EFFECT_GREEN_HEAD,move_handler,secondary_candidate,
move_handler,src/source/Render/Effects/Behaviors/MoveHandlers.cpp,8024,CreateEffectFpsChecked,MODEL_STONE1,Move_MODEL_DOOR_CRUSH_EFFECT_PIECE01,move_handler,secondary_candidate,
move_handler,src/source/Render/Effects/Behaviors/MoveHandlers.cpp,8043,CreateParticleFpsChecked,BITMAP_SMOKE+1,Move_MODEL_DOOR_CRUSH_EFFECT_PIECE01,move_handler,secondary_candidate,
move_handler,src/source/Render/Effects/Behaviors/MoveHandlers.cpp,8312,CreateParticleFpsChecked,BITMAP_FIRE,Move_MODEL_SWORDLEFT01_EMPIREGUARDIAN_BOSS_GAION_,move_handler,secondary_candidate,
move_handler,src/source/Render/Effects/Behaviors/MoveHandlers.cpp,8318,CreateJointFpsChecked,BITMAP_JOINT_THUNDER,Move_MODEL_SWORDLEFT01_EMPIREGUARDIAN_BOSS_GAION_,move_handler,secondary_candidate,
move_handler,src/source/Render/Effects/Behaviors/MoveHandlers.cpp,8362,CreateParticleFpsChecked,BITMAP_FIRE,Move_MODEL_SWORDLEFT01_EMPIREGUARDIAN_BOSS_GAION_,move_handler,secondary_candidate,
move_handler,src/source/Render/Effects/Behaviors/MoveHandlers.cpp,8368,CreateJointFpsChecked,BITMAP_JOINT_THUNDER,Move_MODEL_SWORDLEFT01_EMPIREGUARDIAN_BOSS_GAION_,move_handler,secondary_candidate,
move_handler,src/source/Render/Effects/Behaviors/MoveHandlers.cpp,8414,CreateJointFpsChecked,BITMAP_FLARE+1,Move_MODEL_SWORDLEFT01_EMPIREGUARDIAN_BOSS_GAION_,move_handler,secondary_candidate,
move_handler,src/source/Render/Effects/Behaviors/MoveHandlers.cpp,8497,CreateEffectFpsChecked,BITMAP_FIRE_CURSEDLICH,Move_MODEL_SWORDLEFT01_EMPIREGUARDIAN_BOSS_GAION_,move_handler,secondary_candidate,
move_handler,src/source/Render/Effects/Behaviors/MoveHandlers.cpp,8530,CreateEffectFpsChecked,BITMAP_FIRE_CURSEDLICH,Move_MODEL_SWORDLEFT01_EMPIREGUARDIAN_BOSS_GAION_,move_handler,secondary_candidate,
move_handler,src/source/Render/Effects/Behaviors/MoveHandlers.cpp,8568,CreateEffectFpsChecked,MODEL_SWORDMAIN01_EMPIREGUARDIAN_BOSS_GAION_,Move_MODEL_SWORDLEFT01_EMPIREGUARDIAN_BOSS_GAION_,move_handler,secondary_candidate,
move_handler,src/source/Render/Effects/Behaviors/MoveHandlers.cpp,8577,CreateEffectFpsChecked,MODEL_EMPIREGUARDIANBOSS_FRAMESTRIKE,Move_MODEL_SWORDLEFT01_EMPIREGUARDIAN_BOSS_GAION_,move_handler,secondary_candidate,
move_handler,src/source/Render/Effects/Behaviors/MoveHandlers.cpp,8696,CreateEffectFpsChecked,BITMAP_JOINT_THUNDER,Move_MODEL_SWORDLEFT01_EMPIREGUARDIAN_BOSS_GAION_,move_handler,secondary_candidate,
move_handler,src/source/Render/Effects/Behaviors/MoveHandlers.cpp,8702,CreateEffectFpsChecked,BITMAP_CRATER,Move_MODEL_SWORDLEFT01_EMPIREGUARDIAN_BOSS_GAION_,move_handler,secondary_candidate,
move_handler,src/source/Render/Effects/Behaviors/MoveHandlers.cpp,8705,CreateEffectFpsChecked,MODEL_STONE2,Move_MODEL_SWORDLEFT01_EMPIREGUARDIAN_BOSS_GAION_,move_handler,secondary_candidate,
move_handler,src/source/Render/Effects/Behaviors/MoveHandlers.cpp,8716,CreateParticleFpsChecked,BITMAP_CLUD64,Move_MODEL_SWORDLEFT01_EMPIREGUARDIAN_BOSS_GAION_,move_handler,secondary_candidate,
move_handler,src/source/Render/Effects/Behaviors/MoveHandlers.cpp,8721,CreateParticleFpsChecked,BITMAP_CLUD64,Move_MODEL_SWORDLEFT01_EMPIREGUARDIAN_BOSS_GAION_,move_handler,secondary_candidate,
move_handler,src/source/Render/Effects/Behaviors/MoveHandlers.cpp,8726,CreateParticleFpsChecked,BITMAP_CLUD64,Move_MODEL_SWORDLEFT01_EMPIREGUARDIAN_BOSS_GAION_,move_handler,secondary_candidate,
move_handler,src/source/Render/Effects/Behaviors/MoveHandlers.cpp,8731,CreateParticleFpsChecked,BITMAP_CLUD64,Move_MODEL_SWORDLEFT01_EMPIREGUARDIAN_BOSS_GAION_,move_handler,secondary_candidate,
move_handler,src/source/Render/Effects/Behaviors/MoveHandlers.cpp,8736,CreateParticleFpsChecked,BITMAP_CLUD64,Move_MODEL_SWORDLEFT01_EMPIREGUARDIAN_BOSS_GAION_,move_handler,secondary_candidate,
move_handler,src/source/Render/Effects/Behaviors/MoveHandlers.cpp,8741,CreateParticleFpsChecked,BITMAP_CLUD64,Move_MODEL_SWORDLEFT01_EMPIREGUARDIAN_BOSS_GAION_,move_handler,secondary_candidate,
move_handler,src/source/Render/Effects/Behaviors/MoveHandlers.cpp,8744,CreateEffectFpsChecked,BITMAP_SHOCK_WAVE,Move_MODEL_SWORDLEFT01_EMPIREGUARDIAN_BOSS_GAION_,move_handler,secondary_candidate,
move_handler,src/source/Render/Effects/Behaviors/MoveHandlers.cpp,8745,CreateEffectFpsChecked,BITMAP_SHOCK_WAVE,Move_MODEL_SWORDLEFT01_EMPIREGUARDIAN_BOSS_GAION_,move_handler,secondary_candidate,
move_handler,src/source/Render/Effects/Behaviors/MoveHandlers.cpp,8749,CreateEffectFpsChecked,MODEL_EFFECT_THUNDER_NAPIN_ATTACK_1,Move_MODEL_SWORDLEFT01_EMPIREGUARDIAN_BOSS_GAION_,move_handler,secondary_candidate,
move_handler,src/source/Render/Effects/Behaviors/MoveHandlers.cpp,8832,CreateParticleFpsChecked,BITMAP_POUNDING_BALL,Move_MODEL_SWORDLEFT01_EMPIREGUARDIAN_BOSS_GAION_,move_handler,secondary_candidate,
move_handler,src/source/Render/Effects/Behaviors/MoveHandlers.cpp,8846,CreateParticleFpsChecked,BITMAP_FIRE_HIK1_MONO,Move_MODEL_SWORDLEFT01_EMPIREGUARDIAN_BOSS_GAION_,move_handler,secondary_candidate,
move_handler,src/source/Render/Effects/Behaviors/MoveHandlers.cpp,8859,CreateEffectFpsChecked,BITMAP_FIRE_CURSEDLICH,Move_MODEL_SWORDLEFT01_EMPIREGUARDIAN_BOSS_GAION_,move_handler,secondary_candidate,
move_handler,src/source/Render/Effects/Behaviors/MoveHandlers.cpp,8931,CreateParticleFpsChecked,BITMAP_FIRE_HIK1_MONO,Move_MODEL_SWORDLEFT01_EMPIREGUARDIAN_BOSS_GAION_,move_handler,secondary_candidate,
move_handler,src/source/Render/Effects/Behaviors/MoveHandlers.cpp,9005,CreateEffect,MODEL_NIGHTWATER_01,Move_MODEL_EMPIREGUARDIAN_BLOW_OF_DESTRUCTION,move_handler,secondary_candidate,
move_handler,src/source/Render/Effects/Behaviors/MoveHandlers.cpp,9006,CreateEffect,MODEL_NIGHTWATER_01,Move_MODEL_EMPIREGUARDIAN_BLOW_OF_DESTRUCTION,move_handler,secondary_candidate,
move_handler,src/source/Render/Effects/Behaviors/MoveHandlers.cpp,9008,CreateEffectFpsChecked,MODEL_NIGHTWATER_01,Move_MODEL_EMPIREGUARDIAN_BLOW_OF_DESTRUCTION,move_handler,secondary_candidate,
move_handler,src/source/Render/Effects/Behaviors/MoveHandlers.cpp,9009,CreateEffectFpsChecked,MODEL_NIGHTWATER_01,Move_MODEL_EMPIREGUARDIAN_BLOW_OF_DESTRUCTION,move_handler,secondary_candidate,
move_handler,src/source/Render/Effects/Behaviors/MoveHandlers.cpp,9011,CreateEffectFpsChecked,MODEL_KNIGHT_PLANCRACK_A,Move_MODEL_EMPIREGUARDIAN_BLOW_OF_DESTRUCTION,move_handler,secondary_candidate,
move_handler,src/source/Render/Effects/Behaviors/MoveHandlers.cpp,9031,CreateEffectFpsChecked,MODEL_KNIGHT_PLANCRACK_B,Move_MODEL_EMPIREGUARDIAN_BLOW_OF_DESTRUCTION,move_handler,secondary_candidate,
move_handler,src/source/Render/Effects/Behaviors/MoveHandlers.cpp,9061,CreateParticleFpsChecked,BITMAP_SMOKE,Move_MODEL_EMPIREGUARDIAN_BLOW_OF_DESTRUCTION,move_handler,secondary_candidate,
move_handler,src/source/Render/Effects/Behaviors/MoveHandlers.cpp,9072,CreateEffectFpsChecked,MODEL_NIGHTWATER_01,Move_MODEL_EMPIREGUARDIAN_BLOW_OF_DESTRUCTION,move_handler,secondary_candidate,
move_handler,src/source/Render/Effects/Behaviors/MoveHandlers.cpp,9073,CreateEffectFpsChecked,MODEL_NIGHTWATER_01,Move_MODEL_EMPIREGUARDIAN_BLOW_OF_DESTRUCTION,move_handler,secondary_candidate,
move_handler,src/source/Render/Effects/Behaviors/MoveHandlers.cpp,9074,CreateEffectFpsChecked,MODEL_RAKLION_BOSS_CRACKEFFECT,Move_MODEL_EMPIREGUARDIAN_BLOW_OF_DESTRUCTION,move_handler,secondary_candidate,
move_handler,src/source/Render/Effects/Behaviors/MoveHandlers.cpp,9088,CreateEffectFpsChecked,MODEL_STONE1,Move_MODEL_EMPIREGUARDIAN_BLOW_OF_DESTRUCTION,move_handler,secondary_candidate,
move_handler,src/source/Render/Effects/Behaviors/MoveHandlers.cpp,9154,CreateSprite,BITMAP_WATERFALL_4,Move_MODEL_EFFECT_SD_AURA,move_handler,secondary_candidate,
move_handler,src/source/Render/Effects/Behaviors/MoveHandlers.cpp,9198,CreateJointFpsChecked,BITMAP_PIN_LIGHT,Move_MODEL_WOLF_HEAD_EFFECT,move_handler,secondary_candidate,
move_handler,src/source/Render/Effects/Behaviors/MoveHandlers.cpp,9200,CreateEffectFpsChecked,MODEL_WOLF_HEAD_EFFECT,Move_MODEL_WOLF_HEAD_EFFECT,move_handler,secondary_candidate,
move_handler,src/source/Render/Effects/Behaviors/MoveHandlers.cpp,9201,CreateEffectFpsChecked,MODEL_WOLF_HEAD_EFFECT,Move_MODEL_WOLF_HEAD_EFFECT,move_handler,secondary_candidate,
move_handler,src/source/Render/Effects/Behaviors/MoveHandlers.cpp,9232,CreateParticleFpsChecked,BITMAP_SBUMB,Move_MODEL_WOLF_HEAD_EFFECT,move_handler,secondary_candidate,
move_handler,src/source/Render/Effects/Behaviors/MoveHandlers.cpp,9269,CreateJointFpsChecked,BITMAP_FORCEPILLAR,Move_MODEL_DOWN_ATTACK_DUMMY_L,move_handler,secondary_candidate,
move_handler,src/source/Render/Effects/Behaviors/MoveHandlers.cpp,9277,CreateSprite,BITMAP_FLARE,Move_MODEL_DOWN_ATTACK_DUMMY_L,move_handler,secondary_candidate,
move_handler,src/source/Render/Effects/Behaviors/MoveHandlers.cpp,9301,CreateEffectFpsChecked,MODEL_DOWN_ATTACK_DUMMY_L,Move_MODEL_DOWN_ATTACK_DUMMY_R,move_handler,secondary_candidate,
move_handler,src/source/Render/Effects/Behaviors/MoveHandlers.cpp,9316,CreateJointFpsChecked,BITMAP_FORCEPILLAR,Move_MODEL_DOWN_ATTACK_DUMMY_R,move_handler,secondary_candidate,
move_handler,src/source/Render/Effects/Behaviors/MoveHandlers.cpp,9324,CreateSprite,BITMAP_FLARE,Move_MODEL_DOWN_ATTACK_DUMMY_R,move_handler,secondary_candidate,
move_handler,src/source/Render/Effects/Behaviors/MoveHandlers.cpp,9348,CreateJointFpsChecked,BITMAP_SWORDEFF,Move_MODEL_DOWN_ATTACK_DUMMY_R,move_handler,secondary_candidate,
move_handler,src/source/Render/Effects/Behaviors/MoveHandlers.cpp,9361,CreateEffectFpsChecked,MODEL_SHOCKWAVE01,Move_MODEL_DOWN_ATTACK_DUMMY_R,move_handler,secondary_candidate,
move_handler,src/source/Render/Effects/Behaviors/MoveHandlers.cpp,9362,CreateEffectFpsChecked,MODEL_WOLF_HEAD_EFFECT2,Move_MODEL_DOWN_ATTACK_DUMMY_R,move_handler,secondary_candidate,
move_handler,src/source/Render/Effects/Behaviors/MoveHandlers.cpp,9367,CreateEffectFpsChecked,BITMAP_DAMAGE1,Move_MODEL_DOWN_ATTACK_DUMMY_R,move_handler,secondary_candidate,
move_handler,src/source/Render/Effects/Behaviors/MoveHandlers.cpp,9382,CreateEffectFpsChecked,MODEL_SHOCKWAVE02,Move_MODEL_DOWN_ATTACK_DUMMY_R,move_handler,secondary_candidate,
move_handler,src/source/Render/Effects/Behaviors/MoveHandlers.cpp,9383,CreateEffectFpsChecked,MODEL_WOLF_HEAD_EFFECT2,Move_MODEL_DOWN_ATTACK_DUMMY_R,move_handler,secondary_candidate,
move_handler,src/source/Render/Effects/Behaviors/MoveHandlers.cpp,9389,CreateEffectFpsChecked,MODEL_SHOCKWAVE_SPIN01,Move_MODEL_DOWN_ATTACK_DUMMY_R,move_handler,secondary_candidate,
move_handler,src/source/Render/Effects/Behaviors/MoveHandlers.cpp,9390,CreateEffectFpsChecked,MODEL_SHOCKWAVE_SPIN01,Move_MODEL_DOWN_ATTACK_DUMMY_R,move_handler,secondary_candidate,
move_handler,src/source/Render/Effects/Behaviors/MoveHandlers.cpp,9396,CreateEffectFpsChecked,BITMAP_SHINY+4,Move_MODEL_DOWN_ATTACK_DUMMY_R,move_handler,secondary_candidate,
move_handler,src/source/Render/Effects/Behaviors/MoveHandlers.cpp,9496,CreateParticleFpsChecked,BITMAP_DAMAGE1,Move_MODEL_SHOCKWAVE02,move_handler,secondary_candidate,
move_handler,src/source/Render/Effects/Behaviors/MoveHandlers.cpp,9576,CreateEffectFpsChecked,MODEL_WINDFOCE,Move_MODEL_WINDFOCE,move_handler,secondary_candidate,
move_handler,src/source/Render/Effects/Behaviors/MoveHandlers.cpp,9617,CreateEffectFpsChecked,MODEL_WINDFOCE,Move_MODEL_WINDFOCE,move_handler,secondary_candidate,
move_handler,src/source/Render/Effects/Behaviors/MoveHandlers.cpp,9658,CreateEffectFpsChecked,MODEL_WINDFOCE_MIRROR,Move_MODEL_WINDFOCE,move_handler,secondary_candidate,
move_handler,src/source/Render/Effects/Behaviors/MoveHandlers.cpp,9697,CreateParticleFpsChecked,BITMAP_SMOKELINE1,Move_MODEL_WINDFOCE,move_handler,secondary_candidate,
move_handler,src/source/Render/Effects/Behaviors/MoveHandlers.cpp,9736,CreateParticleFpsChecked,BITMAP_SWORD_EFFECT_MONO,Move_MODEL_WINDFOCE_MIRROR,move_handler,secondary_candidate,
move_handler,src/source/Render/Effects/Behaviors/MoveHandlers.cpp,9753,CreateEffectFpsChecked,MODEL_SHOCKWAVE01,Move_MODEL_WINDFOCE_MIRROR,move_handler,secondary_candidate,
move_handler,src/source/Render/Effects/Behaviors/MoveHandlers.cpp,9802,CreateEffectFpsChecked,MODEL_WOLF_HEAD_EFFECT2,Move_MODEL_WOLF_HEAD_EFFECT2,move_handler,secondary_candidate,
move_handler,src/source/Render/Effects/Behaviors/MoveHandlers.cpp,9803,CreateEffectFpsChecked,MODEL_WOLF_HEAD_EFFECT2,Move_MODEL_WOLF_HEAD_EFFECT2,move_handler,secondary_candidate,
move_handler,src/source/Render/Effects/Behaviors/MoveHandlers.cpp,9881,CreateJointFpsChecked,BITMAP_GROUND_WIND,Move_MODEL_DRAGON_KICK_DUMMY,move_handler,secondary_candidate,
move_handler,src/source/Render/Effects/Behaviors/MoveHandlers.cpp,9901,CreateParticleFpsChecked,BITMAP_ENERGY,Move_MODEL_DRAGON_KICK_DUMMY,move_handler,secondary_candidate,
move_handler,src/source/Render/Effects/Behaviors/MoveHandlers.cpp,9902,CreateParticleFpsChecked,BITMAP_LIGHTNING_MEGA1,Move_MODEL_DRAGON_KICK_DUMMY,move_handler,secondary_candidate,
move_handler,src/source/Render/Effects/Behaviors/MoveHandlers.cpp,9904,CreateParticleFpsChecked,BITMAP_SPARK+1,Move_MODEL_DRAGON_KICK_DUMMY,move_handler,secondary_candidate,
move_handler,src/source/Render/Effects/Behaviors/MoveHandlers.cpp,9905,CreateParticleFpsChecked,BITMAP_SPARK+1,Move_MODEL_DRAGON_KICK_DUMMY,move_handler,secondary_candidate,
move_handler,src/source/Render/Effects/Behaviors/MoveHandlers.cpp,9909,CreateParticleFpsChecked,BITMAP_SPARK,Move_MODEL_DRAGON_KICK_DUMMY,move_handler,secondary_candidate,
move_handler,src/source/Render/Effects/Behaviors/MoveHandlers.cpp,9974,CreateJointFpsChecked,BITMAP_LAVA,Move_MODEL_DRAGON_KICK_DUMMY,move_handler,secondary_candidate,
move_handler,src/source/Render/Effects/Behaviors/MoveHandlers.cpp,9975,CreateJointFpsChecked,BITMAP_LAVA,Move_MODEL_DRAGON_KICK_DUMMY,move_handler,secondary_candidate,
move_handler,src/source/Render/Effects/Behaviors/MoveHandlers.cpp,9986,CreateEffectFpsChecked,MODEL_SHOCKWAVE01,Move_MODEL_DRAGON_KICK_DUMMY,move_handler,secondary_candidate,
move_handler,src/source/Render/Effects/Behaviors/MoveHandlers.cpp,9993,CreateEffectFpsChecked,MODEL_SHOCKWAVE_GROUND01,Move_MODEL_DRAGON_KICK_DUMMY,move_handler,secondary_candidate,ShockWaveGround01
move_handler,src/source/Render/Effects/Behaviors/MoveHandlers.cpp,10007,CreateParticleFpsChecked,BITMAP_FIRE_HIK1,Move_MODEL_DRAGON_KICK_DUMMY,move_handler,secondary_candidate,
move_handler,src/source/Render/Effects/Behaviors/MoveHandlers.cpp,10010,CreateParticleFpsChecked,BITMAP_FIRE_CURSEDLICH,Move_MODEL_DRAGON_KICK_DUMMY,move_handler,secondary_candidate,
move_handler,src/source/Render/Effects/Behaviors/MoveHandlers.cpp,10013,CreateParticleFpsChecked,BITMAP_FIRE_HIK3,Move_MODEL_DRAGON_KICK_DUMMY,move_handler,secondary_candidate,
move_handler,src/source/Render/Effects/Behaviors/MoveHandlers.cpp,10032,CreateParticleFpsChecked,BITMAP_FIRE_HIK1,Move_MODEL_DRAGON_KICK_DUMMY,move_handler,secondary_candidate,
move_handler,src/source/Render/Effects/Behaviors/MoveHandlers.cpp,10037,CreateParticleFpsChecked,BITMAP_SPARK,Move_MODEL_DRAGON_KICK_DUMMY,move_handler,secondary_candidate,
move_handler,src/source/Render/Effects/Behaviors/MoveHandlers.cpp,10057,CreateParticleFpsChecked,BITMAP_SPARK,Move_MODEL_DRAGON_LOWER_DUMMY,move_handler,secondary_candidate,
move_handler,src/source/Render/Effects/Behaviors/MoveHandlers.cpp,10064,CreateEffectFpsChecked,BITMAP_LIGHT_RED,Move_MODEL_DRAGON_LOWER_DUMMY,move_handler,secondary_candidate,
move_handler,src/source/Render/Effects/Behaviors/MoveHandlers.cpp,10101,CreateParticleFpsChecked,BITMAP_FIRE_HIK1,Move_MODEL_TARGETMON_EFFECT,move_handler,secondary_candidate,
move_handler,src/source/Render/Effects/Behaviors/MoveHandlers.cpp,10104,CreateParticleFpsChecked,BITMAP_FIRE_CURSEDLICH,Move_MODEL_TARGETMON_EFFECT,move_handler,secondary_candidate,
move_handler,src/source/Render/Effects/Behaviors/MoveHandlers.cpp,10107,CreateParticleFpsChecked,BITMAP_FIRE_HIK3,Move_MODEL_TARGETMON_EFFECT,move_handler,secondary_candidate,
move_handler,src/source/Render/Effects/Behaviors/MoveHandlers.cpp,10136,CreateParticleFpsChecked,BITMAP_FIRE_HIK1,Move_MODEL_VOLCANO_OF_MONK,move_handler,secondary_candidate,
move_handler,src/source/Render/Effects/Behaviors/MoveHandlers.cpp,10139,CreateParticleFpsChecked,BITMAP_FIRE_CURSEDLICH,Move_MODEL_VOLCANO_OF_MONK,move_handler,secondary_candidate,
move_handler,src/source/Render/Effects/Behaviors/MoveHandlers.cpp,10142,CreateParticleFpsChecked,BITMAP_FIRE_HIK3,Move_MODEL_VOLCANO_OF_MONK,move_handler,secondary_candidate,
move_handler,src/source/Render/Effects/Behaviors/MoveHandlers.cpp,10150,CreateEffectFpsChecked,MODEL_VOLCANO_STONE,Move_MODEL_VOLCANO_OF_MONK,move_handler,secondary_candidate,
move_handler,src/source/Render/Effects/Behaviors/MoveHandlers.cpp,10155,CreateEffectFpsChecked,MODEL_SHOCKWAVE_GROUND01,Move_MODEL_VOLCANO_OF_MONK,move_handler,secondary_candidate,ShockWaveGround01
move_handler,src/source/Render/Effects/Behaviors/MoveHandlers.cpp,10183,CreateEffectFpsChecked,MODEL_VOLCANO_OF_MONK,Move_MODEL_VOLCANO_OF_MONK,move_handler,secondary_candidate,
move_handler,src/source/Render/Effects/Behaviors/MoveHandlers.cpp,10228,CreateParticleFpsChecked,BITMAP_FIRE_HIK1,Move_MODEL_VOLCANO_STONE,move_handler,secondary_candidate,
move_handler,src/source/Render/Effects/Behaviors/MoveHandlers.cpp,10231,CreateParticleFpsChecked,BITMAP_FIRE_CURSEDLICH,Move_MODEL_VOLCANO_STONE,move_handler,secondary_candidate,
move_handler,src/source/Render/Effects/Behaviors/MoveHandlers.cpp,10234,CreateParticleFpsChecked,BITMAP_FIRE_HIK3,Move_MODEL_VOLCANO_STONE,move_handler,secondary_candidate,
