tipo,simbolo_main,metadatos_create,subtipos_metadatos,subtipo_en_cliente,tipo_cliente,Create,Move,Render,dependencias_identificadas,modelo_BMD_local,archivo_BMD,referencias_CreateEffect_nativas,prioridad,temporada,fidelidad_visual,fuente_metadatos,fuente_movimiento
airForce,MODEL_AIR_FORCE,SI,0|1,0|1,AirForce,SI (catalogo local),SI (ruta definida),SI (BMD compartido),"modelo, owner",Skill/airforce.bmd,No comprobado,0,P0 - regresion,SIN CLASIFICAR - fuente S6 necesaria,NO VALIDADA,https://raw.githubusercontent.com/sven-n/MuMain/21728b1e5b03e0763b38ef9e23f79645e0df7ad2/src/bin/Data/Effects/EffectTypes.json,https://raw.githubusercontent.com/sven-n/MuMain/21728b1e5b03e0763b38ef9e23f79645e0df7ad2/src/source/Render/Effects/Behaviors/MoveHandlers.cpp
aliceBuffSkillEffect,MODEL_ALICE_BUFFSKILL_EFFECT,SI,0|1|2|3|4,,,NO DETECTADO,NO DETECTADO,NO DETECTADO,modelo/bone|sprite|particle|joint|owner,,No verificado,0,P1 - verificar S6,SIN CLASIFICAR - fuente S6 necesaria,NO VALIDADA,https://raw.githubusercontent.com/sven-n/MuMain/21728b1e5b03e0763b38ef9e23f79645e0df7ad2/src/bin/Data/Effects/EffectTypes.json,https://raw.githubusercontent.com/sven-n/MuMain/21728b1e5b03e0763b38ef9e23f79645e0df7ad2/src/source/Render/Effects/Behaviors/MoveHandlers.cpp
aliceBuffSkillEffect2,MODEL_ALICE_BUFFSKILL_EFFECT2,SI,no especificados en metadatos,,,NO DETECTADO,NO DETECTADO,NO DETECTADO,no localizado,,No verificado,0,P1 - verificar S6,SIN CLASIFICAR - fuente S6 necesaria,NO VALIDADA,https://raw.githubusercontent.com/sven-n/MuMain/21728b1e5b03e0763b38ef9e23f79645e0df7ad2/src/bin/Data/Effects/EffectTypes.json,https://raw.githubusercontent.com/sven-n/MuMain/21728b1e5b03e0763b38ef9e23f79645e0df7ad2/src/source/Render/Effects/Behaviors/MoveHandlers.cpp
aliceDrainLife,MODEL_ALICE_DRAIN_LIFE,SI,0,,,NO DETECTADO,NO DETECTADO,NO DETECTADO,modelo/bone|particle|joint|owner,,No verificado,0,P1 - verificar S6,SIN CLASIFICAR - fuente S6 necesaria,NO VALIDADA,https://raw.githubusercontent.com/sven-n/MuMain/21728b1e5b03e0763b38ef9e23f79645e0df7ad2/src/bin/Data/Effects/EffectTypes.json,https://raw.githubusercontent.com/sven-n/MuMain/21728b1e5b03e0763b38ef9e23f79645e0df7ad2/src/source/Render/Effects/Behaviors/MoveHandlers.cpp
arrow,MODEL_ARROW,NO,,,,NO DETECTADO,NO DETECTADO,NO DETECTADO,particle|terreno,,No verificado,0,P3 - revisar alcance,SIN CLASIFICAR - fuente S6 necesaria,NO VALIDADA,https://raw.githubusercontent.com/sven-n/MuMain/21728b1e5b03e0763b38ef9e23f79645e0df7ad2/src/bin/Data/Effects/EffectTypes.json,https://raw.githubusercontent.com/sven-n/MuMain/21728b1e5b03e0763b38ef9e23f79645e0df7ad2/src/source/Render/Effects/Behaviors/MoveHandlers.cpp
arrowAutoLoad,MODEL_ARROW_AUTOLOAD,SI,0|1,,,NO DETECTADO,NO DETECTADO,NO DETECTADO,modelo/bone|effect hijo|owner,,No verificado,1,P1 - verificar S6,SIN CLASIFICAR - fuente S6 necesaria,NO VALIDADA,https://raw.githubusercontent.com/sven-n/MuMain/21728b1e5b03e0763b38ef9e23f79645e0df7ad2/src/bin/Data/Effects/EffectTypes.json,https://raw.githubusercontent.com/sven-n/MuMain/21728b1e5b03e0763b38ef9e23f79645e0df7ad2/src/source/Render/Effects/Behaviors/MoveHandlers.cpp
arrowBestCrossbow,MODEL_ARROW_BEST_CROSSBOW,NO,,,,NO DETECTADO,NO DETECTADO,NO DETECTADO,terreno,,No verificado,0,P3 - revisar alcance,SIN CLASIFICAR - fuente S6 necesaria,NO VALIDADA,https://raw.githubusercontent.com/sven-n/MuMain/21728b1e5b03e0763b38ef9e23f79645e0df7ad2/src/bin/Data/Effects/EffectTypes.json,https://raw.githubusercontent.com/sven-n/MuMain/21728b1e5b03e0763b38ef9e23f79645e0df7ad2/src/source/Render/Effects/Behaviors/MoveHandlers.cpp
arrowBomb,MODEL_ARROW_BOMB,NO,,,,NO DETECTADO,NO DETECTADO,NO DETECTADO,sprite|particle|terreno|owner,,No verificado,0,P3 - revisar alcance,SIN CLASIFICAR - fuente S6 necesaria,NO VALIDADA,https://raw.githubusercontent.com/sven-n/MuMain/21728b1e5b03e0763b38ef9e23f79645e0df7ad2/src/bin/Data/Effects/EffectTypes.json,https://raw.githubusercontent.com/sven-n/MuMain/21728b1e5b03e0763b38ef9e23f79645e0df7ad2/src/source/Render/Effects/Behaviors/MoveHandlers.cpp
arrowDarkStinger,MODEL_ARROW_DARKSTINGER,NO,,,,NO DETECTADO,NO DETECTADO,NO DETECTADO,modelo/bone|sprite|joint|effect hijo,,No verificado,0,P3 - revisar alcance,SIN CLASIFICAR - fuente S6 necesaria,NO VALIDADA,https://raw.githubusercontent.com/sven-n/MuMain/21728b1e5b03e0763b38ef9e23f79645e0df7ad2/src/bin/Data/Effects/EffectTypes.json,https://raw.githubusercontent.com/sven-n/MuMain/21728b1e5b03e0763b38ef9e23f79645e0df7ad2/src/source/Render/Effects/Behaviors/MoveHandlers.cpp
arrowDouble,MODEL_ARROW_DOUBLE,NO,,,,NO DETECTADO,NO DETECTADO,NO DETECTADO,terreno,,No verificado,0,P3 - revisar alcance,SIN CLASIFICAR - fuente S6 necesaria,NO VALIDADA,https://raw.githubusercontent.com/sven-n/MuMain/21728b1e5b03e0763b38ef9e23f79645e0df7ad2/src/bin/Data/Effects/EffectTypes.json,https://raw.githubusercontent.com/sven-n/MuMain/21728b1e5b03e0763b38ef9e23f79645e0df7ad2/src/source/Render/Effects/Behaviors/MoveHandlers.cpp
arrowDrill,MODEL_ARROW_DRILL,NO,,,,NO DETECTADO,NO DETECTADO,NO DETECTADO,particle|terreno,,No verificado,0,P3 - revisar alcance,SIN CLASIFICAR - fuente S6 necesaria,NO VALIDADA,https://raw.githubusercontent.com/sven-n/MuMain/21728b1e5b03e0763b38ef9e23f79645e0df7ad2/src/bin/Data/Effects/EffectTypes.json,https://raw.githubusercontent.com/sven-n/MuMain/21728b1e5b03e0763b38ef9e23f79645e0df7ad2/src/source/Render/Effects/Behaviors/MoveHandlers.cpp
arrowGamble,MODEL_ARROW_GAMBLE,NO,,,,NO DETECTADO,NO DETECTADO,NO DETECTADO,no localizado,,No verificado,0,P3 - revisar alcance,SIN CLASIFICAR - fuente S6 necesaria,NO VALIDADA,https://raw.githubusercontent.com/sven-n/MuMain/21728b1e5b03e0763b38ef9e23f79645e0df7ad2/src/bin/Data/Effects/EffectTypes.json,https://raw.githubusercontent.com/sven-n/MuMain/21728b1e5b03e0763b38ef9e23f79645e0df7ad2/src/source/Render/Effects/Behaviors/MoveHandlers.cpp
arrowHoly,MODEL_ARROW_HOLY,NO,,,,NO DETECTADO,NO DETECTADO,NO DETECTADO,effect hijo|terreno,,No verificado,0,P3 - revisar alcance,SIN CLASIFICAR - fuente S6 necesaria,NO VALIDADA,https://raw.githubusercontent.com/sven-n/MuMain/21728b1e5b03e0763b38ef9e23f79645e0df7ad2/src/bin/Data/Effects/EffectTypes.json,https://raw.githubusercontent.com/sven-n/MuMain/21728b1e5b03e0763b38ef9e23f79645e0df7ad2/src/source/Render/Effects/Behaviors/MoveHandlers.cpp
arrowImpact,MODEL_ARROW_IMPACT,NO,,,,NO DETECTADO,NO DETECTADO,NO DETECTADO,joint|owner,,No verificado,0,P3 - revisar alcance,SIN CLASIFICAR - fuente S6 necesaria,NO VALIDADA,https://raw.githubusercontent.com/sven-n/MuMain/21728b1e5b03e0763b38ef9e23f79645e0df7ad2/src/bin/Data/Effects/EffectTypes.json,https://raw.githubusercontent.com/sven-n/MuMain/21728b1e5b03e0763b38ef9e23f79645e0df7ad2/src/source/Render/Effects/Behaviors/MoveHandlers.cpp
arrowLaser,MODEL_ARROW_LASER,NO,,,,NO DETECTADO,NO DETECTADO,NO DETECTADO,no localizado,,No verificado,0,P3 - revisar alcance,SIN CLASIFICAR - fuente S6 necesaria,NO VALIDADA,https://raw.githubusercontent.com/sven-n/MuMain/21728b1e5b03e0763b38ef9e23f79645e0df7ad2/src/bin/Data/Effects/EffectTypes.json,https://raw.githubusercontent.com/sven-n/MuMain/21728b1e5b03e0763b38ef9e23f79645e0df7ad2/src/source/Render/Effects/Behaviors/MoveHandlers.cpp
arrowNature,MODEL_ARROW_NATURE,NO,,,,NO DETECTADO,NO DETECTADO,NO DETECTADO,no localizado,,No verificado,0,P3 - revisar alcance,SIN CLASIFICAR - fuente S6 necesaria,NO VALIDADA,https://raw.githubusercontent.com/sven-n/MuMain/21728b1e5b03e0763b38ef9e23f79645e0df7ad2/src/bin/Data/Effects/EffectTypes.json,https://raw.githubusercontent.com/sven-n/MuMain/21728b1e5b03e0763b38ef9e23f79645e0df7ad2/src/source/Render/Effects/Behaviors/MoveHandlers.cpp
arrowRing,MODEL_ARROW_RING,NO,,,,NO DETECTADO,NO DETECTADO,NO DETECTADO,effect hijo|terreno,,No verificado,0,P3 - revisar alcance,SIN CLASIFICAR - fuente S6 necesaria,NO VALIDADA,https://raw.githubusercontent.com/sven-n/MuMain/21728b1e5b03e0763b38ef9e23f79645e0df7ad2/src/bin/Data/Effects/EffectTypes.json,https://raw.githubusercontent.com/sven-n/MuMain/21728b1e5b03e0763b38ef9e23f79645e0df7ad2/src/source/Render/Effects/Behaviors/MoveHandlers.cpp
arrowSaw,MODEL_ARROW_SAW,NO,,,,NO DETECTADO,NO DETECTADO,NO DETECTADO,no localizado,,No verificado,0,P3 - revisar alcance,SIN CLASIFICAR - fuente S6 necesaria,NO VALIDADA,https://raw.githubusercontent.com/sven-n/MuMain/21728b1e5b03e0763b38ef9e23f79645e0df7ad2/src/bin/Data/Effects/EffectTypes.json,https://raw.githubusercontent.com/sven-n/MuMain/21728b1e5b03e0763b38ef9e23f79645e0df7ad2/src/source/Render/Effects/Behaviors/MoveHandlers.cpp
arrowSpark,MODEL_ARROW_SPARK,NO,,,,NO DETECTADO,NO DETECTADO,NO DETECTADO,vida/movimiento,,No verificado,0,P3 - revisar alcance,SIN CLASIFICAR - fuente S6 necesaria,NO VALIDADA,https://raw.githubusercontent.com/sven-n/MuMain/21728b1e5b03e0763b38ef9e23f79645e0df7ad2/src/bin/Data/Effects/EffectTypes.json,https://raw.githubusercontent.com/sven-n/MuMain/21728b1e5b03e0763b38ef9e23f79645e0df7ad2/src/source/Render/Effects/Behaviors/MoveHandlers.cpp
arrowSteel,MODEL_ARROW_STEEL,NO,,,,NO DETECTADO,NO DETECTADO,NO DETECTADO,sprite|particle|effect hijo|terreno,,No verificado,0,P3 - revisar alcance,SIN CLASIFICAR - fuente S6 necesaria,NO VALIDADA,https://raw.githubusercontent.com/sven-n/MuMain/21728b1e5b03e0763b38ef9e23f79645e0df7ad2/src/bin/Data/Effects/EffectTypes.json,https://raw.githubusercontent.com/sven-n/MuMain/21728b1e5b03e0763b38ef9e23f79645e0df7ad2/src/source/Render/Effects/Behaviors/MoveHandlers.cpp
arrowTanker,MODEL_ARROW_TANKER,NO,,,,NO DETECTADO,NO DETECTADO,NO DETECTADO,terreno,,No verificado,0,P3 - revisar alcance,SIN CLASIFICAR - fuente S6 necesaria,NO VALIDADA,https://raw.githubusercontent.com/sven-n/MuMain/21728b1e5b03e0763b38ef9e23f79645e0df7ad2/src/bin/Data/Effects/EffectTypes.json,https://raw.githubusercontent.com/sven-n/MuMain/21728b1e5b03e0763b38ef9e23f79645e0df7ad2/src/source/Render/Effects/Behaviors/MoveHandlers.cpp
arrowTankerHit,MODEL_ARROW_TANKER_HIT,SI,0|1|2,,,NO DETECTADO,NO DETECTADO,NO DETECTADO,modelo/bone|particle|effect hijo|terreno,,No verificado,0,P3 - revisar alcance,SIN CLASIFICAR - fuente S6 necesaria,NO VALIDADA,https://raw.githubusercontent.com/sven-n/MuMain/21728b1e5b03e0763b38ef9e23f79645e0df7ad2/src/bin/Data/Effects/EffectTypes.json,https://raw.githubusercontent.com/sven-n/MuMain/21728b1e5b03e0763b38ef9e23f79645e0df7ad2/src/source/Render/Effects/Behaviors/MoveHandlers.cpp
arrowThunder,MODEL_ARROW_THUNDER,NO,,,,NO DETECTADO,NO DETECTADO,NO DETECTADO,no localizado,,No verificado,0,P3 - revisar alcance,SIN CLASIFICAR - fuente S6 necesaria,NO VALIDADA,https://raw.githubusercontent.com/sven-n/MuMain/21728b1e5b03e0763b38ef9e23f79645e0df7ad2/src/bin/Data/Effects/EffectTypes.json,https://raw.githubusercontent.com/sven-n/MuMain/21728b1e5b03e0763b38ef9e23f79645e0df7ad2/src/source/Render/Effects/Behaviors/MoveHandlers.cpp
arrowV,MODEL_ARROW_V,NO,,,,NO DETECTADO,NO DETECTADO,NO DETECTADO,no localizado,,No verificado,0,P3 - revisar alcance,SIN CLASIFICAR - fuente S6 necesaria,NO VALIDADA,https://raw.githubusercontent.com/sven-n/MuMain/21728b1e5b03e0763b38ef9e23f79645e0df7ad2/src/bin/Data/Effects/EffectTypes.json,https://raw.githubusercontent.com/sven-n/MuMain/21728b1e5b03e0763b38ef9e23f79645e0df7ad2/src/source/Render/Effects/Behaviors/MoveHandlers.cpp
arrowWing,MODEL_ARROW_WING,NO,,,,NO DETECTADO,NO DETECTADO,NO DETECTADO,no localizado,,No verificado,0,P3 - revisar alcance,SIN CLASIFICAR - fuente S6 necesaria,NO VALIDADA,https://raw.githubusercontent.com/sven-n/MuMain/21728b1e5b03e0763b38ef9e23f79645e0df7ad2/src/bin/Data/Effects/EffectTypes.json,https://raw.githubusercontent.com/sven-n/MuMain/21728b1e5b03e0763b38ef9e23f79645e0df7ad2/src/source/Render/Effects/Behaviors/MoveHandlers.cpp
arrowsre6,MODEL_ARROWSRE06,SI,0|2|1,1,ArrowsRe06,SI (catalogo local),SI (ruta definida),SI (BMD compartido),"modelo, huesos, Sprite",Effect/arrowsre06.bmd,No comprobado,4,P0 - regresion,SIN CLASIFICAR - fuente S6 necesaria,NO VALIDADA,https://raw.githubusercontent.com/sven-n/MuMain/21728b1e5b03e0763b38ef9e23f79645e0df7ad2/src/bin/Data/Effects/EffectTypes.json,https://raw.githubusercontent.com/sven-n/MuMain/21728b1e5b03e0763b38ef9e23f79645e0df7ad2/src/source/Render/Effects/Behaviors/MoveHandlers.cpp
aurora,MODEL_AURORA,NO,,,,NO DETECTADO,NO DETECTADO,NO DETECTADO,owner,,No verificado,0,P3 - revisar alcance,SIN CLASIFICAR - fuente S6 necesaria,NO VALIDADA,https://raw.githubusercontent.com/sven-n/MuMain/21728b1e5b03e0763b38ef9e23f79645e0df7ad2/src/bin/Data/Effects/EffectTypes.json,https://raw.githubusercontent.com/sven-n/MuMain/21728b1e5b03e0763b38ef9e23f79645e0df7ad2/src/source/Render/Effects/Behaviors/MoveHandlers.cpp
balgasSkill,MODEL_BALGAS_SKILL,SI,no especificados en metadatos,,,NO DETECTADO,NO DETECTADO,NO DETECTADO,modelo/bone|terreno,,No verificado,0,P3 - revisar alcance,SIN CLASIFICAR - fuente S6 necesaria,NO VALIDADA,https://raw.githubusercontent.com/sven-n/MuMain/21728b1e5b03e0763b38ef9e23f79645e0df7ad2/src/bin/Data/Effects/EffectTypes.json,https://raw.githubusercontent.com/sven-n/MuMain/21728b1e5b03e0763b38ef9e23f79645e0df7ad2/src/source/Render/Effects/Behaviors/MoveHandlers.cpp
battleCastleWall1,BATTLE_CASTLE_WALL1,SI,no especificados en metadatos,,,NO DETECTADO,NO DETECTADO,NO DETECTADO,no localizado,,No verificado,0,P3 - revisar alcance,SIN CLASIFICAR - fuente S6 necesaria,NO VALIDADA,https://raw.githubusercontent.com/sven-n/MuMain/21728b1e5b03e0763b38ef9e23f79645e0df7ad2/src/bin/Data/Effects/EffectTypes.json,https://raw.githubusercontent.com/sven-n/MuMain/21728b1e5b03e0763b38ef9e23f79645e0df7ad2/src/source/Render/Effects/Behaviors/MoveHandlers.cpp
battleCastleWall2,BATTLE_CASTLE_WALL2,SI,no especificados en metadatos,,,NO DETECTADO,NO DETECTADO,NO DETECTADO,no localizado,,No verificado,0,P3 - revisar alcance,SIN CLASIFICAR - fuente S6 necesaria,NO VALIDADA,https://raw.githubusercontent.com/sven-n/MuMain/21728b1e5b03e0763b38ef9e23f79645e0df7ad2/src/bin/Data/Effects/EffectTypes.json,https://raw.githubusercontent.com/sven-n/MuMain/21728b1e5b03e0763b38ef9e23f79645e0df7ad2/src/source/Render/Effects/Behaviors/MoveHandlers.cpp
battleCastleWall3,BATTLE_CASTLE_WALL3,SI,no especificados en metadatos,,,NO DETECTADO,NO DETECTADO,NO DETECTADO,no localizado,,No verificado,0,P3 - revisar alcance,SIN CLASIFICAR - fuente S6 necesaria,NO VALIDADA,https://raw.githubusercontent.com/sven-n/MuMain/21728b1e5b03e0763b38ef9e23f79645e0df7ad2/src/bin/Data/Effects/EffectTypes.json,https://raw.githubusercontent.com/sven-n/MuMain/21728b1e5b03e0763b38ef9e23f79645e0df7ad2/src/source/Render/Effects/Behaviors/MoveHandlers.cpp
battleCastleWall4,BATTLE_CASTLE_WALL4,SI,no especificados en metadatos,,,NO DETECTADO,NO DETECTADO,NO DETECTADO,no localizado,,No verificado,0,P3 - revisar alcance,SIN CLASIFICAR - fuente S6 necesaria,NO VALIDADA,https://raw.githubusercontent.com/sven-n/MuMain/21728b1e5b03e0763b38ef9e23f79645e0df7ad2/src/bin/Data/Effects/EffectTypes.json,https://raw.githubusercontent.com/sven-n/MuMain/21728b1e5b03e0763b38ef9e23f79645e0df7ad2/src/source/Render/Effects/Behaviors/MoveHandlers.cpp
battleGuard2,MODEL_BATTLE_GUARD2,NO,,,,NO DETECTADO,NO DETECTADO,NO DETECTADO,effect hijo,,No verificado,0,P3 - revisar alcance,SIN CLASIFICAR - fuente S6 necesaria,NO VALIDADA,https://raw.githubusercontent.com/sven-n/MuMain/21728b1e5b03e0763b38ef9e23f79645e0df7ad2/src/bin/Data/Effects/EffectTypes.json,https://raw.githubusercontent.com/sven-n/MuMain/21728b1e5b03e0763b38ef9e23f79645e0df7ad2/src/source/Render/Effects/Behaviors/MoveHandlers.cpp
bigMeteo1,MODEL_BIG_METEO1,NO,,,,NO DETECTADO,NO DETECTADO,NO DETECTADO,no localizado,,No verificado,0,P3 - revisar alcance,SIN CLASIFICAR - fuente S6 necesaria,NO VALIDADA,https://raw.githubusercontent.com/sven-n/MuMain/21728b1e5b03e0763b38ef9e23f79645e0df7ad2/src/bin/Data/Effects/EffectTypes.json,https://raw.githubusercontent.com/sven-n/MuMain/21728b1e5b03e0763b38ef9e23f79645e0df7ad2/src/source/Render/Effects/Behaviors/MoveHandlers.cpp
bigMeteo2,MODEL_BIG_METEO2,NO,,,,NO DETECTADO,NO DETECTADO,NO DETECTADO,no localizado,,No verificado,0,P3 - revisar alcance,SIN CLASIFICAR - fuente S6 necesaria,NO VALIDADA,https://raw.githubusercontent.com/sven-n/MuMain/21728b1e5b03e0763b38ef9e23f79645e0df7ad2/src/bin/Data/Effects/EffectTypes.json,https://raw.githubusercontent.com/sven-n/MuMain/21728b1e5b03e0763b38ef9e23f79645e0df7ad2/src/source/Render/Effects/Behaviors/MoveHandlers.cpp
bigMeteo3,MODEL_BIG_METEO3,NO,,,,NO DETECTADO,NO DETECTADO,NO DETECTADO,no localizado,,No verificado,0,P3 - revisar alcance,SIN CLASIFICAR - fuente S6 necesaria,NO VALIDADA,https://raw.githubusercontent.com/sven-n/MuMain/21728b1e5b03e0763b38ef9e23f79645e0df7ad2/src/bin/Data/Effects/EffectTypes.json,https://raw.githubusercontent.com/sven-n/MuMain/21728b1e5b03e0763b38ef9e23f79645e0df7ad2/src/source/Render/Effects/Behaviors/MoveHandlers.cpp
bigStone1,MODEL_BIG_STONE1,NO,,,,NO DETECTADO,NO DETECTADO,NO DETECTADO,no localizado,,No verificado,0,P3 - revisar alcance,SIN CLASIFICAR - fuente S6 necesaria,NO VALIDADA,https://raw.githubusercontent.com/sven-n/MuMain/21728b1e5b03e0763b38ef9e23f79645e0df7ad2/src/bin/Data/Effects/EffectTypes.json,https://raw.githubusercontent.com/sven-n/MuMain/21728b1e5b03e0763b38ef9e23f79645e0df7ad2/src/source/Render/Effects/Behaviors/MoveHandlers.cpp
bigStone2,MODEL_BIG_STONE2,NO,,,,NO DETECTADO,NO DETECTADO,NO DETECTADO,no localizado,,No verificado,0,P3 - revisar alcance,SIN CLASIFICAR - fuente S6 necesaria,NO VALIDADA,https://raw.githubusercontent.com/sven-n/MuMain/21728b1e5b03e0763b38ef9e23f79645e0df7ad2/src/bin/Data/Effects/EffectTypes.json,https://raw.githubusercontent.com/sven-n/MuMain/21728b1e5b03e0763b38ef9e23f79645e0df7ad2/src/source/Render/Effects/Behaviors/MoveHandlers.cpp
bigStonePart1,MODEL_BIG_STONE_PART1,NO,,,,NO DETECTADO,NO DETECTADO,NO DETECTADO,particle|terreno,,No verificado,0,P3 - revisar alcance,SIN CLASIFICAR - fuente S6 necesaria,NO VALIDADA,https://raw.githubusercontent.com/sven-n/MuMain/21728b1e5b03e0763b38ef9e23f79645e0df7ad2/src/bin/Data/Effects/EffectTypes.json,https://raw.githubusercontent.com/sven-n/MuMain/21728b1e5b03e0763b38ef9e23f79645e0df7ad2/src/source/Render/Effects/Behaviors/MoveHandlers.cpp
bigStonePart2,MODEL_BIG_STONE_PART2,NO,,,,NO DETECTADO,NO DETECTADO,NO DETECTADO,no localizado,,No verificado,0,P3 - revisar alcance,SIN CLASIFICAR - fuente S6 necesaria,NO VALIDADA,https://raw.githubusercontent.com/sven-n/MuMain/21728b1e5b03e0763b38ef9e23f79645e0df7ad2/src/bin/Data/Effects/EffectTypes.json,https://raw.githubusercontent.com/sven-n/MuMain/21728b1e5b03e0763b38ef9e23f79645e0df7ad2/src/source/Render/Effects/Behaviors/MoveHandlers.cpp
bladeSkill,MODEL_BLADE_SKILL,SI,1,,,NO DETECTADO,NO DETECTADO,NO DETECTADO,sprite|joint|owner,,No verificado,0,P3 - revisar alcance,SIN CLASIFICAR - fuente S6 necesaria,NO VALIDADA,https://raw.githubusercontent.com/sven-n/MuMain/21728b1e5b03e0763b38ef9e23f79645e0df7ad2/src/bin/Data/Effects/EffectTypes.json,https://raw.githubusercontent.com/sven-n/MuMain/21728b1e5b03e0763b38ef9e23f79645e0df7ad2/src/source/Render/Effects/Behaviors/MoveHandlers.cpp
blizzard,BITMAP_BLIZZARD,NO,,,,NO DETECTADO,NO DETECTADO,NO DETECTADO,sprite|particle|effect hijo|terreno,,No verificado,0,P3 - revisar alcance,SIN CLASIFICAR - fuente S6 necesaria,NO VALIDADA,https://raw.githubusercontent.com/sven-n/MuMain/21728b1e5b03e0763b38ef9e23f79645e0df7ad2/src/bin/Data/Effects/EffectTypes.json,https://raw.githubusercontent.com/sven-n/MuMain/21728b1e5b03e0763b38ef9e23f79645e0df7ad2/src/source/Render/Effects/Behaviors/MoveHandlers.cpp
blizzardModel,MODEL_BLIZZARD,NO,,,,NO DETECTADO,NO DETECTADO,NO DETECTADO,sprite|particle|effect hijo|terreno,,No verificado,1,P3 - revisar alcance,SIN CLASIFICAR - fuente S6 necesaria,NO VALIDADA,https://raw.githubusercontent.com/sven-n/MuMain/21728b1e5b03e0763b38ef9e23f79645e0df7ad2/src/bin/Data/Effects/EffectTypes.json,https://raw.githubusercontent.com/sven-n/MuMain/21728b1e5b03e0763b38ef9e23f79645e0df7ad2/src/source/Render/Effects/Behaviors/MoveHandlers.cpp
blood,MODEL_BLOOD,SI,no especificados en metadatos,,,NO DETECTADO,NO DETECTADO,NO DETECTADO,no localizado,,No verificado,0,P3 - revisar alcance,SIN CLASIFICAR - fuente S6 necesaria,NO VALIDADA,https://raw.githubusercontent.com/sven-n/MuMain/21728b1e5b03e0763b38ef9e23f79645e0df7ad2/src/bin/Data/Effects/EffectTypes.json,https://raw.githubusercontent.com/sven-n/MuMain/21728b1e5b03e0763b38ef9e23f79645e0df7ad2/src/source/Render/Effects/Behaviors/MoveHandlers.cpp
blowOfDestruction,MODEL_BLOW_OF_DESTRUCTION,NO,,,,NO DETECTADO,NO DETECTADO,NO DETECTADO,particle|effect hijo|owner,,No verificado,1,P1 - verificar S6,SIN CLASIFICAR - fuente S6 necesaria,NO VALIDADA,https://raw.githubusercontent.com/sven-n/MuMain/21728b1e5b03e0763b38ef9e23f79645e0df7ad2/src/bin/Data/Effects/EffectTypes.json,https://raw.githubusercontent.com/sven-n/MuMain/21728b1e5b03e0763b38ef9e23f79645e0df7ad2/src/source/Render/Effects/Behaviors/MoveHandlers.cpp
bone1,MODEL_BONE1,NO,,,,NO DETECTADO,NO DETECTADO,NO DETECTADO,no localizado,,No verificado,0,P3 - revisar alcance,SIN CLASIFICAR - fuente S6 necesaria,NO VALIDADA,https://raw.githubusercontent.com/sven-n/MuMain/21728b1e5b03e0763b38ef9e23f79645e0df7ad2/src/bin/Data/Effects/EffectTypes.json,https://raw.githubusercontent.com/sven-n/MuMain/21728b1e5b03e0763b38ef9e23f79645e0df7ad2/src/source/Render/Effects/Behaviors/MoveHandlers.cpp
bone2,MODEL_BONE2,NO,,,,NO DETECTADO,NO DETECTADO,NO DETECTADO,no localizado,,No verificado,0,P3 - revisar alcance,SIN CLASIFICAR - fuente S6 necesaria,NO VALIDADA,https://raw.githubusercontent.com/sven-n/MuMain/21728b1e5b03e0763b38ef9e23f79645e0df7ad2/src/bin/Data/Effects/EffectTypes.json,https://raw.githubusercontent.com/sven-n/MuMain/21728b1e5b03e0763b38ef9e23f79645e0df7ad2/src/source/Render/Effects/Behaviors/MoveHandlers.cpp
bossAttack,MODEL_BOSS_ATTACK,SI,no especificados en metadatos,,,NO DETECTADO,NO DETECTADO,NO DETECTADO,no localizado,,No verificado,0,P3 - revisar alcance,SIN CLASIFICAR - fuente S6 necesaria,NO VALIDADA,https://raw.githubusercontent.com/sven-n/MuMain/21728b1e5b03e0763b38ef9e23f79645e0df7ad2/src/bin/Data/Effects/EffectTypes.json,https://raw.githubusercontent.com/sven-n/MuMain/21728b1e5b03e0763b38ef9e23f79645e0df7ad2/src/source/Render/Effects/Behaviors/MoveHandlers.cpp
bossLaser,BITMAP_BOSS_LASER,NO,,,,NO DETECTADO,NO DETECTADO,NO DETECTADO,no localizado,,No verificado,0,P3 - revisar alcance,SIN CLASIFICAR - fuente S6 necesaria,NO VALIDADA,https://raw.githubusercontent.com/sven-n/MuMain/21728b1e5b03e0763b38ef9e23f79645e0df7ad2/src/bin/Data/Effects/EffectTypes.json,https://raw.githubusercontent.com/sven-n/MuMain/21728b1e5b03e0763b38ef9e23f79645e0df7ad2/src/source/Render/Effects/Behaviors/MoveHandlers.cpp
bossLaser2,BITMAP_BOSS_LASER+1,NO,,,,NO DETECTADO,NO DETECTADO,NO DETECTADO,no localizado,,No verificado,0,P3 - revisar alcance,SIN CLASIFICAR - fuente S6 necesaria,NO VALIDADA,https://raw.githubusercontent.com/sven-n/MuMain/21728b1e5b03e0763b38ef9e23f79645e0df7ad2/src/bin/Data/Effects/EffectTypes.json,https://raw.githubusercontent.com/sven-n/MuMain/21728b1e5b03e0763b38ef9e23f79645e0df7ad2/src/source/Render/Effects/Behaviors/MoveHandlers.cpp
bossLaser3,BITMAP_BOSS_LASER+2,NO,,,,NO DETECTADO,NO DETECTADO,NO DETECTADO,no localizado,,No verificado,0,P3 - revisar alcance,SIN CLASIFICAR - fuente S6 necesaria,NO VALIDADA,https://raw.githubusercontent.com/sven-n/MuMain/21728b1e5b03e0763b38ef9e23f79645e0df7ad2/src/bin/Data/Effects/EffectTypes.json,https://raw.githubusercontent.com/sven-n/MuMain/21728b1e5b03e0763b38ef9e23f79645e0df7ad2/src/source/Render/Effects/Behaviors/MoveHandlers.cpp
butterfly1,MODEL_BUTTERFLY01,NO,,,,NO DETECTADO,NO DETECTADO,NO DETECTADO,sprite|particle|terreno,,No verificado,0,P3 - revisar alcance,SIN CLASIFICAR - fuente S6 necesaria,NO VALIDADA,https://raw.githubusercontent.com/sven-n/MuMain/21728b1e5b03e0763b38ef9e23f79645e0df7ad2/src/bin/Data/Effects/EffectTypes.json,https://raw.githubusercontent.com/sven-n/MuMain/21728b1e5b03e0763b38ef9e23f79645e0df7ad2/src/source/Render/Effects/Behaviors/MoveHandlers.cpp
chainLightning,MODEL_CHAIN_LIGHTNING,SI,0|1|2,,,NO DETECTADO,NO DETECTADO,NO DETECTADO,modelo/bone|particle|joint|owner,,No verificado,0,P3 - revisar alcance,SIN CLASIFICAR - fuente S6 necesaria,NO VALIDADA,https://raw.githubusercontent.com/sven-n/MuMain/21728b1e5b03e0763b38ef9e23f79645e0df7ad2/src/bin/Data/Effects/EffectTypes.json,https://raw.githubusercontent.com/sven-n/MuMain/21728b1e5b03e0763b38ef9e23f79645e0df7ad2/src/source/Render/Effects/Behaviors/MoveHandlers.cpp
changeUpCylinder,MODEL_CHANGE_UP_CYLINDER,SI,1,,,NO DETECTADO,NO DETECTADO,NO DETECTADO,terreno|owner,,No verificado,1,P3 - revisar alcance,SIN CLASIFICAR - fuente S6 necesaria,NO VALIDADA,https://raw.githubusercontent.com/sven-n/MuMain/21728b1e5b03e0763b38ef9e23f79645e0df7ad2/src/bin/Data/Effects/EffectTypes.json,https://raw.githubusercontent.com/sven-n/MuMain/21728b1e5b03e0763b38ef9e23f79645e0df7ad2/src/source/Render/Effects/Behaviors/MoveHandlers.cpp
changeUpEffect,MODEL_CHANGE_UP_EFF,SI,1,,,NO DETECTADO,NO DETECTADO,NO DETECTADO,modelo/bone|joint|effect hijo|terreno|owner,,No verificado,1,P3 - revisar alcance,SIN CLASIFICAR - fuente S6 necesaria,NO VALIDADA,https://raw.githubusercontent.com/sven-n/MuMain/21728b1e5b03e0763b38ef9e23f79645e0df7ad2/src/bin/Data/Effects/EffectTypes.json,https://raw.githubusercontent.com/sven-n/MuMain/21728b1e5b03e0763b38ef9e23f79645e0df7ad2/src/source/Render/Effects/Behaviors/MoveHandlers.cpp
changeUpNasa,MODEL_CHANGE_UP_NASA,SI,1|2|3,,,NO DETECTADO,NO DETECTADO,NO DETECTADO,effect hijo,,No verificado,3,P1 - verificar S6,SIN CLASIFICAR - fuente S6 necesaria,NO VALIDADA,https://raw.githubusercontent.com/sven-n/MuMain/21728b1e5b03e0763b38ef9e23f79645e0df7ad2/src/bin/Data/Effects/EffectTypes.json,https://raw.githubusercontent.com/sven-n/MuMain/21728b1e5b03e0763b38ef9e23f79645e0df7ad2/src/source/Render/Effects/Behaviors/MoveHandlers.cpp
chromeEnergy2,BITMAP_CHROME_ENERGY2,SI,0,,,NO DETECTADO,NO DETECTADO,NO DETECTADO,vida/movimiento,,No verificado,1,P3 - revisar alcance,SIN CLASIFICAR - fuente S6 necesaria,NO VALIDADA,https://raw.githubusercontent.com/sven-n/MuMain/21728b1e5b03e0763b38ef9e23f79645e0df7ad2/src/bin/Data/Effects/EffectTypes.json,https://raw.githubusercontent.com/sven-n/MuMain/21728b1e5b03e0763b38ef9e23f79645e0df7ad2/src/source/Render/Effects/Behaviors/MoveHandlers.cpp
circle,MODEL_CIRCLE,NO,,,,NO DETECTADO,NO DETECTADO,NO DETECTADO,joint|owner,,No verificado,0,P3 - revisar alcance,SIN CLASIFICAR - fuente S6 necesaria,NO VALIDADA,https://raw.githubusercontent.com/sven-n/MuMain/21728b1e5b03e0763b38ef9e23f79645e0df7ad2/src/bin/Data/Effects/EffectTypes.json,https://raw.githubusercontent.com/sven-n/MuMain/21728b1e5b03e0763b38ef9e23f79645e0df7ad2/src/source/Render/Effects/Behaviors/MoveHandlers.cpp
circleLight,MODEL_CIRCLE_LIGHT,SI,1|2|3|4,,,NO DETECTADO,NO DETECTADO,NO DETECTADO,particle|joint|effect hijo|terreno,,No verificado,0,P3 - revisar alcance,SIN CLASIFICAR - fuente S6 necesaria,NO VALIDADA,https://raw.githubusercontent.com/sven-n/MuMain/21728b1e5b03e0763b38ef9e23f79645e0df7ad2/src/bin/Data/Effects/EffectTypes.json,https://raw.githubusercontent.com/sven-n/MuMain/21728b1e5b03e0763b38ef9e23f79645e0df7ad2/src/source/Render/Effects/Behaviors/MoveHandlers.cpp
cloud,BITMAP_CLOUD,NO,,,,NO DETECTADO,NO DETECTADO,NO DETECTADO,vida/movimiento,,No verificado,1,P3 - revisar alcance,SIN CLASIFICAR - fuente S6 necesaria,NO VALIDADA,https://raw.githubusercontent.com/sven-n/MuMain/21728b1e5b03e0763b38ef9e23f79645e0df7ad2/src/bin/Data/Effects/EffectTypes.json,https://raw.githubusercontent.com/sven-n/MuMain/21728b1e5b03e0763b38ef9e23f79645e0df7ad2/src/source/Render/Effects/Behaviors/MoveHandlers.cpp
cloudModel,MODEL_CLOUD,SI,no especificados en metadatos,,,NO DETECTADO,NO DETECTADO,NO DETECTADO,no localizado,,No verificado,0,P3 - revisar alcance,SIN CLASIFICAR - fuente S6 necesaria,NO VALIDADA,https://raw.githubusercontent.com/sven-n/MuMain/21728b1e5b03e0763b38ef9e23f79645e0df7ad2/src/bin/Data/Effects/EffectTypes.json,https://raw.githubusercontent.com/sven-n/MuMain/21728b1e5b03e0763b38ef9e23f79645e0df7ad2/src/source/Render/Effects/Behaviors/MoveHandlers.cpp
combo,MODEL_COMBO,NO,,,,NO DETECTADO,NO DETECTADO,NO DETECTADO,vida/movimiento,,No verificado,0,P3 - revisar alcance,SIN CLASIFICAR - fuente S6 necesaria,NO VALIDADA,https://raw.githubusercontent.com/sven-n/MuMain/21728b1e5b03e0763b38ef9e23f79645e0df7ad2/src/bin/Data/Effects/EffectTypes.json,https://raw.githubusercontent.com/sven-n/MuMain/21728b1e5b03e0763b38ef9e23f79645e0df7ad2/src/source/Render/Effects/Behaviors/MoveHandlers.cpp
condraArmL,MODEL_CONDRA_ARM_L,NO,,,,NO DETECTADO,NO DETECTADO,NO DETECTADO,no localizado,,No verificado,0,P3 - revisar alcance,SIN CLASIFICAR - fuente S6 necesaria,NO VALIDADA,https://raw.githubusercontent.com/sven-n/MuMain/21728b1e5b03e0763b38ef9e23f79645e0df7ad2/src/bin/Data/Effects/EffectTypes.json,https://raw.githubusercontent.com/sven-n/MuMain/21728b1e5b03e0763b38ef9e23f79645e0df7ad2/src/source/Render/Effects/Behaviors/MoveHandlers.cpp
condraArmL2,MODEL_CONDRA_ARM_L2,NO,,,,NO DETECTADO,NO DETECTADO,NO DETECTADO,no localizado,,No verificado,0,P3 - revisar alcance,SIN CLASIFICAR - fuente S6 necesaria,NO VALIDADA,https://raw.githubusercontent.com/sven-n/MuMain/21728b1e5b03e0763b38ef9e23f79645e0df7ad2/src/bin/Data/Effects/EffectTypes.json,https://raw.githubusercontent.com/sven-n/MuMain/21728b1e5b03e0763b38ef9e23f79645e0df7ad2/src/source/Render/Effects/Behaviors/MoveHandlers.cpp
condraArmR,MODEL_CONDRA_ARM_R,NO,,,,NO DETECTADO,NO DETECTADO,NO DETECTADO,no localizado,,No verificado,0,P3 - revisar alcance,SIN CLASIFICAR - fuente S6 necesaria,NO VALIDADA,https://raw.githubusercontent.com/sven-n/MuMain/21728b1e5b03e0763b38ef9e23f79645e0df7ad2/src/bin/Data/Effects/EffectTypes.json,https://raw.githubusercontent.com/sven-n/MuMain/21728b1e5b03e0763b38ef9e23f79645e0df7ad2/src/source/Render/Effects/Behaviors/MoveHandlers.cpp
condraArmR2,MODEL_CONDRA_ARM_R2,NO,,,,NO DETECTADO,NO DETECTADO,NO DETECTADO,no localizado,,No verificado,0,P3 - revisar alcance,SIN CLASIFICAR - fuente S6 necesaria,NO VALIDADA,https://raw.githubusercontent.com/sven-n/MuMain/21728b1e5b03e0763b38ef9e23f79645e0df7ad2/src/bin/Data/Effects/EffectTypes.json,https://raw.githubusercontent.com/sven-n/MuMain/21728b1e5b03e0763b38ef9e23f79645e0df7ad2/src/source/Render/Effects/Behaviors/MoveHandlers.cpp
condraConeL,MODEL_CONDRA_CONE_L,NO,,,,NO DETECTADO,NO DETECTADO,NO DETECTADO,no localizado,,No verificado,0,P3 - revisar alcance,SIN CLASIFICAR - fuente S6 necesaria,NO VALIDADA,https://raw.githubusercontent.com/sven-n/MuMain/21728b1e5b03e0763b38ef9e23f79645e0df7ad2/src/bin/Data/Effects/EffectTypes.json,https://raw.githubusercontent.com/sven-n/MuMain/21728b1e5b03e0763b38ef9e23f79645e0df7ad2/src/source/Render/Effects/Behaviors/MoveHandlers.cpp
condraConeR,MODEL_CONDRA_CONE_R,NO,,,,NO DETECTADO,NO DETECTADO,NO DETECTADO,no localizado,,No verificado,0,P3 - revisar alcance,SIN CLASIFICAR - fuente S6 necesaria,NO VALIDADA,https://raw.githubusercontent.com/sven-n/MuMain/21728b1e5b03e0763b38ef9e23f79645e0df7ad2/src/bin/Data/Effects/EffectTypes.json,https://raw.githubusercontent.com/sven-n/MuMain/21728b1e5b03e0763b38ef9e23f79645e0df7ad2/src/source/Render/Effects/Behaviors/MoveHandlers.cpp
condraNeck,MODEL_CONDRA_NECK,NO,,,,NO DETECTADO,NO DETECTADO,NO DETECTADO,no localizado,,No verificado,0,P3 - revisar alcance,SIN CLASIFICAR - fuente S6 necesaria,NO VALIDADA,https://raw.githubusercontent.com/sven-n/MuMain/21728b1e5b03e0763b38ef9e23f79645e0df7ad2/src/bin/Data/Effects/EffectTypes.json,https://raw.githubusercontent.com/sven-n/MuMain/21728b1e5b03e0763b38ef9e23f79645e0df7ad2/src/source/Render/Effects/Behaviors/MoveHandlers.cpp
condraPelvis,MODEL_CONDRA_PELVIS,NO,,,,NO DETECTADO,NO DETECTADO,NO DETECTADO,no localizado,,No verificado,0,P3 - revisar alcance,SIN CLASIFICAR - fuente S6 necesaria,NO VALIDADA,https://raw.githubusercontent.com/sven-n/MuMain/21728b1e5b03e0763b38ef9e23f79645e0df7ad2/src/bin/Data/Effects/EffectTypes.json,https://raw.githubusercontent.com/sven-n/MuMain/21728b1e5b03e0763b38ef9e23f79645e0df7ad2/src/source/Render/Effects/Behaviors/MoveHandlers.cpp
condraShoulder,MODEL_CONDRA_SHOULDER,NO,,,,NO DETECTADO,NO DETECTADO,NO DETECTADO,no localizado,,No verificado,0,P3 - revisar alcance,SIN CLASIFICAR - fuente S6 necesaria,NO VALIDADA,https://raw.githubusercontent.com/sven-n/MuMain/21728b1e5b03e0763b38ef9e23f79645e0df7ad2/src/bin/Data/Effects/EffectTypes.json,https://raw.githubusercontent.com/sven-n/MuMain/21728b1e5b03e0763b38ef9e23f79645e0df7ad2/src/source/Render/Effects/Behaviors/MoveHandlers.cpp
condraStomach,MODEL_CONDRA_STOMACH,NO,,,,NO DETECTADO,NO DETECTADO,NO DETECTADO,no localizado,,No verificado,0,P3 - revisar alcance,SIN CLASIFICAR - fuente S6 necesaria,NO VALIDADA,https://raw.githubusercontent.com/sven-n/MuMain/21728b1e5b03e0763b38ef9e23f79645e0df7ad2/src/bin/Data/Effects/EffectTypes.json,https://raw.githubusercontent.com/sven-n/MuMain/21728b1e5b03e0763b38ef9e23f79645e0df7ad2/src/source/Render/Effects/Behaviors/MoveHandlers.cpp
condraStone,MODEL_CONDRA_STONE,NO,,,,NO DETECTADO,NO DETECTADO,NO DETECTADO,no localizado,,No verificado,0,P3 - revisar alcance,SIN CLASIFICAR - fuente S6 necesaria,NO VALIDADA,https://raw.githubusercontent.com/sven-n/MuMain/21728b1e5b03e0763b38ef9e23f79645e0df7ad2/src/bin/Data/Effects/EffectTypes.json,https://raw.githubusercontent.com/sven-n/MuMain/21728b1e5b03e0763b38ef9e23f79645e0df7ad2/src/source/Render/Effects/Behaviors/MoveHandlers.cpp
condraStone1,MODEL_CONDRA_STONE1,NO,,,,NO DETECTADO,NO DETECTADO,NO DETECTADO,no localizado,,No verificado,0,P3 - revisar alcance,SIN CLASIFICAR - fuente S6 necesaria,NO VALIDADA,https://raw.githubusercontent.com/sven-n/MuMain/21728b1e5b03e0763b38ef9e23f79645e0df7ad2/src/bin/Data/Effects/EffectTypes.json,https://raw.githubusercontent.com/sven-n/MuMain/21728b1e5b03e0763b38ef9e23f79645e0df7ad2/src/source/Render/Effects/Behaviors/MoveHandlers.cpp
condraStone2,MODEL_CONDRA_STONE2,NO,,,,NO DETECTADO,NO DETECTADO,NO DETECTADO,no localizado,,No verificado,0,P3 - revisar alcance,SIN CLASIFICAR - fuente S6 necesaria,NO VALIDADA,https://raw.githubusercontent.com/sven-n/MuMain/21728b1e5b03e0763b38ef9e23f79645e0df7ad2/src/bin/Data/Effects/EffectTypes.json,https://raw.githubusercontent.com/sven-n/MuMain/21728b1e5b03e0763b38ef9e23f79645e0df7ad2/src/source/Render/Effects/Behaviors/MoveHandlers.cpp
condraStone3,MODEL_CONDRA_STONE3,NO,,,,NO DETECTADO,NO DETECTADO,NO DETECTADO,no localizado,,No verificado,0,P3 - revisar alcance,SIN CLASIFICAR - fuente S6 necesaria,NO VALIDADA,https://raw.githubusercontent.com/sven-n/MuMain/21728b1e5b03e0763b38ef9e23f79645e0df7ad2/src/bin/Data/Effects/EffectTypes.json,https://raw.githubusercontent.com/sven-n/MuMain/21728b1e5b03e0763b38ef9e23f79645e0df7ad2/src/source/Render/Effects/Behaviors/MoveHandlers.cpp
condraStone4,MODEL_CONDRA_STONE4,NO,,,,NO DETECTADO,NO DETECTADO,NO DETECTADO,no localizado,,No verificado,0,P3 - revisar alcance,SIN CLASIFICAR - fuente S6 necesaria,NO VALIDADA,https://raw.githubusercontent.com/sven-n/MuMain/21728b1e5b03e0763b38ef9e23f79645e0df7ad2/src/bin/Data/Effects/EffectTypes.json,https://raw.githubusercontent.com/sven-n/MuMain/21728b1e5b03e0763b38ef9e23f79645e0df7ad2/src/source/Render/Effects/Behaviors/MoveHandlers.cpp
condraStone5,MODEL_CONDRA_STONE5,NO,,,,NO DETECTADO,NO DETECTADO,NO DETECTADO,no localizado,,No verificado,0,P3 - revisar alcance,SIN CLASIFICAR - fuente S6 necesaria,NO VALIDADA,https://raw.githubusercontent.com/sven-n/MuMain/21728b1e5b03e0763b38ef9e23f79645e0df7ad2/src/bin/Data/Effects/EffectTypes.json,https://raw.githubusercontent.com/sven-n/MuMain/21728b1e5b03e0763b38ef9e23f79645e0df7ad2/src/source/Render/Effects/Behaviors/MoveHandlers.cpp
crater,BITMAP_CRATER,SI,0|1|2,,,NO DETECTADO,NO DETECTADO,NO DETECTADO,terreno,,No verificado,5,P1 - verificar S6,SIN CLASIFICAR - fuente S6 necesaria,NO VALIDADA,https://raw.githubusercontent.com/sven-n/MuMain/21728b1e5b03e0763b38ef9e23f79645e0df7ad2/src/bin/Data/Effects/EffectTypes.json,https://raw.githubusercontent.com/sven-n/MuMain/21728b1e5b03e0763b38ef9e23f79645e0df7ad2/src/source/Render/Effects/Behaviors/MoveHandlers.cpp
cursedTempleHolyItem,MODEL_CURSEDTEMPLE_HOLYITEM,SI,no especificados en metadatos,,,NO DETECTADO,NO DETECTADO,NO DETECTADO,modelo/bone|owner,,No verificado,0,P3 - revisar alcance,SIN CLASIFICAR - fuente S6 necesaria,NO VALIDADA,https://raw.githubusercontent.com/sven-n/MuMain/21728b1e5b03e0763b38ef9e23f79645e0df7ad2/src/bin/Data/Effects/EffectTypes.json,https://raw.githubusercontent.com/sven-n/MuMain/21728b1e5b03e0763b38ef9e23f79645e0df7ad2/src/source/Render/Effects/Behaviors/MoveHandlers.cpp
cursedTempleProtectionSkill,MODEL_CURSEDTEMPLE_PRODECTION_SKILL,SI,no especificados en metadatos,,,NO DETECTADO,NO DETECTADO,NO DETECTADO,modelo/bone|effect hijo|owner,,No verificado,0,P3 - revisar alcance,SIN CLASIFICAR - fuente S6 necesaria,NO VALIDADA,https://raw.githubusercontent.com/sven-n/MuMain/21728b1e5b03e0763b38ef9e23f79645e0df7ad2/src/bin/Data/Effects/EffectTypes.json,https://raw.githubusercontent.com/sven-n/MuMain/21728b1e5b03e0763b38ef9e23f79645e0df7ad2/src/source/Render/Effects/Behaviors/MoveHandlers.cpp
cursedTempleRestraintSkill,MODEL_CURSEDTEMPLE_RESTRAINT_SKILL,SI,no especificados en metadatos,,,NO DETECTADO,NO DETECTADO,NO DETECTADO,modelo/bone|owner,,No verificado,0,P3 - revisar alcance,SIN CLASIFICAR - fuente S6 necesaria,NO VALIDADA,https://raw.githubusercontent.com/sven-n/MuMain/21728b1e5b03e0763b38ef9e23f79645e0df7ad2/src/bin/Data/Effects/EffectTypes.json,https://raw.githubusercontent.com/sven-n/MuMain/21728b1e5b03e0763b38ef9e23f79645e0df7ad2/src/source/Render/Effects/Behaviors/MoveHandlers.cpp
cursedTempleStatuePart1,MODEL_CURSEDTEMPLE_STATUE_PART1,NO,,,,NO DETECTADO,NO DETECTADO,NO DETECTADO,vida/movimiento,,No verificado,0,P3 - revisar alcance,SIN CLASIFICAR - fuente S6 necesaria,NO VALIDADA,https://raw.githubusercontent.com/sven-n/MuMain/21728b1e5b03e0763b38ef9e23f79645e0df7ad2/src/bin/Data/Effects/EffectTypes.json,https://raw.githubusercontent.com/sven-n/MuMain/21728b1e5b03e0763b38ef9e23f79645e0df7ad2/src/source/Render/Effects/Behaviors/MoveHandlers.cpp
cursedTempleStatuePart2,MODEL_CURSEDTEMPLE_STATUE_PART2,NO,,,,NO DETECTADO,NO DETECTADO,NO DETECTADO,no localizado,,No verificado,0,P3 - revisar alcance,SIN CLASIFICAR - fuente S6 necesaria,NO VALIDADA,https://raw.githubusercontent.com/sven-n/MuMain/21728b1e5b03e0763b38ef9e23f79645e0df7ad2/src/bin/Data/Effects/EffectTypes.json,https://raw.githubusercontent.com/sven-n/MuMain/21728b1e5b03e0763b38ef9e23f79645e0df7ad2/src/source/Render/Effects/Behaviors/MoveHandlers.cpp
damage01Mono,BITMAP_DAMAGE_01_MONO,SI,0|1,,,NO DETECTADO,NO DETECTADO,NO DETECTADO,vida/movimiento,,No verificado,2,P2 - referencia nativa,SIN CLASIFICAR - fuente S6 necesaria,NO VALIDADA,https://raw.githubusercontent.com/sven-n/MuMain/21728b1e5b03e0763b38ef9e23f79645e0df7ad2/src/bin/Data/Effects/EffectTypes.json,https://raw.githubusercontent.com/sven-n/MuMain/21728b1e5b03e0763b38ef9e23f79645e0df7ad2/src/source/Render/Effects/Behaviors/MoveHandlers.cpp
damage1,BITMAP_DAMAGE1,NO,,,,NO DETECTADO,NO DETECTADO,NO DETECTADO,particle|owner,,No verificado,1,P3 - revisar alcance,SIN CLASIFICAR - fuente S6 necesaria,NO VALIDADA,https://raw.githubusercontent.com/sven-n/MuMain/21728b1e5b03e0763b38ef9e23f79645e0df7ad2/src/bin/Data/Effects/EffectTypes.json,https://raw.githubusercontent.com/sven-n/MuMain/21728b1e5b03e0763b38ef9e23f79645e0df7ad2/src/source/Render/Effects/Behaviors/MoveHandlers.cpp
darkElfSkill,MODEL_DARK_ELF_SKILL,SI,no especificados en metadatos,,,NO DETECTADO,NO DETECTADO,NO DETECTADO,particle|terreno,,No verificado,0,P3 - revisar alcance,SIN CLASIFICAR - fuente S6 necesaria,NO VALIDADA,https://raw.githubusercontent.com/sven-n/MuMain/21728b1e5b03e0763b38ef9e23f79645e0df7ad2/src/bin/Data/Effects/EffectTypes.json,https://raw.githubusercontent.com/sven-n/MuMain/21728b1e5b03e0763b38ef9e23f79645e0df7ad2/src/source/Render/Effects/Behaviors/MoveHandlers.cpp
darkLordSkill,MODEL_DARKLORD_SKILL,NO,,,,NO DETECTADO,NO DETECTADO,NO DETECTADO,vida/movimiento,,No verificado,0,P3 - revisar alcance,SIN CLASIFICAR - fuente S6 necesaria,NO VALIDADA,https://raw.githubusercontent.com/sven-n/MuMain/21728b1e5b03e0763b38ef9e23f79645e0df7ad2/src/bin/Data/Effects/EffectTypes.json,https://raw.githubusercontent.com/sven-n/MuMain/21728b1e5b03e0763b38ef9e23f79645e0df7ad2/src/source/Render/Effects/Behaviors/MoveHandlers.cpp
darkScream,MODEL_DARK_SCREAM,NO,,,,NO DETECTADO,NO DETECTADO,NO DETECTADO,no localizado,,No verificado,0,P3 - revisar alcance,SIN CLASIFICAR - fuente S6 necesaria,NO VALIDADA,https://raw.githubusercontent.com/sven-n/MuMain/21728b1e5b03e0763b38ef9e23f79645e0df7ad2/src/bin/Data/Effects/EffectTypes.json,https://raw.githubusercontent.com/sven-n/MuMain/21728b1e5b03e0763b38ef9e23f79645e0df7ad2/src/source/Render/Effects/Behaviors/MoveHandlers.cpp
darkScreamFire,MODEL_DARK_SCREAM_FIRE,NO,,,,NO DETECTADO,NO DETECTADO,NO DETECTADO,particle|terreno,,No verificado,0,P3 - revisar alcance,SIN CLASIFICAR - fuente S6 necesaria,NO VALIDADA,https://raw.githubusercontent.com/sven-n/MuMain/21728b1e5b03e0763b38ef9e23f79645e0df7ad2/src/bin/Data/Effects/EffectTypes.json,https://raw.githubusercontent.com/sven-n/MuMain/21728b1e5b03e0763b38ef9e23f79645e0df7ad2/src/source/Render/Effects/Behaviors/MoveHandlers.cpp
deasuler,MODEL_DEASULER,NO,,,,NO DETECTADO,NO DETECTADO,NO DETECTADO,particle|joint,,No verificado,0,P3 - revisar alcance,SIN CLASIFICAR - fuente S6 necesaria,NO VALIDADA,https://raw.githubusercontent.com/sven-n/MuMain/21728b1e5b03e0763b38ef9e23f79645e0df7ad2/src/bin/Data/Effects/EffectTypes.json,https://raw.githubusercontent.com/sven-n/MuMain/21728b1e5b03e0763b38ef9e23f79645e0df7ad2/src/source/Render/Effects/Behaviors/MoveHandlers.cpp
deathSpiSkill,MODEL_DEATH_SPI_SKILL,NO,,,,NO DETECTADO,NO DETECTADO,NO DETECTADO,effect hijo|owner,,No verificado,0,P3 - revisar alcance,SIN CLASIFICAR - fuente S6 necesaria,NO VALIDADA,https://raw.githubusercontent.com/sven-n/MuMain/21728b1e5b03e0763b38ef9e23f79645e0df7ad2/src/bin/Data/Effects/EffectTypes.json,https://raw.githubusercontent.com/sven-n/MuMain/21728b1e5b03e0763b38ef9e23f79645e0df7ad2/src/source/Render/Effects/Behaviors/MoveHandlers.cpp
desair,MODEL_DESAIR,SI,no especificados en metadatos,,,NO DETECTADO,NO DETECTADO,NO DETECTADO,no localizado,,No verificado,2,P2 - referencia nativa,SIN CLASIFICAR - fuente S6 necesaria,NO VALIDADA,https://raw.githubusercontent.com/sven-n/MuMain/21728b1e5b03e0763b38ef9e23f79645e0df7ad2/src/bin/Data/Effects/EffectTypes.json,https://raw.githubusercontent.com/sven-n/MuMain/21728b1e5b03e0763b38ef9e23f79645e0df7ad2/src/source/Render/Effects/Behaviors/MoveHandlers.cpp
doorCrushEffect,MODEL_DOOR_CRUSH_EFFECT,NO,,,,NO DETECTADO,NO DETECTADO,NO DETECTADO,no localizado,,No verificado,0,P3 - revisar alcance,SIN CLASIFICAR - fuente S6 necesaria,NO VALIDADA,https://raw.githubusercontent.com/sven-n/MuMain/21728b1e5b03e0763b38ef9e23f79645e0df7ad2/src/bin/Data/Effects/EffectTypes.json,https://raw.githubusercontent.com/sven-n/MuMain/21728b1e5b03e0763b38ef9e23f79645e0df7ad2/src/source/Render/Effects/Behaviors/MoveHandlers.cpp
doorCrushEffectPiece1,MODEL_DOOR_CRUSH_EFFECT_PIECE01,NO,,,,NO DETECTADO,NO DETECTADO,NO DETECTADO,particle|effect hijo|terreno,,No verificado,1,P3 - revisar alcance,SIN CLASIFICAR - fuente S6 necesaria,NO VALIDADA,https://raw.githubusercontent.com/sven-n/MuMain/21728b1e5b03e0763b38ef9e23f79645e0df7ad2/src/bin/Data/Effects/EffectTypes.json,https://raw.githubusercontent.com/sven-n/MuMain/21728b1e5b03e0763b38ef9e23f79645e0df7ad2/src/source/Render/Effects/Behaviors/MoveHandlers.cpp
doorCrushEffectPiece10,MODEL_DOOR_CRUSH_EFFECT_PIECE10,SI,no especificados en metadatos,,,NO DETECTADO,NO DETECTADO,NO DETECTADO,no localizado,,No verificado,0,P3 - revisar alcance,SIN CLASIFICAR - fuente S6 necesaria,NO VALIDADA,https://raw.githubusercontent.com/sven-n/MuMain/21728b1e5b03e0763b38ef9e23f79645e0df7ad2/src/bin/Data/Effects/EffectTypes.json,https://raw.githubusercontent.com/sven-n/MuMain/21728b1e5b03e0763b38ef9e23f79645e0df7ad2/src/source/Render/Effects/Behaviors/MoveHandlers.cpp
doorCrushEffectPiece11,MODEL_DOOR_CRUSH_EFFECT_PIECE11,NO,,,,NO DETECTADO,NO DETECTADO,NO DETECTADO,no localizado,,No verificado,1,P3 - revisar alcance,SIN CLASIFICAR - fuente S6 necesaria,NO VALIDADA,https://raw.githubusercontent.com/sven-n/MuMain/21728b1e5b03e0763b38ef9e23f79645e0df7ad2/src/bin/Data/Effects/EffectTypes.json,https://raw.githubusercontent.com/sven-n/MuMain/21728b1e5b03e0763b38ef9e23f79645e0df7ad2/src/source/Render/Effects/Behaviors/MoveHandlers.cpp
doorCrushEffectPiece12,MODEL_DOOR_CRUSH_EFFECT_PIECE12,NO,,,,NO DETECTADO,NO DETECTADO,NO DETECTADO,no localizado,,No verificado,0,P3 - revisar alcance,SIN CLASIFICAR - fuente S6 necesaria,NO VALIDADA,https://raw.githubusercontent.com/sven-n/MuMain/21728b1e5b03e0763b38ef9e23f79645e0df7ad2/src/bin/Data/Effects/EffectTypes.json,https://raw.githubusercontent.com/sven-n/MuMain/21728b1e5b03e0763b38ef9e23f79645e0df7ad2/src/source/Render/Effects/Behaviors/MoveHandlers.cpp
doorCrushEffectPiece13,MODEL_DOOR_CRUSH_EFFECT_PIECE13,NO,,,,NO DETECTADO,NO DETECTADO,NO DETECTADO,no localizado,,No verificado,0,P3 - revisar alcance,SIN CLASIFICAR - fuente S6 necesaria,NO VALIDADA,https://raw.githubusercontent.com/sven-n/MuMain/21728b1e5b03e0763b38ef9e23f79645e0df7ad2/src/bin/Data/Effects/EffectTypes.json,https://raw.githubusercontent.com/sven-n/MuMain/21728b1e5b03e0763b38ef9e23f79645e0df7ad2/src/source/Render/Effects/Behaviors/MoveHandlers.cpp
doorCrushEffectPiece2,MODEL_DOOR_CRUSH_EFFECT_PIECE02,NO,,,,NO DETECTADO,NO DETECTADO,NO DETECTADO,no localizado,,No verificado,0,P3 - revisar alcance,SIN CLASIFICAR - fuente S6 necesaria,NO VALIDADA,https://raw.githubusercontent.com/sven-n/MuMain/21728b1e5b03e0763b38ef9e23f79645e0df7ad2/src/bin/Data/Effects/EffectTypes.json,https://raw.githubusercontent.com/sven-n/MuMain/21728b1e5b03e0763b38ef9e23f79645e0df7ad2/src/source/Render/Effects/Behaviors/MoveHandlers.cpp
doorCrushEffectPiece3,MODEL_DOOR_CRUSH_EFFECT_PIECE03,NO,,,,NO DETECTADO,NO DETECTADO,NO DETECTADO,no localizado,,No verificado,0,P3 - revisar alcance,SIN CLASIFICAR - fuente S6 necesaria,NO VALIDADA,https://raw.githubusercontent.com/sven-n/MuMain/21728b1e5b03e0763b38ef9e23f79645e0df7ad2/src/bin/Data/Effects/EffectTypes.json,https://raw.githubusercontent.com/sven-n/MuMain/21728b1e5b03e0763b38ef9e23f79645e0df7ad2/src/source/Render/Effects/Behaviors/MoveHandlers.cpp
doorCrushEffectPiece4,MODEL_DOOR_CRUSH_EFFECT_PIECE04,NO,,,,NO DETECTADO,NO DETECTADO,NO DETECTADO,no localizado,,No verificado,0,P3 - revisar alcance,SIN CLASIFICAR - fuente S6 necesaria,NO VALIDADA,https://raw.githubusercontent.com/sven-n/MuMain/21728b1e5b03e0763b38ef9e23f79645e0df7ad2/src/bin/Data/Effects/EffectTypes.json,https://raw.githubusercontent.com/sven-n/MuMain/21728b1e5b03e0763b38ef9e23f79645e0df7ad2/src/source/Render/Effects/Behaviors/MoveHandlers.cpp
doorCrushEffectPiece5,MODEL_DOOR_CRUSH_EFFECT_PIECE05,NO,,,,NO DETECTADO,NO DETECTADO,NO DETECTADO,no localizado,,No verificado,0,P3 - revisar alcance,SIN CLASIFICAR - fuente S6 necesaria,NO VALIDADA,https://raw.githubusercontent.com/sven-n/MuMain/21728b1e5b03e0763b38ef9e23f79645e0df7ad2/src/bin/Data/Effects/EffectTypes.json,https://raw.githubusercontent.com/sven-n/MuMain/21728b1e5b03e0763b38ef9e23f79645e0df7ad2/src/source/Render/Effects/Behaviors/MoveHandlers.cpp
doorCrushEffectPiece6,MODEL_DOOR_CRUSH_EFFECT_PIECE06,NO,,,,NO DETECTADO,NO DETECTADO,NO DETECTADO,no localizado,,No verificado,0,P3 - revisar alcance,SIN CLASIFICAR - fuente S6 necesaria,NO VALIDADA,https://raw.githubusercontent.com/sven-n/MuMain/21728b1e5b03e0763b38ef9e23f79645e0df7ad2/src/bin/Data/Effects/EffectTypes.json,https://raw.githubusercontent.com/sven-n/MuMain/21728b1e5b03e0763b38ef9e23f79645e0df7ad2/src/source/Render/Effects/Behaviors/MoveHandlers.cpp
doorCrushEffectPiece7,MODEL_DOOR_CRUSH_EFFECT_PIECE07,NO,,,,NO DETECTADO,NO DETECTADO,NO DETECTADO,no localizado,,No verificado,0,P3 - revisar alcance,SIN CLASIFICAR - fuente S6 necesaria,NO VALIDADA,https://raw.githubusercontent.com/sven-n/MuMain/21728b1e5b03e0763b38ef9e23f79645e0df7ad2/src/bin/Data/Effects/EffectTypes.json,https://raw.githubusercontent.com/sven-n/MuMain/21728b1e5b03e0763b38ef9e23f79645e0df7ad2/src/source/Render/Effects/Behaviors/MoveHandlers.cpp
doorCrushEffectPiece8,MODEL_DOOR_CRUSH_EFFECT_PIECE08,NO,,,,NO DETECTADO,NO DETECTADO,NO DETECTADO,no localizado,,No verificado,0,P3 - revisar alcance,SIN CLASIFICAR - fuente S6 necesaria,NO VALIDADA,https://raw.githubusercontent.com/sven-n/MuMain/21728b1e5b03e0763b38ef9e23f79645e0df7ad2/src/bin/Data/Effects/EffectTypes.json,https://raw.githubusercontent.com/sven-n/MuMain/21728b1e5b03e0763b38ef9e23f79645e0df7ad2/src/source/Render/Effects/Behaviors/MoveHandlers.cpp
doorCrushEffectPiece9,MODEL_DOOR_CRUSH_EFFECT_PIECE09,NO,,,,NO DETECTADO,NO DETECTADO,NO DETECTADO,no localizado,,No verificado,0,P3 - revisar alcance,SIN CLASIFICAR - fuente S6 necesaria,NO VALIDADA,https://raw.githubusercontent.com/sven-n/MuMain/21728b1e5b03e0763b38ef9e23f79645e0df7ad2/src/bin/Data/Effects/EffectTypes.json,https://raw.githubusercontent.com/sven-n/MuMain/21728b1e5b03e0763b38ef9e23f79645e0df7ad2/src/source/Render/Effects/Behaviors/MoveHandlers.cpp
doppelgangerSlimeChip,MODEL_DOPPELGANGER_SLIME_CHIP,NO,,,,NO DETECTADO,NO DETECTADO,NO DETECTADO,terreno,,No verificado,0,P3 - revisar alcance,SIN CLASIFICAR - fuente S6 necesaria,NO VALIDADA,https://raw.githubusercontent.com/sven-n/MuMain/21728b1e5b03e0763b38ef9e23f79645e0df7ad2/src/bin/Data/Effects/EffectTypes.json,https://raw.githubusercontent.com/sven-n/MuMain/21728b1e5b03e0763b38ef9e23f79645e0df7ad2/src/source/Render/Effects/Behaviors/MoveHandlers.cpp
downAttackDummyL,MODEL_DOWN_ATTACK_DUMMY_L,NO,,,,NO DETECTADO,NO DETECTADO,NO DETECTADO,modelo/bone|sprite|joint|owner,,No verificado,1,P3 - revisar alcance,SIN CLASIFICAR - fuente S6 necesaria,NO VALIDADA,https://raw.githubusercontent.com/sven-n/MuMain/21728b1e5b03e0763b38ef9e23f79645e0df7ad2/src/bin/Data/Effects/EffectTypes.json,https://raw.githubusercontent.com/sven-n/MuMain/21728b1e5b03e0763b38ef9e23f79645e0df7ad2/src/source/Render/Effects/Behaviors/MoveHandlers.cpp
downAttackDummyR,MODEL_DOWN_ATTACK_DUMMY_R,NO,,,,NO DETECTADO,NO DETECTADO,NO DETECTADO,modelo/bone|sprite|joint|effect hijo|owner,,No verificado,0,P3 - revisar alcance,SIN CLASIFICAR - fuente S6 necesaria,NO VALIDADA,https://raw.githubusercontent.com/sven-n/MuMain/21728b1e5b03e0763b38ef9e23f79645e0df7ad2/src/bin/Data/Effects/EffectTypes.json,https://raw.githubusercontent.com/sven-n/MuMain/21728b1e5b03e0763b38ef9e23f79645e0df7ad2/src/source/Render/Effects/Behaviors/MoveHandlers.cpp
dragon,MODEL_DRAGON,SI,no especificados en metadatos,,,NO DETECTADO,NO DETECTADO,NO DETECTADO,vida/movimiento,,No verificado,0,P3 - revisar alcance,SIN CLASIFICAR - fuente S6 necesaria,NO VALIDADA,https://raw.githubusercontent.com/sven-n/MuMain/21728b1e5b03e0763b38ef9e23f79645e0df7ad2/src/bin/Data/Effects/EffectTypes.json,https://raw.githubusercontent.com/sven-n/MuMain/21728b1e5b03e0763b38ef9e23f79645e0df7ad2/src/source/Render/Effects/Behaviors/MoveHandlers.cpp
dragonKickDummy,MODEL_DRAGON_KICK_DUMMY,NO,,,,NO DETECTADO,NO DETECTADO,NO DETECTADO,modelo/bone|particle|joint|owner,,No verificado,0,P3 - revisar alcance,SIN CLASIFICAR - fuente S6 necesaria,NO VALIDADA,https://raw.githubusercontent.com/sven-n/MuMain/21728b1e5b03e0763b38ef9e23f79645e0df7ad2/src/bin/Data/Effects/EffectTypes.json,https://raw.githubusercontent.com/sven-n/MuMain/21728b1e5b03e0763b38ef9e23f79645e0df7ad2/src/source/Render/Effects/Behaviors/MoveHandlers.cpp
dragonLowerDummy,MODEL_DRAGON_LOWER_DUMMY,NO,,,,NO DETECTADO,NO DETECTADO,NO DETECTADO,modelo/bone|particle|effect hijo,,No verificado,1,P3 - revisar alcance,SIN CLASIFICAR - fuente S6 necesaria,NO VALIDADA,https://raw.githubusercontent.com/sven-n/MuMain/21728b1e5b03e0763b38ef9e23f79645e0df7ad2/src/bin/Data/Effects/EffectTypes.json,https://raw.githubusercontent.com/sven-n/MuMain/21728b1e5b03e0763b38ef9e23f79645e0df7ad2/src/source/Render/Effects/Behaviors/MoveHandlers.cpp
dungeonStone1,MODEL_DUNGEON_STONE01,NO,,,,NO DETECTADO,NO DETECTADO,NO DETECTADO,terreno,,No verificado,0,P3 - revisar alcance,SIN CLASIFICAR - fuente S6 necesaria,NO VALIDADA,https://raw.githubusercontent.com/sven-n/MuMain/21728b1e5b03e0763b38ef9e23f79645e0df7ad2/src/bin/Data/Effects/EffectTypes.json,https://raw.githubusercontent.com/sven-n/MuMain/21728b1e5b03e0763b38ef9e23f79645e0df7ad2/src/source/Render/Effects/Behaviors/MoveHandlers.cpp
earthQuake1,MODEL_SKILL_FURY_STRIKE+1,NO,,,,NO DETECTADO,NO DETECTADO,NO DETECTADO,no localizado,,No verificado,1,P3 - revisar alcance,SIN CLASIFICAR - fuente S6 necesaria,NO VALIDADA,https://raw.githubusercontent.com/sven-n/MuMain/21728b1e5b03e0763b38ef9e23f79645e0df7ad2/src/bin/Data/Effects/EffectTypes.json,https://raw.githubusercontent.com/sven-n/MuMain/21728b1e5b03e0763b38ef9e23f79645e0df7ad2/src/source/Render/Effects/Behaviors/MoveHandlers.cpp
earthQuake2,MODEL_SKILL_FURY_STRIKE+2,NO,,,,NO DETECTADO,NO DETECTADO,NO DETECTADO,no localizado,,No verificado,1,P3 - revisar alcance,SIN CLASIFICAR - fuente S6 necesaria,NO VALIDADA,https://raw.githubusercontent.com/sven-n/MuMain/21728b1e5b03e0763b38ef9e23f79645e0df7ad2/src/bin/Data/Effects/EffectTypes.json,https://raw.githubusercontent.com/sven-n/MuMain/21728b1e5b03e0763b38ef9e23f79645e0df7ad2/src/source/Render/Effects/Behaviors/MoveHandlers.cpp
earthQuake3,MODEL_SKILL_FURY_STRIKE+3,NO,,,,NO DETECTADO,NO DETECTADO,NO DETECTADO,no localizado,,No verificado,1,P3 - revisar alcance,SIN CLASIFICAR - fuente S6 necesaria,NO VALIDADA,https://raw.githubusercontent.com/sven-n/MuMain/21728b1e5b03e0763b38ef9e23f79645e0df7ad2/src/bin/Data/Effects/EffectTypes.json,https://raw.githubusercontent.com/sven-n/MuMain/21728b1e5b03e0763b38ef9e23f79645e0df7ad2/src/source/Render/Effects/Behaviors/MoveHandlers.cpp
earthQuake4,MODEL_SKILL_FURY_STRIKE+4,NO,,,,NO DETECTADO,NO DETECTADO,NO DETECTADO,no localizado,,No verificado,1,P3 - revisar alcance,SIN CLASIFICAR - fuente S6 necesaria,NO VALIDADA,https://raw.githubusercontent.com/sven-n/MuMain/21728b1e5b03e0763b38ef9e23f79645e0df7ad2/src/bin/Data/Effects/EffectTypes.json,https://raw.githubusercontent.com/sven-n/MuMain/21728b1e5b03e0763b38ef9e23f79645e0df7ad2/src/source/Render/Effects/Behaviors/MoveHandlers.cpp
earthQuake5,MODEL_SKILL_FURY_STRIKE+5,NO,,,,NO DETECTADO,NO DETECTADO,NO DETECTADO,no localizado,,No verificado,1,P3 - revisar alcance,SIN CLASIFICAR - fuente S6 necesaria,NO VALIDADA,https://raw.githubusercontent.com/sven-n/MuMain/21728b1e5b03e0763b38ef9e23f79645e0df7ad2/src/bin/Data/Effects/EffectTypes.json,https://raw.githubusercontent.com/sven-n/MuMain/21728b1e5b03e0763b38ef9e23f79645e0df7ad2/src/source/Render/Effects/Behaviors/MoveHandlers.cpp
earthQuake6,MODEL_SKILL_FURY_STRIKE+6,NO,,,,NO DETECTADO,NO DETECTADO,NO DETECTADO,no localizado,,No verificado,0,P3 - revisar alcance,SIN CLASIFICAR - fuente S6 necesaria,NO VALIDADA,https://raw.githubusercontent.com/sven-n/MuMain/21728b1e5b03e0763b38ef9e23f79645e0df7ad2/src/bin/Data/Effects/EffectTypes.json,https://raw.githubusercontent.com/sven-n/MuMain/21728b1e5b03e0763b38ef9e23f79645e0df7ad2/src/source/Render/Effects/Behaviors/MoveHandlers.cpp
earthQuake7,MODEL_SKILL_FURY_STRIKE+7,NO,,,,NO DETECTADO,NO DETECTADO,NO DETECTADO,no localizado,,No verificado,1,P3 - revisar alcance,SIN CLASIFICAR - fuente S6 necesaria,NO VALIDADA,https://raw.githubusercontent.com/sven-n/MuMain/21728b1e5b03e0763b38ef9e23f79645e0df7ad2/src/bin/Data/Effects/EffectTypes.json,https://raw.githubusercontent.com/sven-n/MuMain/21728b1e5b03e0763b38ef9e23f79645e0df7ad2/src/source/Render/Effects/Behaviors/MoveHandlers.cpp
earthQuake8,MODEL_SKILL_FURY_STRIKE+8,NO,,,,NO DETECTADO,NO DETECTADO,NO DETECTADO,no localizado,,No verificado,1,P3 - revisar alcance,SIN CLASIFICAR - fuente S6 necesaria,NO VALIDADA,https://raw.githubusercontent.com/sven-n/MuMain/21728b1e5b03e0763b38ef9e23f79645e0df7ad2/src/bin/Data/Effects/EffectTypes.json,https://raw.githubusercontent.com/sven-n/MuMain/21728b1e5b03e0763b38ef9e23f79645e0df7ad2/src/source/Render/Effects/Behaviors/MoveHandlers.cpp
effectBrokenIce0,MODEL_EFFECT_BROKEN_ICE0,NO,,,,NO DETECTADO,NO DETECTADO,NO DETECTADO,no localizado,,No verificado,2,P2 - referencia nativa,SIN CLASIFICAR - fuente S6 necesaria,NO VALIDADA,https://raw.githubusercontent.com/sven-n/MuMain/21728b1e5b03e0763b38ef9e23f79645e0df7ad2/src/bin/Data/Effects/EffectTypes.json,https://raw.githubusercontent.com/sven-n/MuMain/21728b1e5b03e0763b38ef9e23f79645e0df7ad2/src/source/Render/Effects/Behaviors/MoveHandlers.cpp
effectBrokenIce1,MODEL_EFFECT_BROKEN_ICE1,NO,,,,NO DETECTADO,NO DETECTADO,NO DETECTADO,no localizado,,No verificado,0,P3 - revisar alcance,SIN CLASIFICAR - fuente S6 necesaria,NO VALIDADA,https://raw.githubusercontent.com/sven-n/MuMain/21728b1e5b03e0763b38ef9e23f79645e0df7ad2/src/bin/Data/Effects/EffectTypes.json,https://raw.githubusercontent.com/sven-n/MuMain/21728b1e5b03e0763b38ef9e23f79645e0df7ad2/src/source/Render/Effects/Behaviors/MoveHandlers.cpp
effectBrokenIce2,MODEL_EFFECT_BROKEN_ICE2,NO,,,,NO DETECTADO,NO DETECTADO,NO DETECTADO,no localizado,,No verificado,0,P3 - revisar alcance,SIN CLASIFICAR - fuente S6 necesaria,NO VALIDADA,https://raw.githubusercontent.com/sven-n/MuMain/21728b1e5b03e0763b38ef9e23f79645e0df7ad2/src/bin/Data/Effects/EffectTypes.json,https://raw.githubusercontent.com/sven-n/MuMain/21728b1e5b03e0763b38ef9e23f79645e0df7ad2/src/source/Render/Effects/Behaviors/MoveHandlers.cpp
effectBrokenIce3,MODEL_EFFECT_BROKEN_ICE3,NO,,,,NO DETECTADO,NO DETECTADO,NO DETECTADO,no localizado,,No verificado,0,P3 - revisar alcance,SIN CLASIFICAR - fuente S6 necesaria,NO VALIDADA,https://raw.githubusercontent.com/sven-n/MuMain/21728b1e5b03e0763b38ef9e23f79645e0df7ad2/src/bin/Data/Effects/EffectTypes.json,https://raw.githubusercontent.com/sven-n/MuMain/21728b1e5b03e0763b38ef9e23f79645e0df7ad2/src/source/Render/Effects/Behaviors/MoveHandlers.cpp
effectEgGuardianDefenderAttack2,MODEL_EFFECT_EG_GUARDIANDEFENDER_ATTACK2,SI,no especificados en metadatos,,,NO DETECTADO,NO DETECTADO,NO DETECTADO,no localizado,,No verificado,0,P3 - revisar alcance,SIN CLASIFICAR - fuente S6 necesaria,NO VALIDADA,https://raw.githubusercontent.com/sven-n/MuMain/21728b1e5b03e0763b38ef9e23f79645e0df7ad2/src/bin/Data/Effects/EffectTypes.json,https://raw.githubusercontent.com/sven-n/MuMain/21728b1e5b03e0763b38ef9e23f79645e0df7ad2/src/source/Render/Effects/Behaviors/MoveHandlers.cpp
effectFireHik3Mono,MODEL_EFFECT_FIRE_HIK3_MONO,NO,,,,NO DETECTADO,NO DETECTADO,NO DETECTADO,no localizado,,No verificado,0,P3 - revisar alcance,SIN CLASIFICAR - fuente S6 necesaria,NO VALIDADA,https://raw.githubusercontent.com/sven-n/MuMain/21728b1e5b03e0763b38ef9e23f79645e0df7ad2/src/bin/Data/Effects/EffectTypes.json,https://raw.githubusercontent.com/sven-n/MuMain/21728b1e5b03e0763b38ef9e23f79645e0df7ad2/src/source/Render/Effects/Behaviors/MoveHandlers.cpp
effectFlameStrike,MODEL_EFFECT_FLAME_STRIKE,NO,,,,NO DETECTADO,NO DETECTADO,NO DETECTADO,modelo/bone|owner,,No verificado,0,P3 - revisar alcance,SIN CLASIFICAR - fuente S6 necesaria,NO VALIDADA,https://raw.githubusercontent.com/sven-n/MuMain/21728b1e5b03e0763b38ef9e23f79645e0df7ad2/src/bin/Data/Effects/EffectTypes.json,https://raw.githubusercontent.com/sven-n/MuMain/21728b1e5b03e0763b38ef9e23f79645e0df7ad2/src/source/Render/Effects/Behaviors/MoveHandlers.cpp
effectSapitresAttack,MODEL_EFFECT_SAPITRES_ATTACK,NO,,,,NO DETECTADO,NO DETECTADO,NO DETECTADO,effect hijo|owner,,No verificado,0,P3 - revisar alcance,SIN CLASIFICAR - fuente S6 necesaria,NO VALIDADA,https://raw.githubusercontent.com/sven-n/MuMain/21728b1e5b03e0763b38ef9e23f79645e0df7ad2/src/bin/Data/Effects/EffectTypes.json,https://raw.githubusercontent.com/sven-n/MuMain/21728b1e5b03e0763b38ef9e23f79645e0df7ad2/src/source/Render/Effects/Behaviors/MoveHandlers.cpp
effectSapitresAttack1,MODEL_EFFECT_SAPITRES_ATTACK_1,NO,,,,NO DETECTADO,NO DETECTADO,NO DETECTADO,no localizado,,No verificado,1,P3 - revisar alcance,SIN CLASIFICAR - fuente S6 necesaria,NO VALIDADA,https://raw.githubusercontent.com/sven-n/MuMain/21728b1e5b03e0763b38ef9e23f79645e0df7ad2/src/bin/Data/Effects/EffectTypes.json,https://raw.githubusercontent.com/sven-n/MuMain/21728b1e5b03e0763b38ef9e23f79645e0df7ad2/src/source/Render/Effects/Behaviors/MoveHandlers.cpp
effectSapitresAttack2,MODEL_EFFECT_SAPITRES_ATTACK_2,NO,,,,NO DETECTADO,NO DETECTADO,NO DETECTADO,no localizado,,No verificado,2,P2 - referencia nativa,SIN CLASIFICAR - fuente S6 necesaria,NO VALIDADA,https://raw.githubusercontent.com/sven-n/MuMain/21728b1e5b03e0763b38ef9e23f79645e0df7ad2/src/bin/Data/Effects/EffectTypes.json,https://raw.githubusercontent.com/sven-n/MuMain/21728b1e5b03e0763b38ef9e23f79645e0df7ad2/src/source/Render/Effects/Behaviors/MoveHandlers.cpp
effectSdAura,MODEL_EFFECT_SD_AURA,SI,no especificados en metadatos,,,NO DETECTADO,NO DETECTADO,NO DETECTADO,modelo/bone|owner,,No verificado,0,P3 - revisar alcance,SIN CLASIFICAR - fuente S6 necesaria,NO VALIDADA,https://raw.githubusercontent.com/sven-n/MuMain/21728b1e5b03e0763b38ef9e23f79645e0df7ad2/src/bin/Data/Effects/EffectTypes.json,https://raw.githubusercontent.com/sven-n/MuMain/21728b1e5b03e0763b38ef9e23f79645e0df7ad2/src/source/Render/Effects/Behaviors/MoveHandlers.cpp
effectSkuraItem,MODEL_EFFECT_SKURA_ITEM,SI,0|1,,,NO DETECTADO,NO DETECTADO,NO DETECTADO,modelo/bone|sprite|particle|owner,,No verificado,0,P3 - revisar alcance,SIN CLASIFICAR - fuente S6 necesaria,NO VALIDADA,https://raw.githubusercontent.com/sven-n/MuMain/21728b1e5b03e0763b38ef9e23f79645e0df7ad2/src/bin/Data/Effects/EffectTypes.json,https://raw.githubusercontent.com/sven-n/MuMain/21728b1e5b03e0763b38ef9e23f79645e0df7ad2/src/source/Render/Effects/Behaviors/MoveHandlers.cpp
effectThunderNapinAttack1,MODEL_EFFECT_THUNDER_NAPIN_ATTACK_1,SI,0|1,,,NO DETECTADO,NO DETECTADO,NO DETECTADO,sprite|particle,,No verificado,1,P3 - revisar alcance,SIN CLASIFICAR - fuente S6 necesaria,NO VALIDADA,https://raw.githubusercontent.com/sven-n/MuMain/21728b1e5b03e0763b38ef9e23f79645e0df7ad2/src/bin/Data/Effects/EffectTypes.json,https://raw.githubusercontent.com/sven-n/MuMain/21728b1e5b03e0763b38ef9e23f79645e0df7ad2/src/source/Render/Effects/Behaviors/MoveHandlers.cpp
effectTrace,MODEL_EFFECT_TRACE,NO,,,,NO DETECTADO,NO DETECTADO,NO DETECTADO,no localizado,,No verificado,0,P3 - revisar alcance,SIN CLASIFICAR - fuente S6 necesaria,NO VALIDADA,https://raw.githubusercontent.com/sven-n/MuMain/21728b1e5b03e0763b38ef9e23f79645e0df7ad2/src/bin/Data/Effects/EffectTypes.json,https://raw.githubusercontent.com/sven-n/MuMain/21728b1e5b03e0763b38ef9e23f79645e0df7ad2/src/source/Render/Effects/Behaviors/MoveHandlers.cpp
effectUmbrellaDie,MODEL_EFFECT_UMBRELLA_DIE,SI,0,,,NO DETECTADO,NO DETECTADO,NO DETECTADO,no localizado,,No verificado,0,P3 - revisar alcance,SIN CLASIFICAR - fuente S6 necesaria,NO VALIDADA,https://raw.githubusercontent.com/sven-n/MuMain/21728b1e5b03e0763b38ef9e23f79645e0df7ad2/src/bin/Data/Effects/EffectTypes.json,https://raw.githubusercontent.com/sven-n/MuMain/21728b1e5b03e0763b38ef9e23f79645e0df7ad2/src/source/Render/Effects/Behaviors/MoveHandlers.cpp
effectUmbrellaGold,MODEL_EFFECT_UMBRELLA_GOLD,NO,,,,NO DETECTADO,NO DETECTADO,NO DETECTADO,no localizado,,No verificado,0,P3 - revisar alcance,SIN CLASIFICAR - fuente S6 necesaria,NO VALIDADA,https://raw.githubusercontent.com/sven-n/MuMain/21728b1e5b03e0763b38ef9e23f79645e0df7ad2/src/bin/Data/Effects/EffectTypes.json,https://raw.githubusercontent.com/sven-n/MuMain/21728b1e5b03e0763b38ef9e23f79645e0df7ad2/src/source/Render/Effects/Behaviors/MoveHandlers.cpp
empireGuardianBlowOfDestruction,MODEL_EMPIREGUARDIAN_BLOW_OF_DESTRUCTION,NO,,,,NO DETECTADO,NO DETECTADO,NO DETECTADO,particle|effect hijo|owner,,No verificado,1,P3 - revisar alcance,SIN CLASIFICAR - fuente S6 necesaria,NO VALIDADA,https://raw.githubusercontent.com/sven-n/MuMain/21728b1e5b03e0763b38ef9e23f79645e0df7ad2/src/bin/Data/Effects/EffectTypes.json,https://raw.githubusercontent.com/sven-n/MuMain/21728b1e5b03e0763b38ef9e23f79645e0df7ad2/src/source/Render/Effects/Behaviors/MoveHandlers.cpp
empireGuardianBossFlameStrike,MODEL_EMPIREGUARDIANBOSS_FRAMESTRIKE,NO,,,,NO DETECTADO,NO DETECTADO,NO DETECTADO,no localizado,,No verificado,1,P3 - revisar alcance,SIN CLASIFICAR - fuente S6 necesaria,NO VALIDADA,https://raw.githubusercontent.com/sven-n/MuMain/21728b1e5b03e0763b38ef9e23f79645e0df7ad2/src/bin/Data/Effects/EffectTypes.json,https://raw.githubusercontent.com/sven-n/MuMain/21728b1e5b03e0763b38ef9e23f79645e0df7ad2/src/source/Render/Effects/Behaviors/MoveHandlers.cpp
enemyInfluenceGround,BITMAP_ENEMY_INFLUENCE_GROUND,SI,0,,,NO DETECTADO,NO DETECTADO,NO DETECTADO,no localizado,,No verificado,0,P3 - revisar alcance,SIN CLASIFICAR - fuente S6 necesaria,NO VALIDADA,https://raw.githubusercontent.com/sven-n/MuMain/21728b1e5b03e0763b38ef9e23f79645e0df7ad2/src/bin/Data/Effects/EffectTypes.json,https://raw.githubusercontent.com/sven-n/MuMain/21728b1e5b03e0763b38ef9e23f79645e0df7ad2/src/source/Render/Effects/Behaviors/MoveHandlers.cpp
energy,BITMAP_ENERGY,SI,0,,,NO DETECTADO,NO DETECTADO,NO DETECTADO,no localizado,,No verificado,0,P3 - revisar alcance,SIN CLASIFICAR - fuente S6 necesaria,NO VALIDADA,https://raw.githubusercontent.com/sven-n/MuMain/21728b1e5b03e0763b38ef9e23f79645e0df7ad2/src/bin/Data/Effects/EffectTypes.json,https://raw.githubusercontent.com/sven-n/MuMain/21728b1e5b03e0763b38ef9e23f79645e0df7ad2/src/source/Render/Effects/Behaviors/MoveHandlers.cpp
eventCloud,BITMAP_EVENT_CLOUD,SI,no especificados en metadatos,,,NO DETECTADO,NO DETECTADO,NO DETECTADO,vida/movimiento,,No verificado,0,P3 - revisar alcance,SIN CLASIFICAR - fuente S6 necesaria,NO VALIDADA,https://raw.githubusercontent.com/sven-n/MuMain/21728b1e5b03e0763b38ef9e23f79645e0df7ad2/src/bin/Data/Effects/EffectTypes.json,https://raw.githubusercontent.com/sven-n/MuMain/21728b1e5b03e0763b38ef9e23f79645e0df7ad2/src/source/Render/Effects/Behaviors/MoveHandlers.cpp
ex01ShadowMasterAnkleLeft,MODEL_EX01_SHADOW_MASTER_ANKLE_LEFT,NO,,,,NO DETECTADO,NO DETECTADO,NO DETECTADO,no localizado,,No verificado,0,P3 - revisar alcance,SIN CLASIFICAR - fuente S6 necesaria,NO VALIDADA,https://raw.githubusercontent.com/sven-n/MuMain/21728b1e5b03e0763b38ef9e23f79645e0df7ad2/src/bin/Data/Effects/EffectTypes.json,https://raw.githubusercontent.com/sven-n/MuMain/21728b1e5b03e0763b38ef9e23f79645e0df7ad2/src/source/Render/Effects/Behaviors/MoveHandlers.cpp
ex01ShadowMasterAnkleRight,MODEL_EX01_SHADOW_MASTER_ANKLE_RIGHT,NO,,,,NO DETECTADO,NO DETECTADO,NO DETECTADO,no localizado,,No verificado,0,P3 - revisar alcance,SIN CLASIFICAR - fuente S6 necesaria,NO VALIDADA,https://raw.githubusercontent.com/sven-n/MuMain/21728b1e5b03e0763b38ef9e23f79645e0df7ad2/src/bin/Data/Effects/EffectTypes.json,https://raw.githubusercontent.com/sven-n/MuMain/21728b1e5b03e0763b38ef9e23f79645e0df7ad2/src/source/Render/Effects/Behaviors/MoveHandlers.cpp
ex01ShadowMasterBelt,MODEL_EX01_SHADOW_MASTER_BELT,NO,,,,NO DETECTADO,NO DETECTADO,NO DETECTADO,no localizado,,No verificado,0,P3 - revisar alcance,SIN CLASIFICAR - fuente S6 necesaria,NO VALIDADA,https://raw.githubusercontent.com/sven-n/MuMain/21728b1e5b03e0763b38ef9e23f79645e0df7ad2/src/bin/Data/Effects/EffectTypes.json,https://raw.githubusercontent.com/sven-n/MuMain/21728b1e5b03e0763b38ef9e23f79645e0df7ad2/src/source/Render/Effects/Behaviors/MoveHandlers.cpp
ex01ShadowMasterChest,MODEL_EX01_SHADOW_MASTER_CHEST,NO,,,,NO DETECTADO,NO DETECTADO,NO DETECTADO,no localizado,,No verificado,0,P3 - revisar alcance,SIN CLASIFICAR - fuente S6 necesaria,NO VALIDADA,https://raw.githubusercontent.com/sven-n/MuMain/21728b1e5b03e0763b38ef9e23f79645e0df7ad2/src/bin/Data/Effects/EffectTypes.json,https://raw.githubusercontent.com/sven-n/MuMain/21728b1e5b03e0763b38ef9e23f79645e0df7ad2/src/source/Render/Effects/Behaviors/MoveHandlers.cpp
ex01ShadowMasterHelmet,MODEL_EX01_SHADOW_MASTER_HELMET,NO,,,,NO DETECTADO,NO DETECTADO,NO DETECTADO,no localizado,,No verificado,0,P3 - revisar alcance,SIN CLASIFICAR - fuente S6 necesaria,NO VALIDADA,https://raw.githubusercontent.com/sven-n/MuMain/21728b1e5b03e0763b38ef9e23f79645e0df7ad2/src/bin/Data/Effects/EffectTypes.json,https://raw.githubusercontent.com/sven-n/MuMain/21728b1e5b03e0763b38ef9e23f79645e0df7ad2/src/source/Render/Effects/Behaviors/MoveHandlers.cpp
ex01ShadowMasterKneeLeft,MODEL_EX01_SHADOW_MASTER_KNEE_LEFT,NO,,,,NO DETECTADO,NO DETECTADO,NO DETECTADO,no localizado,,No verificado,0,P3 - revisar alcance,SIN CLASIFICAR - fuente S6 necesaria,NO VALIDADA,https://raw.githubusercontent.com/sven-n/MuMain/21728b1e5b03e0763b38ef9e23f79645e0df7ad2/src/bin/Data/Effects/EffectTypes.json,https://raw.githubusercontent.com/sven-n/MuMain/21728b1e5b03e0763b38ef9e23f79645e0df7ad2/src/source/Render/Effects/Behaviors/MoveHandlers.cpp
ex01ShadowMasterKneeRight,MODEL_EX01_SHADOW_MASTER_KNEE_RIGHT,NO,,,,NO DETECTADO,NO DETECTADO,NO DETECTADO,no localizado,,No verificado,0,P3 - revisar alcance,SIN CLASIFICAR - fuente S6 necesaria,NO VALIDADA,https://raw.githubusercontent.com/sven-n/MuMain/21728b1e5b03e0763b38ef9e23f79645e0df7ad2/src/bin/Data/Effects/EffectTypes.json,https://raw.githubusercontent.com/sven-n/MuMain/21728b1e5b03e0763b38ef9e23f79645e0df7ad2/src/source/Render/Effects/Behaviors/MoveHandlers.cpp
ex01ShadowMasterWristLeft,MODEL_EX01_SHADOW_MASTER_WRIST_LEFT,NO,,,,NO DETECTADO,NO DETECTADO,NO DETECTADO,no localizado,,No verificado,0,P3 - revisar alcance,SIN CLASIFICAR - fuente S6 necesaria,NO VALIDADA,https://raw.githubusercontent.com/sven-n/MuMain/21728b1e5b03e0763b38ef9e23f79645e0df7ad2/src/bin/Data/Effects/EffectTypes.json,https://raw.githubusercontent.com/sven-n/MuMain/21728b1e5b03e0763b38ef9e23f79645e0df7ad2/src/source/Render/Effects/Behaviors/MoveHandlers.cpp
ex01ShadowMasterWristRight,MODEL_EX01_SHADOW_MASTER_WRIST_RIGHT,NO,,,,NO DETECTADO,NO DETECTADO,NO DETECTADO,no localizado,,No verificado,0,P3 - revisar alcance,SIN CLASIFICAR - fuente S6 necesaria,NO VALIDADA,https://raw.githubusercontent.com/sven-n/MuMain/21728b1e5b03e0763b38ef9e23f79645e0df7ad2/src/bin/Data/Effects/EffectTypes.json,https://raw.githubusercontent.com/sven-n/MuMain/21728b1e5b03e0763b38ef9e23f79645e0df7ad2/src/source/Render/Effects/Behaviors/MoveHandlers.cpp
fallStoneEffect,MODEL_FALL_STONE_EFFECT,NO,,,,NO DETECTADO,NO DETECTADO,NO DETECTADO,particle|effect hijo|terreno,,No verificado,1,P3 - revisar alcance,SIN CLASIFICAR - fuente S6 necesaria,NO VALIDADA,https://raw.githubusercontent.com/sven-n/MuMain/21728b1e5b03e0763b38ef9e23f79645e0df7ad2/src/bin/Data/Effects/EffectTypes.json,https://raw.githubusercontent.com/sven-n/MuMain/21728b1e5b03e0763b38ef9e23f79645e0df7ad2/src/source/Render/Effects/Behaviors/MoveHandlers.cpp
feather,MODEL_FEATHER,NO,,,,NO DETECTADO,NO DETECTADO,NO DETECTADO,no localizado,,No verificado,2,P2 - referencia nativa,SIN CLASIFICAR - fuente S6 necesaria,NO VALIDADA,https://raw.githubusercontent.com/sven-n/MuMain/21728b1e5b03e0763b38ef9e23f79645e0df7ad2/src/bin/Data/Effects/EffectTypes.json,https://raw.githubusercontent.com/sven-n/MuMain/21728b1e5b03e0763b38ef9e23f79645e0df7ad2/src/source/Render/Effects/Behaviors/MoveHandlers.cpp
featherForeign,MODEL_FEATHER_FOREIGN,NO,,,,NO DETECTADO,NO DETECTADO,NO DETECTADO,no localizado,,No verificado,0,P3 - revisar alcance,SIN CLASIFICAR - fuente S6 necesaria,NO VALIDADA,https://raw.githubusercontent.com/sven-n/MuMain/21728b1e5b03e0763b38ef9e23f79645e0df7ad2/src/bin/Data/Effects/EffectTypes.json,https://raw.githubusercontent.com/sven-n/MuMain/21728b1e5b03e0763b38ef9e23f79645e0df7ad2/src/source/Render/Effects/Behaviors/MoveHandlers.cpp
fenrirFootThunder,MODEL_FENRIR_FOOT_THUNDER,NO,,,,NO DETECTADO,NO DETECTADO,NO DETECTADO,vida/movimiento,,No verificado,0,P3 - revisar alcance,SIN CLASIFICAR - fuente S6 necesaria,NO VALIDADA,https://raw.githubusercontent.com/sven-n/MuMain/21728b1e5b03e0763b38ef9e23f79645e0df7ad2/src/bin/Data/Effects/EffectTypes.json,https://raw.githubusercontent.com/sven-n/MuMain/21728b1e5b03e0763b38ef9e23f79645e0df7ad2/src/source/Render/Effects/Behaviors/MoveHandlers.cpp
fenrirSkillDamage,MODEL_FENRIR_SKILL_DAMAGE,NO,,,,NO DETECTADO,NO DETECTADO,NO DETECTADO,no localizado,,No verificado,0,P3 - revisar alcance,SIN CLASIFICAR - fuente S6 necesaria,NO VALIDADA,https://raw.githubusercontent.com/sven-n/MuMain/21728b1e5b03e0763b38ef9e23f79645e0df7ad2/src/bin/Data/Effects/EffectTypes.json,https://raw.githubusercontent.com/sven-n/MuMain/21728b1e5b03e0763b38ef9e23f79645e0df7ad2/src/source/Render/Effects/Behaviors/MoveHandlers.cpp
fenrirThunder,MODEL_FENRIR_THUNDER,NO,,,,NO DETECTADO,NO DETECTADO,NO DETECTADO,vida/movimiento,,No verificado,1,P1 - verificar S6,SIN CLASIFICAR - fuente S6 necesaria,NO VALIDADA,https://raw.githubusercontent.com/sven-n/MuMain/21728b1e5b03e0763b38ef9e23f79645e0df7ad2/src/bin/Data/Effects/EffectTypes.json,https://raw.githubusercontent.com/sven-n/MuMain/21728b1e5b03e0763b38ef9e23f79645e0df7ad2/src/source/Render/Effects/Behaviors/MoveHandlers.cpp
fire,BITMAP_FIRE,SI,no especificados en metadatos,,,NO DETECTADO,NO DETECTADO,NO DETECTADO,no localizado,,No verificado,0,P3 - revisar alcance,SIN CLASIFICAR - fuente S6 necesaria,NO VALIDADA,https://raw.githubusercontent.com/sven-n/MuMain/21728b1e5b03e0763b38ef9e23f79645e0df7ad2/src/bin/Data/Effects/EffectTypes.json,https://raw.githubusercontent.com/sven-n/MuMain/21728b1e5b03e0763b38ef9e23f79645e0df7ad2/src/source/Render/Effects/Behaviors/MoveHandlers.cpp
fire2,BITMAP_FIRE+1,NO,,,,NO DETECTADO,NO DETECTADO,NO DETECTADO,no localizado,,No verificado,0,P3 - revisar alcance,SIN CLASIFICAR - fuente S6 necesaria,NO VALIDADA,https://raw.githubusercontent.com/sven-n/MuMain/21728b1e5b03e0763b38ef9e23f79645e0df7ad2/src/bin/Data/Effects/EffectTypes.json,https://raw.githubusercontent.com/sven-n/MuMain/21728b1e5b03e0763b38ef9e23f79645e0df7ad2/src/source/Render/Effects/Behaviors/MoveHandlers.cpp
fireCursedLich,BITMAP_FIRE_CURSEDLICH,SI,0|1|2|12|3,,,NO DETECTADO,NO DETECTADO,NO DETECTADO,modelo/bone|sprite|particle|owner,,No verificado,6,P1 - verificar S6,SIN CLASIFICAR - fuente S6 necesaria,NO VALIDADA,https://raw.githubusercontent.com/sven-n/MuMain/21728b1e5b03e0763b38ef9e23f79645e0df7ad2/src/bin/Data/Effects/EffectTypes.json,https://raw.githubusercontent.com/sven-n/MuMain/21728b1e5b03e0763b38ef9e23f79645e0df7ad2/src/source/Render/Effects/Behaviors/MoveHandlers.cpp
fireHik2Mono,BITMAP_FIRE_HIK2_MONO,SI,0|1,,,NO DETECTADO,NO DETECTADO,NO DETECTADO,particle|effect hijo,,No verificado,0,P3 - revisar alcance,SIN CLASIFICAR - fuente S6 necesaria,NO VALIDADA,https://raw.githubusercontent.com/sven-n/MuMain/21728b1e5b03e0763b38ef9e23f79645e0df7ad2/src/bin/Data/Effects/EffectTypes.json,https://raw.githubusercontent.com/sven-n/MuMain/21728b1e5b03e0763b38ef9e23f79645e0df7ad2/src/source/Render/Effects/Behaviors/MoveHandlers.cpp
fireModel,MODEL_FIRE,NO,,,,NO DETECTADO,NO DETECTADO,NO DETECTADO,no localizado,,No verificado,1,P3 - revisar alcance,SIN CLASIFICAR - fuente S6 necesaria,NO VALIDADA,https://raw.githubusercontent.com/sven-n/MuMain/21728b1e5b03e0763b38ef9e23f79645e0df7ad2/src/bin/Data/Effects/EffectTypes.json,https://raw.githubusercontent.com/sven-n/MuMain/21728b1e5b03e0763b38ef9e23f79645e0df7ad2/src/source/Render/Effects/Behaviors/MoveHandlers.cpp
fireRed,BITMAP_FIRE_RED,SI,no especificados en metadatos,,,NO DETECTADO,NO DETECTADO,NO DETECTADO,no localizado,,No verificado,0,P3 - revisar alcance,SIN CLASIFICAR - fuente S6 necesaria,NO VALIDADA,https://raw.githubusercontent.com/sven-n/MuMain/21728b1e5b03e0763b38ef9e23f79645e0df7ad2/src/bin/Data/Effects/EffectTypes.json,https://raw.githubusercontent.com/sven-n/MuMain/21728b1e5b03e0763b38ef9e23f79645e0df7ad2/src/source/Render/Effects/Behaviors/MoveHandlers.cpp
firecracker,BITMAP_FIRECRACKER,NO,,,,NO DETECTADO,NO DETECTADO,NO DETECTADO,particle|terreno,,No verificado,1,P3 - revisar alcance,SIN CLASIFICAR - fuente S6 necesaria,NO VALIDADA,https://raw.githubusercontent.com/sven-n/MuMain/21728b1e5b03e0763b38ef9e23f79645e0df7ad2/src/bin/Data/Effects/EffectTypes.json,https://raw.githubusercontent.com/sven-n/MuMain/21728b1e5b03e0763b38ef9e23f79645e0df7ad2/src/source/Render/Effects/Behaviors/MoveHandlers.cpp
firecracker1,BITMAP_FIRECRACKER0001,SI,no especificados en metadatos,,,NO DETECTADO,NO DETECTADO,NO DETECTADO,joint,,No verificado,0,P3 - revisar alcance,SIN CLASIFICAR - fuente S6 necesaria,NO VALIDADA,https://raw.githubusercontent.com/sven-n/MuMain/21728b1e5b03e0763b38ef9e23f79645e0df7ad2/src/bin/Data/Effects/EffectTypes.json,https://raw.githubusercontent.com/sven-n/MuMain/21728b1e5b03e0763b38ef9e23f79645e0df7ad2/src/source/Render/Effects/Behaviors/MoveHandlers.cpp
firecracker2,BITMAP_FIRECRACKER0002,NO,,,,NO DETECTADO,NO DETECTADO,NO DETECTADO,effect hijo,,No verificado,1,P3 - revisar alcance,SIN CLASIFICAR - fuente S6 necesaria,NO VALIDADA,https://raw.githubusercontent.com/sven-n/MuMain/21728b1e5b03e0763b38ef9e23f79645e0df7ad2/src/bin/Data/Effects/EffectTypes.json,https://raw.githubusercontent.com/sven-n/MuMain/21728b1e5b03e0763b38ef9e23f79645e0df7ad2/src/source/Render/Effects/Behaviors/MoveHandlers.cpp
firecracker3,BITMAP_FIRECRACKER0003,NO,,,,NO DETECTADO,NO DETECTADO,NO DETECTADO,sprite,,No verificado,1,P3 - revisar alcance,SIN CLASIFICAR - fuente S6 necesaria,NO VALIDADA,https://raw.githubusercontent.com/sven-n/MuMain/21728b1e5b03e0763b38ef9e23f79645e0df7ad2/src/bin/Data/Effects/EffectTypes.json,https://raw.githubusercontent.com/sven-n/MuMain/21728b1e5b03e0763b38ef9e23f79645e0df7ad2/src/source/Render/Effects/Behaviors/MoveHandlers.cpp
firecrackerRise,BITMAP_FIRECRACKERRISE,SI,no especificados en metadatos,,,NO DETECTADO,NO DETECTADO,NO DETECTADO,effect hijo,,No verificado,0,P3 - revisar alcance,SIN CLASIFICAR - fuente S6 necesaria,NO VALIDADA,https://raw.githubusercontent.com/sven-n/MuMain/21728b1e5b03e0763b38ef9e23f79645e0df7ad2/src/bin/Data/Effects/EffectTypes.json,https://raw.githubusercontent.com/sven-n/MuMain/21728b1e5b03e0763b38ef9e23f79645e0df7ad2/src/source/Render/Effects/Behaviors/MoveHandlers.cpp
fissure,MODEL_FISSURE,SI,no especificados en metadatos,,,NO DETECTADO,NO DETECTADO,NO DETECTADO,modelo/bone|particle|effect hijo|terreno,,No verificado,1,P3 - revisar alcance,SIN CLASIFICAR - fuente S6 necesaria,NO VALIDADA,https://raw.githubusercontent.com/sven-n/MuMain/21728b1e5b03e0763b38ef9e23f79645e0df7ad2/src/bin/Data/Effects/EffectTypes.json,https://raw.githubusercontent.com/sven-n/MuMain/21728b1e5b03e0763b38ef9e23f79645e0df7ad2/src/source/Render/Effects/Behaviors/MoveHandlers.cpp
fissureLight,MODEL_FISSURE_LIGHT,SI,no especificados en metadatos,,,NO DETECTADO,NO DETECTADO,NO DETECTADO,no localizado,,No verificado,1,P3 - revisar alcance,SIN CLASIFICAR - fuente S6 necesaria,NO VALIDADA,https://raw.githubusercontent.com/sven-n/MuMain/21728b1e5b03e0763b38ef9e23f79645e0df7ad2/src/bin/Data/Effects/EffectTypes.json,https://raw.githubusercontent.com/sven-n/MuMain/21728b1e5b03e0763b38ef9e23f79645e0df7ad2/src/source/Render/Effects/Behaviors/MoveHandlers.cpp
flame,BITMAP_FLAME,NO,,,,NO DETECTADO,NO DETECTADO,NO DETECTADO,particle|effect hijo|terreno|owner,,No verificado,0,P3 - revisar alcance,SIN CLASIFICAR - fuente S6 necesaria,NO VALIDADA,https://raw.githubusercontent.com/sven-n/MuMain/21728b1e5b03e0763b38ef9e23f79645e0df7ad2/src/bin/Data/Effects/EffectTypes.json,https://raw.githubusercontent.com/sven-n/MuMain/21728b1e5b03e0763b38ef9e23f79645e0df7ad2/src/source/Render/Effects/Behaviors/MoveHandlers.cpp
flare,BITMAP_FLARE,SI,3,,,NO DETECTADO,NO DETECTADO,NO DETECTADO,particle|joint,,No verificado,0,P3 - revisar alcance,SIN CLASIFICAR - fuente S6 necesaria,NO VALIDADA,https://raw.githubusercontent.com/sven-n/MuMain/21728b1e5b03e0763b38ef9e23f79645e0df7ad2/src/bin/Data/Effects/EffectTypes.json,https://raw.githubusercontent.com/sven-n/MuMain/21728b1e5b03e0763b38ef9e23f79645e0df7ad2/src/source/Render/Effects/Behaviors/MoveHandlers.cpp
flareForce,BITMAP_FLARE_FORCE,NO,,,,NO DETECTADO,NO DETECTADO,NO DETECTADO,vida/movimiento,,No verificado,0,P3 - revisar alcance,SIN CLASIFICAR - fuente S6 necesaria,NO VALIDADA,https://raw.githubusercontent.com/sven-n/MuMain/21728b1e5b03e0763b38ef9e23f79645e0df7ad2/src/bin/Data/Effects/EffectTypes.json,https://raw.githubusercontent.com/sven-n/MuMain/21728b1e5b03e0763b38ef9e23f79645e0df7ad2/src/source/Render/Effects/Behaviors/MoveHandlers.cpp
flyBigStone1,MODEL_FLY_BIG_STONE1,NO,,,,NO DETECTADO,NO DETECTADO,NO DETECTADO,particle|effect hijo|terreno|owner,,No verificado,1,P3 - revisar alcance,SIN CLASIFICAR - fuente S6 necesaria,NO VALIDADA,https://raw.githubusercontent.com/sven-n/MuMain/21728b1e5b03e0763b38ef9e23f79645e0df7ad2/src/bin/Data/Effects/EffectTypes.json,https://raw.githubusercontent.com/sven-n/MuMain/21728b1e5b03e0763b38ef9e23f79645e0df7ad2/src/source/Render/Effects/Behaviors/MoveHandlers.cpp
flyBigStone2,MODEL_FLY_BIG_STONE2,NO,,,,NO DETECTADO,NO DETECTADO,NO DETECTADO,particle|effect hijo|terreno|owner,,No verificado,0,P3 - revisar alcance,SIN CLASIFICAR - fuente S6 necesaria,NO VALIDADA,https://raw.githubusercontent.com/sven-n/MuMain/21728b1e5b03e0763b38ef9e23f79645e0df7ad2/src/bin/Data/Effects/EffectTypes.json,https://raw.githubusercontent.com/sven-n/MuMain/21728b1e5b03e0763b38ef9e23f79645e0df7ad2/src/source/Render/Effects/Behaviors/MoveHandlers.cpp
gate,MODEL_GATE,NO,,,,NO DETECTADO,NO DETECTADO,NO DETECTADO,no localizado,,No verificado,0,P3 - revisar alcance,SIN CLASIFICAR - fuente S6 necesaria,NO VALIDADA,https://raw.githubusercontent.com/sven-n/MuMain/21728b1e5b03e0763b38ef9e23f79645e0df7ad2/src/bin/Data/Effects/EffectTypes.json,https://raw.githubusercontent.com/sven-n/MuMain/21728b1e5b03e0763b38ef9e23f79645e0df7ad2/src/source/Render/Effects/Behaviors/MoveHandlers.cpp
gate2,MODEL_GATE+1,NO,,,,NO DETECTADO,NO DETECTADO,NO DETECTADO,no localizado,,No verificado,0,P3 - revisar alcance,SIN CLASIFICAR - fuente S6 necesaria,NO VALIDADA,https://raw.githubusercontent.com/sven-n/MuMain/21728b1e5b03e0763b38ef9e23f79645e0df7ad2/src/bin/Data/Effects/EffectTypes.json,https://raw.githubusercontent.com/sven-n/MuMain/21728b1e5b03e0763b38ef9e23f79645e0df7ad2/src/source/Render/Effects/Behaviors/MoveHandlers.cpp
gatePart1,MODEL_GATE_PART1,NO,,,,NO DETECTADO,NO DETECTADO,NO DETECTADO,particle|terreno,,No verificado,0,P3 - revisar alcance,SIN CLASIFICAR - fuente S6 necesaria,NO VALIDADA,https://raw.githubusercontent.com/sven-n/MuMain/21728b1e5b03e0763b38ef9e23f79645e0df7ad2/src/bin/Data/Effects/EffectTypes.json,https://raw.githubusercontent.com/sven-n/MuMain/21728b1e5b03e0763b38ef9e23f79645e0df7ad2/src/source/Render/Effects/Behaviors/MoveHandlers.cpp
gatePart2,MODEL_GATE_PART2,NO,,,,NO DETECTADO,NO DETECTADO,NO DETECTADO,no localizado,,No verificado,0,P3 - revisar alcance,SIN CLASIFICAR - fuente S6 necesaria,NO VALIDADA,https://raw.githubusercontent.com/sven-n/MuMain/21728b1e5b03e0763b38ef9e23f79645e0df7ad2/src/bin/Data/Effects/EffectTypes.json,https://raw.githubusercontent.com/sven-n/MuMain/21728b1e5b03e0763b38ef9e23f79645e0df7ad2/src/source/Render/Effects/Behaviors/MoveHandlers.cpp
gatePart3,MODEL_GATE_PART3,NO,,,,NO DETECTADO,NO DETECTADO,NO DETECTADO,no localizado,,No verificado,0,P3 - revisar alcance,SIN CLASIFICAR - fuente S6 necesaria,NO VALIDADA,https://raw.githubusercontent.com/sven-n/MuMain/21728b1e5b03e0763b38ef9e23f79645e0df7ad2/src/bin/Data/Effects/EffectTypes.json,https://raw.githubusercontent.com/sven-n/MuMain/21728b1e5b03e0763b38ef9e23f79645e0df7ad2/src/source/Render/Effects/Behaviors/MoveHandlers.cpp
gathering,BITMAP_GATHERING,NO,,,,NO DETECTADO,NO DETECTADO,NO DETECTADO,modelo/bone|sprite|particle|joint|owner,,No verificado,0,P3 - revisar alcance,SIN CLASIFICAR - fuente S6 necesaria,NO VALIDADA,https://raw.githubusercontent.com/sven-n/MuMain/21728b1e5b03e0763b38ef9e23f79645e0df7ad2/src/bin/Data/Effects/EffectTypes.json,https://raw.githubusercontent.com/sven-n/MuMain/21728b1e5b03e0763b38ef9e23f79645e0df7ad2/src/source/Render/Effects/Behaviors/MoveHandlers.cpp
ghost,MODEL_GHOST,NO,,,,NO DETECTADO,NO DETECTADO,NO DETECTADO,particle,,No verificado,0,P3 - revisar alcance,SIN CLASIFICAR - fuente S6 necesaria,NO VALIDADA,https://raw.githubusercontent.com/sven-n/MuMain/21728b1e5b03e0763b38ef9e23f79645e0df7ad2/src/bin/Data/Effects/EffectTypes.json,https://raw.githubusercontent.com/sven-n/MuMain/21728b1e5b03e0763b38ef9e23f79645e0df7ad2/src/source/Render/Effects/Behaviors/MoveHandlers.cpp
golemStone,MODEL_GOLEM_STONE,NO,,,,NO DETECTADO,NO DETECTADO,NO DETECTADO,no localizado,,No verificado,0,P3 - revisar alcance,SIN CLASIFICAR - fuente S6 necesaria,NO VALIDADA,https://raw.githubusercontent.com/sven-n/MuMain/21728b1e5b03e0763b38ef9e23f79645e0df7ad2/src/bin/Data/Effects/EffectTypes.json,https://raw.githubusercontent.com/sven-n/MuMain/21728b1e5b03e0763b38ef9e23f79645e0df7ad2/src/source/Render/Effects/Behaviors/MoveHandlers.cpp
groundStone,MODEL_GROUND_STONE,NO,,,,NO DETECTADO,NO DETECTADO,NO DETECTADO,particle|effect hijo|terreno,,No verificado,0,P3 - revisar alcance,SIN CLASIFICAR - fuente S6 necesaria,NO VALIDADA,https://raw.githubusercontent.com/sven-n/MuMain/21728b1e5b03e0763b38ef9e23f79645e0df7ad2/src/bin/Data/Effects/EffectTypes.json,https://raw.githubusercontent.com/sven-n/MuMain/21728b1e5b03e0763b38ef9e23f79645e0df7ad2/src/source/Render/Effects/Behaviors/MoveHandlers.cpp
groundStone2,MODEL_GROUND_STONE2,NO,,,,NO DETECTADO,NO DETECTADO,NO DETECTADO,no localizado,,No verificado,0,P3 - revisar alcance,SIN CLASIFICAR - fuente S6 necesaria,NO VALIDADA,https://raw.githubusercontent.com/sven-n/MuMain/21728b1e5b03e0763b38ef9e23f79645e0df7ad2/src/bin/Data/Effects/EffectTypes.json,https://raw.githubusercontent.com/sven-n/MuMain/21728b1e5b03e0763b38ef9e23f79645e0df7ad2/src/source/Render/Effects/Behaviors/MoveHandlers.cpp
halloween,MODEL_HALLOWEEN,NO,,,,NO DETECTADO,NO DETECTADO,NO DETECTADO,no localizado,,No verificado,0,P3 - revisar alcance,SIN CLASIFICAR - fuente S6 necesaria,NO VALIDADA,https://raw.githubusercontent.com/sven-n/MuMain/21728b1e5b03e0763b38ef9e23f79645e0df7ad2/src/bin/Data/Effects/EffectTypes.json,https://raw.githubusercontent.com/sven-n/MuMain/21728b1e5b03e0763b38ef9e23f79645e0df7ad2/src/source/Render/Effects/Behaviors/MoveHandlers.cpp
halloweenCandyBlue,MODEL_HALLOWEEN_CANDY_BLUE,NO,,,,NO DETECTADO,NO DETECTADO,NO DETECTADO,particle|terreno,,No verificado,0,P3 - revisar alcance,SIN CLASIFICAR - fuente S6 necesaria,NO VALIDADA,https://raw.githubusercontent.com/sven-n/MuMain/21728b1e5b03e0763b38ef9e23f79645e0df7ad2/src/bin/Data/Effects/EffectTypes.json,https://raw.githubusercontent.com/sven-n/MuMain/21728b1e5b03e0763b38ef9e23f79645e0df7ad2/src/source/Render/Effects/Behaviors/MoveHandlers.cpp
halloweenCandyHobak,MODEL_HALLOWEEN_CANDY_HOBAK,NO,,,,NO DETECTADO,NO DETECTADO,NO DETECTADO,no localizado,,No verificado,0,P3 - revisar alcance,SIN CLASIFICAR - fuente S6 necesaria,NO VALIDADA,https://raw.githubusercontent.com/sven-n/MuMain/21728b1e5b03e0763b38ef9e23f79645e0df7ad2/src/bin/Data/Effects/EffectTypes.json,https://raw.githubusercontent.com/sven-n/MuMain/21728b1e5b03e0763b38ef9e23f79645e0df7ad2/src/source/Render/Effects/Behaviors/MoveHandlers.cpp
halloweenCandyOrange,MODEL_HALLOWEEN_CANDY_ORANGE,NO,,,,NO DETECTADO,NO DETECTADO,NO DETECTADO,no localizado,,No verificado,0,P3 - revisar alcance,SIN CLASIFICAR - fuente S6 necesaria,NO VALIDADA,https://raw.githubusercontent.com/sven-n/MuMain/21728b1e5b03e0763b38ef9e23f79645e0df7ad2/src/bin/Data/Effects/EffectTypes.json,https://raw.githubusercontent.com/sven-n/MuMain/21728b1e5b03e0763b38ef9e23f79645e0df7ad2/src/source/Render/Effects/Behaviors/MoveHandlers.cpp
halloweenCandyRed,MODEL_HALLOWEEN_CANDY_RED,NO,,,,NO DETECTADO,NO DETECTADO,NO DETECTADO,no localizado,,No verificado,0,P3 - revisar alcance,SIN CLASIFICAR - fuente S6 necesaria,NO VALIDADA,https://raw.githubusercontent.com/sven-n/MuMain/21728b1e5b03e0763b38ef9e23f79645e0df7ad2/src/bin/Data/Effects/EffectTypes.json,https://raw.githubusercontent.com/sven-n/MuMain/21728b1e5b03e0763b38ef9e23f79645e0df7ad2/src/source/Render/Effects/Behaviors/MoveHandlers.cpp
halloweenCandyStar,MODEL_HALLOWEEN_CANDY_STAR,NO,,,,NO DETECTADO,NO DETECTADO,NO DETECTADO,no localizado,,No verificado,1,P3 - revisar alcance,SIN CLASIFICAR - fuente S6 necesaria,NO VALIDADA,https://raw.githubusercontent.com/sven-n/MuMain/21728b1e5b03e0763b38ef9e23f79645e0df7ad2/src/bin/Data/Effects/EffectTypes.json,https://raw.githubusercontent.com/sven-n/MuMain/21728b1e5b03e0763b38ef9e23f79645e0df7ad2/src/source/Render/Effects/Behaviors/MoveHandlers.cpp
halloweenCandyYellow,MODEL_HALLOWEEN_CANDY_YELLOW,NO,,,,NO DETECTADO,NO DETECTADO,NO DETECTADO,no localizado,,No verificado,0,P3 - revisar alcance,SIN CLASIFICAR - fuente S6 necesaria,NO VALIDADA,https://raw.githubusercontent.com/sven-n/MuMain/21728b1e5b03e0763b38ef9e23f79645e0df7ad2/src/bin/Data/Effects/EffectTypes.json,https://raw.githubusercontent.com/sven-n/MuMain/21728b1e5b03e0763b38ef9e23f79645e0df7ad2/src/source/Render/Effects/Behaviors/MoveHandlers.cpp
halloweenEx,MODEL_HALLOWEEN_EX,NO,,,,NO DETECTADO,NO DETECTADO,NO DETECTADO,vida/movimiento,,No verificado,0,P3 - revisar alcance,SIN CLASIFICAR - fuente S6 necesaria,NO VALIDADA,https://raw.githubusercontent.com/sven-n/MuMain/21728b1e5b03e0763b38ef9e23f79645e0df7ad2/src/bin/Data/Effects/EffectTypes.json,https://raw.githubusercontent.com/sven-n/MuMain/21728b1e5b03e0763b38ef9e23f79645e0df7ad2/src/source/Render/Effects/Behaviors/MoveHandlers.cpp
ice,MODEL_ICE,NO,,,,NO DETECTADO,NO DETECTADO,NO DETECTADO,no localizado,,No verificado,1,P3 - revisar alcance,SIN CLASIFICAR - fuente S6 necesaria,NO VALIDADA,https://raw.githubusercontent.com/sven-n/MuMain/21728b1e5b03e0763b38ef9e23f79645e0df7ad2/src/bin/Data/Effects/EffectTypes.json,https://raw.githubusercontent.com/sven-n/MuMain/21728b1e5b03e0763b38ef9e23f79645e0df7ad2/src/source/Render/Effects/Behaviors/MoveHandlers.cpp
iceGiantPart1,MODEL_ICE_GIANT_PART1,NO,,,,NO DETECTADO,NO DETECTADO,NO DETECTADO,no localizado,,No verificado,0,P3 - revisar alcance,SIN CLASIFICAR - fuente S6 necesaria,NO VALIDADA,https://raw.githubusercontent.com/sven-n/MuMain/21728b1e5b03e0763b38ef9e23f79645e0df7ad2/src/bin/Data/Effects/EffectTypes.json,https://raw.githubusercontent.com/sven-n/MuMain/21728b1e5b03e0763b38ef9e23f79645e0df7ad2/src/source/Render/Effects/Behaviors/MoveHandlers.cpp
iceGiantPart2,MODEL_ICE_GIANT_PART2,NO,,,,NO DETECTADO,NO DETECTADO,NO DETECTADO,no localizado,,No verificado,0,P3 - revisar alcance,SIN CLASIFICAR - fuente S6 necesaria,NO VALIDADA,https://raw.githubusercontent.com/sven-n/MuMain/21728b1e5b03e0763b38ef9e23f79645e0df7ad2/src/bin/Data/Effects/EffectTypes.json,https://raw.githubusercontent.com/sven-n/MuMain/21728b1e5b03e0763b38ef9e23f79645e0df7ad2/src/source/Render/Effects/Behaviors/MoveHandlers.cpp
iceGiantPart3,MODEL_ICE_GIANT_PART3,NO,,,,NO DETECTADO,NO DETECTADO,NO DETECTADO,no localizado,,No verificado,0,P3 - revisar alcance,SIN CLASIFICAR - fuente S6 necesaria,NO VALIDADA,https://raw.githubusercontent.com/sven-n/MuMain/21728b1e5b03e0763b38ef9e23f79645e0df7ad2/src/bin/Data/Effects/EffectTypes.json,https://raw.githubusercontent.com/sven-n/MuMain/21728b1e5b03e0763b38ef9e23f79645e0df7ad2/src/source/Render/Effects/Behaviors/MoveHandlers.cpp
iceGiantPart4,MODEL_ICE_GIANT_PART4,NO,,,,NO DETECTADO,NO DETECTADO,NO DETECTADO,no localizado,,No verificado,0,P3 - revisar alcance,SIN CLASIFICAR - fuente S6 necesaria,NO VALIDADA,https://raw.githubusercontent.com/sven-n/MuMain/21728b1e5b03e0763b38ef9e23f79645e0df7ad2/src/bin/Data/Effects/EffectTypes.json,https://raw.githubusercontent.com/sven-n/MuMain/21728b1e5b03e0763b38ef9e23f79645e0df7ad2/src/source/Render/Effects/Behaviors/MoveHandlers.cpp
iceGiantPart5,MODEL_ICE_GIANT_PART5,NO,,,,NO DETECTADO,NO DETECTADO,NO DETECTADO,no localizado,,No verificado,0,P3 - revisar alcance,SIN CLASIFICAR - fuente S6 necesaria,NO VALIDADA,https://raw.githubusercontent.com/sven-n/MuMain/21728b1e5b03e0763b38ef9e23f79645e0df7ad2/src/bin/Data/Effects/EffectTypes.json,https://raw.githubusercontent.com/sven-n/MuMain/21728b1e5b03e0763b38ef9e23f79645e0df7ad2/src/source/Render/Effects/Behaviors/MoveHandlers.cpp
iceGiantPart6,MODEL_ICE_GIANT_PART6,NO,,,,NO DETECTADO,NO DETECTADO,NO DETECTADO,no localizado,,No verificado,0,P3 - revisar alcance,SIN CLASIFICAR - fuente S6 necesaria,NO VALIDADA,https://raw.githubusercontent.com/sven-n/MuMain/21728b1e5b03e0763b38ef9e23f79645e0df7ad2/src/bin/Data/Effects/EffectTypes.json,https://raw.githubusercontent.com/sven-n/MuMain/21728b1e5b03e0763b38ef9e23f79645e0df7ad2/src/source/Render/Effects/Behaviors/MoveHandlers.cpp
iceSmall,MODEL_ICE_SMALL,NO,,,,NO DETECTADO,NO DETECTADO,NO DETECTADO,particle|terreno,,No verificado,3,P2 - referencia nativa,SIN CLASIFICAR - fuente S6 necesaria,NO VALIDADA,https://raw.githubusercontent.com/sven-n/MuMain/21728b1e5b03e0763b38ef9e23f79645e0df7ad2/src/bin/Data/Effects/EffectTypes.json,https://raw.githubusercontent.com/sven-n/MuMain/21728b1e5b03e0763b38ef9e23f79645e0df7ad2/src/source/Render/Effects/Behaviors/MoveHandlers.cpp
illusionOfKundun,MODEL_ILLUSION_OF_KUNDUN,NO,,,,NO DETECTADO,NO DETECTADO,NO DETECTADO,no localizado,,No verificado,0,P3 - revisar alcance,SIN CLASIFICAR - fuente S6 necesaria,NO VALIDADA,https://raw.githubusercontent.com/sven-n/MuMain/21728b1e5b03e0763b38ef9e23f79645e0df7ad2/src/bin/Data/Effects/EffectTypes.json,https://raw.githubusercontent.com/sven-n/MuMain/21728b1e5b03e0763b38ef9e23f79645e0df7ad2/src/source/Render/Effects/Behaviors/MoveHandlers.cpp
impact,BITMAP_IMPACT,SI,no especificados en metadatos,,,NO DETECTADO,NO DETECTADO,NO DETECTADO,sprite|owner,,No verificado,0,P3 - revisar alcance,SIN CLASIFICAR - fuente S6 necesaria,NO VALIDADA,https://raw.githubusercontent.com/sven-n/MuMain/21728b1e5b03e0763b38ef9e23f79645e0df7ad2/src/bin/Data/Effects/EffectTypes.json,https://raw.githubusercontent.com/sven-n/MuMain/21728b1e5b03e0763b38ef9e23f79645e0df7ad2/src/source/Render/Effects/Behaviors/MoveHandlers.cpp
infinityArrow,MODEL_INFINITY_ARROW,NO,,,,NO DETECTADO,NO DETECTADO,NO DETECTADO,modelo/bone|owner,,No verificado,1,P1 - verificar S6,SIN CLASIFICAR - fuente S6 necesaria,NO VALIDADA,https://raw.githubusercontent.com/sven-n/MuMain/21728b1e5b03e0763b38ef9e23f79645e0df7ad2/src/bin/Data/Effects/EffectTypes.json,https://raw.githubusercontent.com/sven-n/MuMain/21728b1e5b03e0763b38ef9e23f79645e0df7ad2/src/source/Render/Effects/Behaviors/MoveHandlers.cpp
infinityArrow1,MODEL_INFINITY_ARROW1,SI,1|2|3,,,NO DETECTADO,NO DETECTADO,NO DETECTADO,effect hijo|owner,,No verificado,1,P3 - revisar alcance,SIN CLASIFICAR - fuente S6 necesaria,NO VALIDADA,https://raw.githubusercontent.com/sven-n/MuMain/21728b1e5b03e0763b38ef9e23f79645e0df7ad2/src/bin/Data/Effects/EffectTypes.json,https://raw.githubusercontent.com/sven-n/MuMain/21728b1e5b03e0763b38ef9e23f79645e0df7ad2/src/source/Render/Effects/Behaviors/MoveHandlers.cpp
infinityArrow2,MODEL_INFINITY_ARROW2,SI,1|2|3,,,NO DETECTADO,NO DETECTADO,NO DETECTADO,no localizado,,No verificado,1,P3 - revisar alcance,SIN CLASIFICAR - fuente S6 necesaria,NO VALIDADA,https://raw.githubusercontent.com/sven-n/MuMain/21728b1e5b03e0763b38ef9e23f79645e0df7ad2/src/bin/Data/Effects/EffectTypes.json,https://raw.githubusercontent.com/sven-n/MuMain/21728b1e5b03e0763b38ef9e23f79645e0df7ad2/src/source/Render/Effects/Behaviors/MoveHandlers.cpp
infinityArrow3,MODEL_INFINITY_ARROW3,SI,1|2|3,,,NO DETECTADO,NO DETECTADO,NO DETECTADO,no localizado,,No verificado,3,P2 - referencia nativa,SIN CLASIFICAR - fuente S6 necesaria,NO VALIDADA,https://raw.githubusercontent.com/sven-n/MuMain/21728b1e5b03e0763b38ef9e23f79645e0df7ad2/src/bin/Data/Effects/EffectTypes.json,https://raw.githubusercontent.com/sven-n/MuMain/21728b1e5b03e0763b38ef9e23f79645e0df7ad2/src/source/Render/Effects/Behaviors/MoveHandlers.cpp
infinityArrow4,MODEL_INFINITY_ARROW4,SI,no especificados en metadatos,,,NO DETECTADO,NO DETECTADO,NO DETECTADO,no localizado,,No verificado,1,P3 - revisar alcance,SIN CLASIFICAR - fuente S6 necesaria,NO VALIDADA,https://raw.githubusercontent.com/sven-n/MuMain/21728b1e5b03e0763b38ef9e23f79645e0df7ad2/src/bin/Data/Effects/EffectTypes.json,https://raw.githubusercontent.com/sven-n/MuMain/21728b1e5b03e0763b38ef9e23f79645e0df7ad2/src/source/Render/Effects/Behaviors/MoveHandlers.cpp
ironRiderArrow,MODEL_IRON_RIDER_ARROW,NO,,,,NO DETECTADO,NO DETECTADO,NO DETECTADO,sprite|particle|effect hijo,,No verificado,0,P3 - revisar alcance,SIN CLASIFICAR - fuente S6 necesaria,NO VALIDADA,https://raw.githubusercontent.com/sven-n/MuMain/21728b1e5b03e0763b38ef9e23f79645e0df7ad2/src/bin/Data/Effects/EffectTypes.json,https://raw.githubusercontent.com/sven-n/MuMain/21728b1e5b03e0763b38ef9e23f79645e0df7ad2/src/source/Render/Effects/Behaviors/MoveHandlers.cpp
jointForce,BITMAP_JOINT_FORCE,NO,,,,NO DETECTADO,NO DETECTADO,NO DETECTADO,joint,,No verificado,0,P3 - revisar alcance,SIN CLASIFICAR - fuente S6 necesaria,NO VALIDADA,https://raw.githubusercontent.com/sven-n/MuMain/21728b1e5b03e0763b38ef9e23f79645e0df7ad2/src/bin/Data/Effects/EffectTypes.json,https://raw.githubusercontent.com/sven-n/MuMain/21728b1e5b03e0763b38ef9e23f79645e0df7ad2/src/source/Render/Effects/Behaviors/MoveHandlers.cpp
jointThunder,BITMAP_JOINT_THUNDER,SI,no especificados en metadatos,,,NO DETECTADO,NO DETECTADO,NO DETECTADO,modelo/bone|particle|joint|effect hijo|owner,,No verificado,1,P3 - revisar alcance,SIN CLASIFICAR - fuente S6 necesaria,NO VALIDADA,https://raw.githubusercontent.com/sven-n/MuMain/21728b1e5b03e0763b38ef9e23f79645e0df7ad2/src/bin/Data/Effects/EffectTypes.json,https://raw.githubusercontent.com/sven-n/MuMain/21728b1e5b03e0763b38ef9e23f79645e0df7ad2/src/source/Render/Effects/Behaviors/MoveHandlers.cpp
jointThunder2,BITMAP_JOINT_THUNDER+1,NO,,,,NO DETECTADO,NO DETECTADO,NO DETECTADO,no localizado,,No verificado,0,P3 - revisar alcance,SIN CLASIFICAR - fuente S6 necesaria,NO VALIDADA,https://raw.githubusercontent.com/sven-n/MuMain/21728b1e5b03e0763b38ef9e23f79645e0df7ad2/src/bin/Data/Effects/EffectTypes.json,https://raw.githubusercontent.com/sven-n/MuMain/21728b1e5b03e0763b38ef9e23f79645e0df7ad2/src/source/Render/Effects/Behaviors/MoveHandlers.cpp
kalimaFallingStone,MODEL_KALIMA_FALLING_STONE,NO,,,,NO DETECTADO,NO DETECTADO,NO DETECTADO,no localizado,,No verificado,0,P3 - revisar alcance,SIN CLASIFICAR - fuente S6 necesaria,NO VALIDADA,https://raw.githubusercontent.com/sven-n/MuMain/21728b1e5b03e0763b38ef9e23f79645e0df7ad2/src/bin/Data/Effects/EffectTypes.json,https://raw.githubusercontent.com/sven-n/MuMain/21728b1e5b03e0763b38ef9e23f79645e0df7ad2/src/source/Render/Effects/Behaviors/MoveHandlers.cpp
kentaurosArrow,MODEL_KENTAUROS_ARROW,SI,no especificados en metadatos,,,NO DETECTADO,NO DETECTADO,NO DETECTADO,particle|joint,,No verificado,0,P3 - revisar alcance,SIN CLASIFICAR - fuente S6 necesaria,NO VALIDADA,https://raw.githubusercontent.com/sven-n/MuMain/21728b1e5b03e0763b38ef9e23f79645e0df7ad2/src/bin/Data/Effects/EffectTypes.json,https://raw.githubusercontent.com/sven-n/MuMain/21728b1e5b03e0763b38ef9e23f79645e0df7ad2/src/source/Render/Effects/Behaviors/MoveHandlers.cpp
knightPlancrackA,MODEL_KNIGHT_PLANCRACK_A,NO,,,,NO DETECTADO,NO DETECTADO,NO DETECTADO,vida/movimiento,,No verificado,4,P2 - referencia nativa,SIN CLASIFICAR - fuente S6 necesaria,NO VALIDADA,https://raw.githubusercontent.com/sven-n/MuMain/21728b1e5b03e0763b38ef9e23f79645e0df7ad2/src/bin/Data/Effects/EffectTypes.json,https://raw.githubusercontent.com/sven-n/MuMain/21728b1e5b03e0763b38ef9e23f79645e0df7ad2/src/source/Render/Effects/Behaviors/MoveHandlers.cpp
knightPlancrackB,MODEL_KNIGHT_PLANCRACK_B,SI,no especificados en metadatos,,,NO DETECTADO,NO DETECTADO,NO DETECTADO,vida/movimiento,,No verificado,2,P2 - referencia nativa,SIN CLASIFICAR - fuente S6 necesaria,NO VALIDADA,https://raw.githubusercontent.com/sven-n/MuMain/21728b1e5b03e0763b38ef9e23f79645e0df7ad2/src/bin/Data/Effects/EffectTypes.json,https://raw.githubusercontent.com/sven-n/MuMain/21728b1e5b03e0763b38ef9e23f79645e0df7ad2/src/source/Render/Effects/Behaviors/MoveHandlers.cpp
kundunDragonHead,MODEL_CUNDUN_DRAGON_HEAD,NO,,,,NO DETECTADO,NO DETECTADO,NO DETECTADO,joint,,No verificado,2,P2 - referencia nativa,SIN CLASIFICAR - fuente S6 necesaria,NO VALIDADA,https://raw.githubusercontent.com/sven-n/MuMain/21728b1e5b03e0763b38ef9e23f79645e0df7ad2/src/bin/Data/Effects/EffectTypes.json,https://raw.githubusercontent.com/sven-n/MuMain/21728b1e5b03e0763b38ef9e23f79645e0df7ad2/src/source/Render/Effects/Behaviors/MoveHandlers.cpp
kundunGhost,MODEL_CUNDUN_GHOST,SI,no especificados en metadatos,,,NO DETECTADO,NO DETECTADO,NO DETECTADO,particle|effect hijo|owner,,No verificado,1,P3 - revisar alcance,SIN CLASIFICAR - fuente S6 necesaria,NO VALIDADA,https://raw.githubusercontent.com/sven-n/MuMain/21728b1e5b03e0763b38ef9e23f79645e0df7ad2/src/bin/Data/Effects/EffectTypes.json,https://raw.githubusercontent.com/sven-n/MuMain/21728b1e5b03e0763b38ef9e23f79645e0df7ad2/src/source/Render/Effects/Behaviors/MoveHandlers.cpp
kundunPart1,MODEL_CUNDUN_PART1,NO,,,,NO DETECTADO,NO DETECTADO,NO DETECTADO,particle|joint,,No verificado,0,P3 - revisar alcance,SIN CLASIFICAR - fuente S6 necesaria,NO VALIDADA,https://raw.githubusercontent.com/sven-n/MuMain/21728b1e5b03e0763b38ef9e23f79645e0df7ad2/src/bin/Data/Effects/EffectTypes.json,https://raw.githubusercontent.com/sven-n/MuMain/21728b1e5b03e0763b38ef9e23f79645e0df7ad2/src/source/Render/Effects/Behaviors/MoveHandlers.cpp
kundunPart2,MODEL_CUNDUN_PART2,NO,,,,NO DETECTADO,NO DETECTADO,NO DETECTADO,no localizado,,No verificado,0,P3 - revisar alcance,SIN CLASIFICAR - fuente S6 necesaria,NO VALIDADA,https://raw.githubusercontent.com/sven-n/MuMain/21728b1e5b03e0763b38ef9e23f79645e0df7ad2/src/bin/Data/Effects/EffectTypes.json,https://raw.githubusercontent.com/sven-n/MuMain/21728b1e5b03e0763b38ef9e23f79645e0df7ad2/src/source/Render/Effects/Behaviors/MoveHandlers.cpp
kundunPart3,MODEL_CUNDUN_PART3,NO,,,,NO DETECTADO,NO DETECTADO,NO DETECTADO,no localizado,,No verificado,0,P3 - revisar alcance,SIN CLASIFICAR - fuente S6 necesaria,NO VALIDADA,https://raw.githubusercontent.com/sven-n/MuMain/21728b1e5b03e0763b38ef9e23f79645e0df7ad2/src/bin/Data/Effects/EffectTypes.json,https://raw.githubusercontent.com/sven-n/MuMain/21728b1e5b03e0763b38ef9e23f79645e0df7ad2/src/source/Render/Effects/Behaviors/MoveHandlers.cpp
kundunPart4,MODEL_CUNDUN_PART4,NO,,,,NO DETECTADO,NO DETECTADO,NO DETECTADO,no localizado,,No verificado,0,P3 - revisar alcance,SIN CLASIFICAR - fuente S6 necesaria,NO VALIDADA,https://raw.githubusercontent.com/sven-n/MuMain/21728b1e5b03e0763b38ef9e23f79645e0df7ad2/src/bin/Data/Effects/EffectTypes.json,https://raw.githubusercontent.com/sven-n/MuMain/21728b1e5b03e0763b38ef9e23f79645e0df7ad2/src/source/Render/Effects/Behaviors/MoveHandlers.cpp
kundunPart5,MODEL_CUNDUN_PART5,NO,,,,NO DETECTADO,NO DETECTADO,NO DETECTADO,no localizado,,No verificado,0,P3 - revisar alcance,SIN CLASIFICAR - fuente S6 necesaria,NO VALIDADA,https://raw.githubusercontent.com/sven-n/MuMain/21728b1e5b03e0763b38ef9e23f79645e0df7ad2/src/bin/Data/Effects/EffectTypes.json,https://raw.githubusercontent.com/sven-n/MuMain/21728b1e5b03e0763b38ef9e23f79645e0df7ad2/src/source/Render/Effects/Behaviors/MoveHandlers.cpp
kundunPart6,MODEL_CUNDUN_PART6,NO,,,,NO DETECTADO,NO DETECTADO,NO DETECTADO,no localizado,,No verificado,0,P3 - revisar alcance,SIN CLASIFICAR - fuente S6 necesaria,NO VALIDADA,https://raw.githubusercontent.com/sven-n/MuMain/21728b1e5b03e0763b38ef9e23f79645e0df7ad2/src/bin/Data/Effects/EffectTypes.json,https://raw.githubusercontent.com/sven-n/MuMain/21728b1e5b03e0763b38ef9e23f79645e0df7ad2/src/source/Render/Effects/Behaviors/MoveHandlers.cpp
kundunPart7,MODEL_CUNDUN_PART7,NO,,,,NO DETECTADO,NO DETECTADO,NO DETECTADO,no localizado,,No verificado,0,P3 - revisar alcance,SIN CLASIFICAR - fuente S6 necesaria,NO VALIDADA,https://raw.githubusercontent.com/sven-n/MuMain/21728b1e5b03e0763b38ef9e23f79645e0df7ad2/src/bin/Data/Effects/EffectTypes.json,https://raw.githubusercontent.com/sven-n/MuMain/21728b1e5b03e0763b38ef9e23f79645e0df7ad2/src/source/Render/Effects/Behaviors/MoveHandlers.cpp
kundunPart8,MODEL_CUNDUN_PART8,NO,,,,NO DETECTADO,NO DETECTADO,NO DETECTADO,no localizado,,No verificado,0,P3 - revisar alcance,SIN CLASIFICAR - fuente S6 necesaria,NO VALIDADA,https://raw.githubusercontent.com/sven-n/MuMain/21728b1e5b03e0763b38ef9e23f79645e0df7ad2/src/bin/Data/Effects/EffectTypes.json,https://raw.githubusercontent.com/sven-n/MuMain/21728b1e5b03e0763b38ef9e23f79645e0df7ad2/src/source/Render/Effects/Behaviors/MoveHandlers.cpp
kundunPhoenix,MODEL_CUNDUN_PHOENIX,NO,,,,NO DETECTADO,NO DETECTADO,NO DETECTADO,vida/movimiento,,No verificado,1,P3 - revisar alcance,SIN CLASIFICAR - fuente S6 necesaria,NO VALIDADA,https://raw.githubusercontent.com/sven-n/MuMain/21728b1e5b03e0763b38ef9e23f79645e0df7ad2/src/bin/Data/Effects/EffectTypes.json,https://raw.githubusercontent.com/sven-n/MuMain/21728b1e5b03e0763b38ef9e23f79645e0df7ad2/src/source/Render/Effects/Behaviors/MoveHandlers.cpp
kundunSkill,MODEL_CUNDUN_SKILL,NO,,,,NO DETECTADO,NO DETECTADO,NO DETECTADO,effect hijo,,No verificado,0,P3 - revisar alcance,SIN CLASIFICAR - fuente S6 necesaria,NO VALIDADA,https://raw.githubusercontent.com/sven-n/MuMain/21728b1e5b03e0763b38ef9e23f79645e0df7ad2/src/bin/Data/Effects/EffectTypes.json,https://raw.githubusercontent.com/sven-n/MuMain/21728b1e5b03e0763b38ef9e23f79645e0df7ad2/src/source/Render/Effects/Behaviors/MoveHandlers.cpp
laceArrow,MODEL_LACEARROW,NO,,,,NO DETECTADO,NO DETECTADO,NO DETECTADO,no localizado,,No verificado,0,P3 - revisar alcance,SIN CLASIFICAR - fuente S6 necesaria,NO VALIDADA,https://raw.githubusercontent.com/sven-n/MuMain/21728b1e5b03e0763b38ef9e23f79645e0df7ad2/src/bin/Data/Effects/EffectTypes.json,https://raw.githubusercontent.com/sven-n/MuMain/21728b1e5b03e0763b38ef9e23f79645e0df7ad2/src/source/Render/Effects/Behaviors/MoveHandlers.cpp
laser,MODEL_LASER,NO,,,,NO DETECTADO,NO DETECTADO,NO DETECTADO,vida/movimiento,,No verificado,2,P1 - verificar S6,SIN CLASIFICAR - fuente S6 necesaria,NO VALIDADA,https://raw.githubusercontent.com/sven-n/MuMain/21728b1e5b03e0763b38ef9e23f79645e0df7ad2/src/bin/Data/Effects/EffectTypes.json,https://raw.githubusercontent.com/sven-n/MuMain/21728b1e5b03e0763b38ef9e23f79645e0df7ad2/src/source/Render/Effects/Behaviors/MoveHandlers.cpp
lava,BITMAP_LAVA,NO,,,,NO DETECTADO,NO DETECTADO,NO DETECTADO,modelo/bone|particle|joint|effect hijo|owner,,No verificado,0,P3 - revisar alcance,SIN CLASIFICAR - fuente S6 necesaria,NO VALIDADA,https://raw.githubusercontent.com/sven-n/MuMain/21728b1e5b03e0763b38ef9e23f79645e0df7ad2/src/bin/Data/Effects/EffectTypes.json,https://raw.githubusercontent.com/sven-n/MuMain/21728b1e5b03e0763b38ef9e23f79645e0df7ad2/src/source/Render/Effects/Behaviors/MoveHandlers.cpp
lavaGiantFootprintR,MODEL_LAVAGIANT_FOOTPRINT_R,NO,,,,NO DETECTADO,NO DETECTADO,NO DETECTADO,vida/movimiento,,No verificado,0,P3 - revisar alcance,SIN CLASIFICAR - fuente S6 necesaria,NO VALIDADA,https://raw.githubusercontent.com/sven-n/MuMain/21728b1e5b03e0763b38ef9e23f79645e0df7ad2/src/bin/Data/Effects/EffectTypes.json,https://raw.githubusercontent.com/sven-n/MuMain/21728b1e5b03e0763b38ef9e23f79645e0df7ad2/src/source/Render/Effects/Behaviors/MoveHandlers.cpp
lavaGiantFootprintV,MODEL_LAVAGIANT_FOOTPRINT_V,NO,,,,NO DETECTADO,NO DETECTADO,NO DETECTADO,no localizado,,No verificado,0,P3 - revisar alcance,SIN CLASIFICAR - fuente S6 necesaria,NO VALIDADA,https://raw.githubusercontent.com/sven-n/MuMain/21728b1e5b03e0763b38ef9e23f79645e0df7ad2/src/bin/Data/Effects/EffectTypes.json,https://raw.githubusercontent.com/sven-n/MuMain/21728b1e5b03e0763b38ef9e23f79645e0df7ad2/src/source/Render/Effects/Behaviors/MoveHandlers.cpp
light,BITMAP_LIGHT,NO,,,,NO DETECTADO,NO DETECTADO,NO DETECTADO,no localizado,,No verificado,0,P3 - revisar alcance,SIN CLASIFICAR - fuente S6 necesaria,NO VALIDADA,https://raw.githubusercontent.com/sven-n/MuMain/21728b1e5b03e0763b38ef9e23f79645e0df7ad2/src/bin/Data/Effects/EffectTypes.json,https://raw.githubusercontent.com/sven-n/MuMain/21728b1e5b03e0763b38ef9e23f79645e0df7ad2/src/source/Render/Effects/Behaviors/MoveHandlers.cpp
lightMarks,BITMAP_LIGHT_MARKS,SI,no especificados en metadatos,,,NO DETECTADO,NO DETECTADO,NO DETECTADO,no localizado,,No verificado,0,P3 - revisar alcance,SIN CLASIFICAR - fuente S6 necesaria,NO VALIDADA,https://raw.githubusercontent.com/sven-n/MuMain/21728b1e5b03e0763b38ef9e23f79645e0df7ad2/src/bin/Data/Effects/EffectTypes.json,https://raw.githubusercontent.com/sven-n/MuMain/21728b1e5b03e0763b38ef9e23f79645e0df7ad2/src/source/Render/Effects/Behaviors/MoveHandlers.cpp
lightRed,BITMAP_LIGHT_RED,NO,,,,NO DETECTADO,NO DETECTADO,NO DETECTADO,modelo/bone|particle|effect hijo|terreno|owner,,No verificado,3,P2 - referencia nativa,SIN CLASIFICAR - fuente S6 necesaria,NO VALIDADA,https://raw.githubusercontent.com/sven-n/MuMain/21728b1e5b03e0763b38ef9e23f79645e0df7ad2/src/bin/Data/Effects/EffectTypes.json,https://raw.githubusercontent.com/sven-n/MuMain/21728b1e5b03e0763b38ef9e23f79645e0df7ad2/src/source/Render/Effects/Behaviors/MoveHandlers.cpp
lightSpear,MODEL_SPEAR,SI,no especificados en metadatos,,,NO DETECTADO,NO DETECTADO,NO DETECTADO,no localizado,,No verificado,0,P1 - verificar S6,SIN CLASIFICAR - fuente S6 necesaria,NO VALIDADA,https://raw.githubusercontent.com/sven-n/MuMain/21728b1e5b03e0763b38ef9e23f79645e0df7ad2/src/bin/Data/Effects/EffectTypes.json,https://raw.githubusercontent.com/sven-n/MuMain/21728b1e5b03e0763b38ef9e23f79645e0df7ad2/src/source/Render/Effects/Behaviors/MoveHandlers.cpp
lightning2,BITMAP_LIGHTNING+1,SI,0|1,0|1,LightningGround,SI (catalogo local),SI (ruta definida),SI (terreno compartido),"textura, terreno, luz dinámica",,No verificado,0,P0 - regresion,SIN CLASIFICAR - fuente S6 necesaria,NO VALIDADA,https://raw.githubusercontent.com/sven-n/MuMain/21728b1e5b03e0763b38ef9e23f79645e0df7ad2/src/bin/Data/Effects/EffectTypes.json,https://raw.githubusercontent.com/sven-n/MuMain/21728b1e5b03e0763b38ef9e23f79645e0df7ad2/src/source/Render/Effects/Behaviors/MoveHandlers.cpp
lightningOrb,MODEL_LIGHTNING_ORB,SI,0|1,,,NO DETECTADO,NO DETECTADO,NO DETECTADO,no localizado,,No verificado,1,P1 - verificar S6,SIN CLASIFICAR - fuente S6 necesaria,NO VALIDADA,https://raw.githubusercontent.com/sven-n/MuMain/21728b1e5b03e0763b38ef9e23f79645e0df7ad2/src/bin/Data/Effects/EffectTypes.json,https://raw.githubusercontent.com/sven-n/MuMain/21728b1e5b03e0763b38ef9e23f79645e0df7ad2/src/source/Render/Effects/Behaviors/MoveHandlers.cpp
lightningShock,MODEL_LIGHTNING_SHOCK,NO,,,,NO DETECTADO,NO DETECTADO,NO DETECTADO,modelo/bone|sprite|particle|effect hijo|terreno|owner,,No verificado,1,P3 - revisar alcance,SIN CLASIFICAR - fuente S6 necesaria,NO VALIDADA,https://raw.githubusercontent.com/sven-n/MuMain/21728b1e5b03e0763b38ef9e23f79645e0df7ad2/src/bin/Data/Effects/EffectTypes.json,https://raw.githubusercontent.com/sven-n/MuMain/21728b1e5b03e0763b38ef9e23f79645e0df7ad2/src/source/Render/Effects/Behaviors/MoveHandlers.cpp
magic,BITMAP_MAGIC,NO,,1|8|12|13|14,MagicGround,SI (catalogo local),SI (ruta definida),SI (terreno compartido),"textura, terreno, multicapa",,No verificado,4,P0 - regresion,SIN CLASIFICAR - fuente S6 necesaria,NO VALIDADA,https://raw.githubusercontent.com/sven-n/MuMain/21728b1e5b03e0763b38ef9e23f79645e0df7ad2/src/bin/Data/Effects/EffectTypes.json,https://raw.githubusercontent.com/sven-n/MuMain/21728b1e5b03e0763b38ef9e23f79645e0df7ad2/src/source/Render/Effects/Behaviors/MoveHandlers.cpp
magic1,MODEL_MAGIC1,SI,no especificados en metadatos,0,Magic1,SI (catalogo local),GENERICA - vida,SI (BMD compartido),"modelo, vida genérica",,No verificado,0,P0 - regresion,SIN CLASIFICAR - fuente S6 necesaria,NO VALIDADA,https://raw.githubusercontent.com/sven-n/MuMain/21728b1e5b03e0763b38ef9e23f79645e0df7ad2/src/bin/Data/Effects/EffectTypes.json,https://raw.githubusercontent.com/sven-n/MuMain/21728b1e5b03e0763b38ef9e23f79645e0df7ad2/src/source/Render/Effects/Behaviors/MoveHandlers.cpp
magic2,MODEL_MAGIC2,NO,,,,NO DETECTADO,NO DETECTADO,NO DETECTADO,sprite|particle|terreno,,No verificado,0,P1 - verificar S6,SIN CLASIFICAR - fuente S6 necesaria,NO VALIDADA,https://raw.githubusercontent.com/sven-n/MuMain/21728b1e5b03e0763b38ef9e23f79645e0df7ad2/src/bin/Data/Effects/EffectTypes.json,https://raw.githubusercontent.com/sven-n/MuMain/21728b1e5b03e0763b38ef9e23f79645e0df7ad2/src/source/Render/Effects/Behaviors/MoveHandlers.cpp
magicCapsule2,MODEL_MAGIC_CAPSULE2,SI,no especificados en metadatos,0,MagicCapsule2,SI (catalogo local),GENERICA - vida,SI (BMD compartido),"modelo, vida genérica",,No verificado,0,P0 - regresion,SIN CLASIFICAR - fuente S6 necesaria,NO VALIDADA,https://raw.githubusercontent.com/sven-n/MuMain/21728b1e5b03e0763b38ef9e23f79645e0df7ad2/src/bin/Data/Effects/EffectTypes.json,https://raw.githubusercontent.com/sven-n/MuMain/21728b1e5b03e0763b38ef9e23f79645e0df7ad2/src/source/Render/Effects/Behaviors/MoveHandlers.cpp
magicCircle1,BITMAP_MAGIC+2,NO,,,,NO DETECTADO,NO DETECTADO,NO DETECTADO,no localizado,,No verificado,0,P1 - verificar S6,SIN CLASIFICAR - fuente S6 necesaria,NO VALIDADA,https://raw.githubusercontent.com/sven-n/MuMain/21728b1e5b03e0763b38ef9e23f79645e0df7ad2/src/bin/Data/Effects/EffectTypes.json,https://raw.githubusercontent.com/sven-n/MuMain/21728b1e5b03e0763b38ef9e23f79645e0df7ad2/src/source/Render/Effects/Behaviors/MoveHandlers.cpp
magicCircle1Model,MODEL_MAGIC_CIRCLE1,SI,1|2,0|1|2,MagicCircle1,SI (catalogo local),SI (ruta definida),SI (BMD compartido),"modelo, owner, terreno",,No verificado,0,P0 - regresion,SIN CLASIFICAR - fuente S6 necesaria,NO VALIDADA,https://raw.githubusercontent.com/sven-n/MuMain/21728b1e5b03e0763b38ef9e23f79645e0df7ad2/src/bin/Data/Effects/EffectTypes.json,https://raw.githubusercontent.com/sven-n/MuMain/21728b1e5b03e0763b38ef9e23f79645e0df7ad2/src/source/Render/Effects/Behaviors/MoveHandlers.cpp
magicGround2,BITMAP_MAGIC+1,NO,,,,NO DETECTADO,NO DETECTADO,NO DETECTADO,no localizado,,No verificado,5,P1 - verificar S6,SIN CLASIFICAR - fuente S6 necesaria,NO VALIDADA,https://raw.githubusercontent.com/sven-n/MuMain/21728b1e5b03e0763b38ef9e23f79645e0df7ad2/src/bin/Data/Effects/EffectTypes.json,https://raw.githubusercontent.com/sven-n/MuMain/21728b1e5b03e0763b38ef9e23f79645e0df7ad2/src/source/Render/Effects/Behaviors/MoveHandlers.cpp
magicZin,BITMAP_MAGIC_ZIN,SI,0|1|2,0|1|2,MagicZin,SI (catalogo local),SI (ruta definida),SI (terreno compartido),"textura, terreno",,No verificado,0,P0 - regresion,SIN CLASIFICAR - fuente S6 necesaria,NO VALIDADA,https://raw.githubusercontent.com/sven-n/MuMain/21728b1e5b03e0763b38ef9e23f79645e0df7ad2/src/bin/Data/Effects/EffectTypes.json,https://raw.githubusercontent.com/sven-n/MuMain/21728b1e5b03e0763b38ef9e23f79645e0df7ad2/src/source/Render/Effects/Behaviors/MoveHandlers.cpp
manaRune,MODEL_MANA_RUNE,SI,0|1,,,NO DETECTADO,NO DETECTADO,NO DETECTADO,effect hijo,,No verificado,1,P3 - revisar alcance,SIN CLASIFICAR - fuente S6 necesaria,NO VALIDADA,https://raw.githubusercontent.com/sven-n/MuMain/21728b1e5b03e0763b38ef9e23f79645e0df7ad2/src/bin/Data/Effects/EffectTypes.json,https://raw.githubusercontent.com/sven-n/MuMain/21728b1e5b03e0763b38ef9e23f79645e0df7ad2/src/source/Render/Effects/Behaviors/MoveHandlers.cpp
mayaHandSkill,MODEL_MAYAHANDSKILL,SI,0|1,,,NO DETECTADO,NO DETECTADO,NO DETECTADO,particle|effect hijo,,No verificado,1,P3 - revisar alcance,SIN CLASIFICAR - fuente S6 necesaria,NO VALIDADA,https://raw.githubusercontent.com/sven-n/MuMain/21728b1e5b03e0763b38ef9e23f79645e0df7ad2/src/bin/Data/Effects/EffectTypes.json,https://raw.githubusercontent.com/sven-n/MuMain/21728b1e5b03e0763b38ef9e23f79645e0df7ad2/src/source/Render/Effects/Behaviors/MoveHandlers.cpp
mayaStar,MODEL_MAYASTAR,SI,no especificados en metadatos,,,NO DETECTADO,NO DETECTADO,NO DETECTADO,no localizado,,No verificado,0,P3 - revisar alcance,SIN CLASIFICAR - fuente S6 necesaria,NO VALIDADA,https://raw.githubusercontent.com/sven-n/MuMain/21728b1e5b03e0763b38ef9e23f79645e0df7ad2/src/bin/Data/Effects/EffectTypes.json,https://raw.githubusercontent.com/sven-n/MuMain/21728b1e5b03e0763b38ef9e23f79645e0df7ad2/src/source/Render/Effects/Behaviors/MoveHandlers.cpp
mayaStone1,MODEL_MAYASTONE1,NO,,,,NO DETECTADO,NO DETECTADO,NO DETECTADO,particle|effect hijo|terreno,,No verificado,0,P3 - revisar alcance,SIN CLASIFICAR - fuente S6 necesaria,NO VALIDADA,https://raw.githubusercontent.com/sven-n/MuMain/21728b1e5b03e0763b38ef9e23f79645e0df7ad2/src/bin/Data/Effects/EffectTypes.json,https://raw.githubusercontent.com/sven-n/MuMain/21728b1e5b03e0763b38ef9e23f79645e0df7ad2/src/source/Render/Effects/Behaviors/MoveHandlers.cpp
mayaStone2,MODEL_MAYASTONE2,NO,,,,NO DETECTADO,NO DETECTADO,NO DETECTADO,no localizado,,No verificado,0,P3 - revisar alcance,SIN CLASIFICAR - fuente S6 necesaria,NO VALIDADA,https://raw.githubusercontent.com/sven-n/MuMain/21728b1e5b03e0763b38ef9e23f79645e0df7ad2/src/bin/Data/Effects/EffectTypes.json,https://raw.githubusercontent.com/sven-n/MuMain/21728b1e5b03e0763b38ef9e23f79645e0df7ad2/src/source/Render/Effects/Behaviors/MoveHandlers.cpp
mayaStone3,MODEL_MAYASTONE3,NO,,,,NO DETECTADO,NO DETECTADO,NO DETECTADO,no localizado,,No verificado,0,P3 - revisar alcance,SIN CLASIFICAR - fuente S6 necesaria,NO VALIDADA,https://raw.githubusercontent.com/sven-n/MuMain/21728b1e5b03e0763b38ef9e23f79645e0df7ad2/src/bin/Data/Effects/EffectTypes.json,https://raw.githubusercontent.com/sven-n/MuMain/21728b1e5b03e0763b38ef9e23f79645e0df7ad2/src/source/Render/Effects/Behaviors/MoveHandlers.cpp
mayaStone4,MODEL_MAYASTONE4,NO,,,,NO DETECTADO,NO DETECTADO,NO DETECTADO,particle|terreno,,No verificado,1,P3 - revisar alcance,SIN CLASIFICAR - fuente S6 necesaria,NO VALIDADA,https://raw.githubusercontent.com/sven-n/MuMain/21728b1e5b03e0763b38ef9e23f79645e0df7ad2/src/bin/Data/Effects/EffectTypes.json,https://raw.githubusercontent.com/sven-n/MuMain/21728b1e5b03e0763b38ef9e23f79645e0df7ad2/src/source/Render/Effects/Behaviors/MoveHandlers.cpp
mayaStone5,MODEL_MAYASTONE5,NO,,,,NO DETECTADO,NO DETECTADO,NO DETECTADO,no localizado,,No verificado,0,P3 - revisar alcance,SIN CLASIFICAR - fuente S6 necesaria,NO VALIDADA,https://raw.githubusercontent.com/sven-n/MuMain/21728b1e5b03e0763b38ef9e23f79645e0df7ad2/src/bin/Data/Effects/EffectTypes.json,https://raw.githubusercontent.com/sven-n/MuMain/21728b1e5b03e0763b38ef9e23f79645e0df7ad2/src/source/Render/Effects/Behaviors/MoveHandlers.cpp
mayaStoneFire,MODEL_MAYASTONEFIRE,NO,,,,NO DETECTADO,NO DETECTADO,NO DETECTADO,terreno,,No verificado,0,P3 - revisar alcance,SIN CLASIFICAR - fuente S6 necesaria,NO VALIDADA,https://raw.githubusercontent.com/sven-n/MuMain/21728b1e5b03e0763b38ef9e23f79645e0df7ad2/src/bin/Data/Effects/EffectTypes.json,https://raw.githubusercontent.com/sven-n/MuMain/21728b1e5b03e0763b38ef9e23f79645e0df7ad2/src/source/Render/Effects/Behaviors/MoveHandlers.cpp
meteo1,MODEL_METEO1,NO,,,,NO DETECTADO,NO DETECTADO,NO DETECTADO,no localizado,,No verificado,1,P3 - revisar alcance,SIN CLASIFICAR - fuente S6 necesaria,NO VALIDADA,https://raw.githubusercontent.com/sven-n/MuMain/21728b1e5b03e0763b38ef9e23f79645e0df7ad2/src/bin/Data/Effects/EffectTypes.json,https://raw.githubusercontent.com/sven-n/MuMain/21728b1e5b03e0763b38ef9e23f79645e0df7ad2/src/source/Render/Effects/Behaviors/MoveHandlers.cpp
meteo2,MODEL_METEO2,NO,,,,NO DETECTADO,NO DETECTADO,NO DETECTADO,no localizado,,No verificado,0,P3 - revisar alcance,SIN CLASIFICAR - fuente S6 necesaria,NO VALIDADA,https://raw.githubusercontent.com/sven-n/MuMain/21728b1e5b03e0763b38ef9e23f79645e0df7ad2/src/bin/Data/Effects/EffectTypes.json,https://raw.githubusercontent.com/sven-n/MuMain/21728b1e5b03e0763b38ef9e23f79645e0df7ad2/src/source/Render/Effects/Behaviors/MoveHandlers.cpp
moonHarvestGam,MODEL_MOONHARVEST_GAM,NO,,,,NO DETECTADO,NO DETECTADO,NO DETECTADO,terreno,,No verificado,0,P3 - revisar alcance,SIN CLASIFICAR - fuente S6 necesaria,NO VALIDADA,https://raw.githubusercontent.com/sven-n/MuMain/21728b1e5b03e0763b38ef9e23f79645e0df7ad2/src/bin/Data/Effects/EffectTypes.json,https://raw.githubusercontent.com/sven-n/MuMain/21728b1e5b03e0763b38ef9e23f79645e0df7ad2/src/source/Render/Effects/Behaviors/MoveHandlers.cpp
moonHarvestMoon,MODEL_MOONHARVEST_MOON,SI,0|1|2,,,NO DETECTADO,NO DETECTADO,NO DETECTADO,particle,,No verificado,1,P3 - revisar alcance,SIN CLASIFICAR - fuente S6 necesaria,NO VALIDADA,https://raw.githubusercontent.com/sven-n/MuMain/21728b1e5b03e0763b38ef9e23f79645e0df7ad2/src/bin/Data/Effects/EffectTypes.json,https://raw.githubusercontent.com/sven-n/MuMain/21728b1e5b03e0763b38ef9e23f79645e0df7ad2/src/source/Render/Effects/Behaviors/MoveHandlers.cpp
moonHarvestSongpuen1,MODEL_MOONHARVEST_SONGPUEN1,NO,,,,NO DETECTADO,NO DETECTADO,NO DETECTADO,no localizado,,No verificado,0,P3 - revisar alcance,SIN CLASIFICAR - fuente S6 necesaria,NO VALIDADA,https://raw.githubusercontent.com/sven-n/MuMain/21728b1e5b03e0763b38ef9e23f79645e0df7ad2/src/bin/Data/Effects/EffectTypes.json,https://raw.githubusercontent.com/sven-n/MuMain/21728b1e5b03e0763b38ef9e23f79645e0df7ad2/src/source/Render/Effects/Behaviors/MoveHandlers.cpp
moonHarvestSongpuen2,MODEL_MOONHARVEST_SONGPUEN2,NO,,,,NO DETECTADO,NO DETECTADO,NO DETECTADO,no localizado,,No verificado,0,P3 - revisar alcance,SIN CLASIFICAR - fuente S6 necesaria,NO VALIDADA,https://raw.githubusercontent.com/sven-n/MuMain/21728b1e5b03e0763b38ef9e23f79645e0df7ad2/src/bin/Data/Effects/EffectTypes.json,https://raw.githubusercontent.com/sven-n/MuMain/21728b1e5b03e0763b38ef9e23f79645e0df7ad2/src/source/Render/Effects/Behaviors/MoveHandlers.cpp
moveTargetPositionEffect,MODEL_MOVE_TARGETPOSITION_EFFECT,NO,,,,NO DETECTADO,NO DETECTADO,NO DETECTADO,particle|effect hijo,,No verificado,0,P3 - revisar alcance,SIN CLASIFICAR - fuente S6 necesaria,NO VALIDADA,https://raw.githubusercontent.com/sven-n/MuMain/21728b1e5b03e0763b38ef9e23f79645e0df7ad2/src/bin/Data/Effects/EffectTypes.json,https://raw.githubusercontent.com/sven-n/MuMain/21728b1e5b03e0763b38ef9e23f79645e0df7ad2/src/source/Render/Effects/Behaviors/MoveHandlers.cpp
multiShot1,MODEL_MULTI_SHOT1,NO,,,,NO DETECTADO,NO DETECTADO,NO DETECTADO,vida/movimiento,,No verificado,0,P3 - revisar alcance,SIN CLASIFICAR - fuente S6 necesaria,NO VALIDADA,https://raw.githubusercontent.com/sven-n/MuMain/21728b1e5b03e0763b38ef9e23f79645e0df7ad2/src/bin/Data/Effects/EffectTypes.json,https://raw.githubusercontent.com/sven-n/MuMain/21728b1e5b03e0763b38ef9e23f79645e0df7ad2/src/source/Render/Effects/Behaviors/MoveHandlers.cpp
multiShot2,MODEL_MULTI_SHOT2,NO,,,,NO DETECTADO,NO DETECTADO,NO DETECTADO,vida/movimiento,,No verificado,0,P3 - revisar alcance,SIN CLASIFICAR - fuente S6 necesaria,NO VALIDADA,https://raw.githubusercontent.com/sven-n/MuMain/21728b1e5b03e0763b38ef9e23f79645e0df7ad2/src/bin/Data/Effects/EffectTypes.json,https://raw.githubusercontent.com/sven-n/MuMain/21728b1e5b03e0763b38ef9e23f79645e0df7ad2/src/source/Render/Effects/Behaviors/MoveHandlers.cpp
multiShot3,MODEL_MULTI_SHOT3,NO,,,,NO DETECTADO,NO DETECTADO,NO DETECTADO,vida/movimiento,,No verificado,0,P3 - revisar alcance,SIN CLASIFICAR - fuente S6 necesaria,NO VALIDADA,https://raw.githubusercontent.com/sven-n/MuMain/21728b1e5b03e0763b38ef9e23f79645e0df7ad2/src/bin/Data/Effects/EffectTypes.json,https://raw.githubusercontent.com/sven-n/MuMain/21728b1e5b03e0763b38ef9e23f79645e0df7ad2/src/source/Render/Effects/Behaviors/MoveHandlers.cpp
narcondraArmL,MODEL_NARCONDRA_ARM_L,NO,,,,NO DETECTADO,NO DETECTADO,NO DETECTADO,no localizado,,No verificado,0,P3 - revisar alcance,SIN CLASIFICAR - fuente S6 necesaria,NO VALIDADA,https://raw.githubusercontent.com/sven-n/MuMain/21728b1e5b03e0763b38ef9e23f79645e0df7ad2/src/bin/Data/Effects/EffectTypes.json,https://raw.githubusercontent.com/sven-n/MuMain/21728b1e5b03e0763b38ef9e23f79645e0df7ad2/src/source/Render/Effects/Behaviors/MoveHandlers.cpp
narcondraArmL2,MODEL_NARCONDRA_ARM_L2,NO,,,,NO DETECTADO,NO DETECTADO,NO DETECTADO,no localizado,,No verificado,0,P3 - revisar alcance,SIN CLASIFICAR - fuente S6 necesaria,NO VALIDADA,https://raw.githubusercontent.com/sven-n/MuMain/21728b1e5b03e0763b38ef9e23f79645e0df7ad2/src/bin/Data/Effects/EffectTypes.json,https://raw.githubusercontent.com/sven-n/MuMain/21728b1e5b03e0763b38ef9e23f79645e0df7ad2/src/source/Render/Effects/Behaviors/MoveHandlers.cpp
narcondraArmR,MODEL_NARCONDRA_ARM_R,NO,,,,NO DETECTADO,NO DETECTADO,NO DETECTADO,no localizado,,No verificado,0,P3 - revisar alcance,SIN CLASIFICAR - fuente S6 necesaria,NO VALIDADA,https://raw.githubusercontent.com/sven-n/MuMain/21728b1e5b03e0763b38ef9e23f79645e0df7ad2/src/bin/Data/Effects/EffectTypes.json,https://raw.githubusercontent.com/sven-n/MuMain/21728b1e5b03e0763b38ef9e23f79645e0df7ad2/src/source/Render/Effects/Behaviors/MoveHandlers.cpp
narcondraArmR2,MODEL_NARCONDRA_ARM_R2,NO,,,,NO DETECTADO,NO DETECTADO,NO DETECTADO,no localizado,,No verificado,0,P3 - revisar alcance,SIN CLASIFICAR - fuente S6 necesaria,NO VALIDADA,https://raw.githubusercontent.com/sven-n/MuMain/21728b1e5b03e0763b38ef9e23f79645e0df7ad2/src/bin/Data/Effects/EffectTypes.json,https://raw.githubusercontent.com/sven-n/MuMain/21728b1e5b03e0763b38ef9e23f79645e0df7ad2/src/source/Render/Effects/Behaviors/MoveHandlers.cpp
narcondraArmR3,MODEL_NARCONDRA_ARM_R3,NO,,,,NO DETECTADO,NO DETECTADO,NO DETECTADO,no localizado,,No verificado,0,P3 - revisar alcance,SIN CLASIFICAR - fuente S6 necesaria,NO VALIDADA,https://raw.githubusercontent.com/sven-n/MuMain/21728b1e5b03e0763b38ef9e23f79645e0df7ad2/src/bin/Data/Effects/EffectTypes.json,https://raw.githubusercontent.com/sven-n/MuMain/21728b1e5b03e0763b38ef9e23f79645e0df7ad2/src/source/Render/Effects/Behaviors/MoveHandlers.cpp
narcondraCone1,MODEL_NARCONDRA_CONE_1,NO,,,,NO DETECTADO,NO DETECTADO,NO DETECTADO,no localizado,,No verificado,0,P3 - revisar alcance,SIN CLASIFICAR - fuente S6 necesaria,NO VALIDADA,https://raw.githubusercontent.com/sven-n/MuMain/21728b1e5b03e0763b38ef9e23f79645e0df7ad2/src/bin/Data/Effects/EffectTypes.json,https://raw.githubusercontent.com/sven-n/MuMain/21728b1e5b03e0763b38ef9e23f79645e0df7ad2/src/source/Render/Effects/Behaviors/MoveHandlers.cpp
narcondraCone2,MODEL_NARCONDRA_CONE_2,NO,,,,NO DETECTADO,NO DETECTADO,NO DETECTADO,no localizado,,No verificado,0,P3 - revisar alcance,SIN CLASIFICAR - fuente S6 necesaria,NO VALIDADA,https://raw.githubusercontent.com/sven-n/MuMain/21728b1e5b03e0763b38ef9e23f79645e0df7ad2/src/bin/Data/Effects/EffectTypes.json,https://raw.githubusercontent.com/sven-n/MuMain/21728b1e5b03e0763b38ef9e23f79645e0df7ad2/src/source/Render/Effects/Behaviors/MoveHandlers.cpp
narcondraCone3,MODEL_NARCONDRA_CONE_3,NO,,,,NO DETECTADO,NO DETECTADO,NO DETECTADO,no localizado,,No verificado,0,P3 - revisar alcance,SIN CLASIFICAR - fuente S6 necesaria,NO VALIDADA,https://raw.githubusercontent.com/sven-n/MuMain/21728b1e5b03e0763b38ef9e23f79645e0df7ad2/src/bin/Data/Effects/EffectTypes.json,https://raw.githubusercontent.com/sven-n/MuMain/21728b1e5b03e0763b38ef9e23f79645e0df7ad2/src/source/Render/Effects/Behaviors/MoveHandlers.cpp
narcondraCone4,MODEL_NARCONDRA_CONE_4,NO,,,,NO DETECTADO,NO DETECTADO,NO DETECTADO,no localizado,,No verificado,0,P3 - revisar alcance,SIN CLASIFICAR - fuente S6 necesaria,NO VALIDADA,https://raw.githubusercontent.com/sven-n/MuMain/21728b1e5b03e0763b38ef9e23f79645e0df7ad2/src/bin/Data/Effects/EffectTypes.json,https://raw.githubusercontent.com/sven-n/MuMain/21728b1e5b03e0763b38ef9e23f79645e0df7ad2/src/source/Render/Effects/Behaviors/MoveHandlers.cpp
narcondraCone5,MODEL_NARCONDRA_CONE_5,NO,,,,NO DETECTADO,NO DETECTADO,NO DETECTADO,no localizado,,No verificado,0,P3 - revisar alcance,SIN CLASIFICAR - fuente S6 necesaria,NO VALIDADA,https://raw.githubusercontent.com/sven-n/MuMain/21728b1e5b03e0763b38ef9e23f79645e0df7ad2/src/bin/Data/Effects/EffectTypes.json,https://raw.githubusercontent.com/sven-n/MuMain/21728b1e5b03e0763b38ef9e23f79645e0df7ad2/src/source/Render/Effects/Behaviors/MoveHandlers.cpp
narcondraCone6,MODEL_NARCONDRA_CONE_6,NO,,,,NO DETECTADO,NO DETECTADO,NO DETECTADO,no localizado,,No verificado,0,P3 - revisar alcance,SIN CLASIFICAR - fuente S6 necesaria,NO VALIDADA,https://raw.githubusercontent.com/sven-n/MuMain/21728b1e5b03e0763b38ef9e23f79645e0df7ad2/src/bin/Data/Effects/EffectTypes.json,https://raw.githubusercontent.com/sven-n/MuMain/21728b1e5b03e0763b38ef9e23f79645e0df7ad2/src/source/Render/Effects/Behaviors/MoveHandlers.cpp
narcondraNeck,MODEL_NARCONDRA_NECK,NO,,,,NO DETECTADO,NO DETECTADO,NO DETECTADO,no localizado,,No verificado,0,P3 - revisar alcance,SIN CLASIFICAR - fuente S6 necesaria,NO VALIDADA,https://raw.githubusercontent.com/sven-n/MuMain/21728b1e5b03e0763b38ef9e23f79645e0df7ad2/src/bin/Data/Effects/EffectTypes.json,https://raw.githubusercontent.com/sven-n/MuMain/21728b1e5b03e0763b38ef9e23f79645e0df7ad2/src/source/Render/Effects/Behaviors/MoveHandlers.cpp
narcondraPelvis,MODEL_NARCONDRA_PELVIS,NO,,,,NO DETECTADO,NO DETECTADO,NO DETECTADO,no localizado,,No verificado,0,P3 - revisar alcance,SIN CLASIFICAR - fuente S6 necesaria,NO VALIDADA,https://raw.githubusercontent.com/sven-n/MuMain/21728b1e5b03e0763b38ef9e23f79645e0df7ad2/src/bin/Data/Effects/EffectTypes.json,https://raw.githubusercontent.com/sven-n/MuMain/21728b1e5b03e0763b38ef9e23f79645e0df7ad2/src/source/Render/Effects/Behaviors/MoveHandlers.cpp
narcondraShoulderL,MODEL_NARCONDRA_SHOULDER_L,NO,,,,NO DETECTADO,NO DETECTADO,NO DETECTADO,no localizado,,No verificado,0,P3 - revisar alcance,SIN CLASIFICAR - fuente S6 necesaria,NO VALIDADA,https://raw.githubusercontent.com/sven-n/MuMain/21728b1e5b03e0763b38ef9e23f79645e0df7ad2/src/bin/Data/Effects/EffectTypes.json,https://raw.githubusercontent.com/sven-n/MuMain/21728b1e5b03e0763b38ef9e23f79645e0df7ad2/src/source/Render/Effects/Behaviors/MoveHandlers.cpp
narcondraShoulderR,MODEL_NARCONDRA_SHOULDER_R,NO,,,,NO DETECTADO,NO DETECTADO,NO DETECTADO,no localizado,,No verificado,0,P3 - revisar alcance,SIN CLASIFICAR - fuente S6 necesaria,NO VALIDADA,https://raw.githubusercontent.com/sven-n/MuMain/21728b1e5b03e0763b38ef9e23f79645e0df7ad2/src/bin/Data/Effects/EffectTypes.json,https://raw.githubusercontent.com/sven-n/MuMain/21728b1e5b03e0763b38ef9e23f79645e0df7ad2/src/source/Render/Effects/Behaviors/MoveHandlers.cpp
narcondraStomach,MODEL_NARCONDRA_STOMACH,NO,,,,NO DETECTADO,NO DETECTADO,NO DETECTADO,no localizado,,No verificado,0,P3 - revisar alcance,SIN CLASIFICAR - fuente S6 necesaria,NO VALIDADA,https://raw.githubusercontent.com/sven-n/MuMain/21728b1e5b03e0763b38ef9e23f79645e0df7ad2/src/bin/Data/Effects/EffectTypes.json,https://raw.githubusercontent.com/sven-n/MuMain/21728b1e5b03e0763b38ef9e23f79645e0df7ad2/src/source/Render/Effects/Behaviors/MoveHandlers.cpp
narcondraStone,MODEL_NARCONDRA_STONE,NO,,,,NO DETECTADO,NO DETECTADO,NO DETECTADO,no localizado,,No verificado,0,P3 - revisar alcance,SIN CLASIFICAR - fuente S6 necesaria,NO VALIDADA,https://raw.githubusercontent.com/sven-n/MuMain/21728b1e5b03e0763b38ef9e23f79645e0df7ad2/src/bin/Data/Effects/EffectTypes.json,https://raw.githubusercontent.com/sven-n/MuMain/21728b1e5b03e0763b38ef9e23f79645e0df7ad2/src/source/Render/Effects/Behaviors/MoveHandlers.cpp
narcondraStone1,MODEL_NARCONDRA_STONE1,NO,,,,NO DETECTADO,NO DETECTADO,NO DETECTADO,no localizado,,No verificado,0,P3 - revisar alcance,SIN CLASIFICAR - fuente S6 necesaria,NO VALIDADA,https://raw.githubusercontent.com/sven-n/MuMain/21728b1e5b03e0763b38ef9e23f79645e0df7ad2/src/bin/Data/Effects/EffectTypes.json,https://raw.githubusercontent.com/sven-n/MuMain/21728b1e5b03e0763b38ef9e23f79645e0df7ad2/src/source/Render/Effects/Behaviors/MoveHandlers.cpp
narcondraStone2,MODEL_NARCONDRA_STONE2,NO,,,,NO DETECTADO,NO DETECTADO,NO DETECTADO,no localizado,,No verificado,0,P3 - revisar alcance,SIN CLASIFICAR - fuente S6 necesaria,NO VALIDADA,https://raw.githubusercontent.com/sven-n/MuMain/21728b1e5b03e0763b38ef9e23f79645e0df7ad2/src/bin/Data/Effects/EffectTypes.json,https://raw.githubusercontent.com/sven-n/MuMain/21728b1e5b03e0763b38ef9e23f79645e0df7ad2/src/source/Render/Effects/Behaviors/MoveHandlers.cpp
narcondraStone3,MODEL_NARCONDRA_STONE3,NO,,,,NO DETECTADO,NO DETECTADO,NO DETECTADO,no localizado,,No verificado,0,P3 - revisar alcance,SIN CLASIFICAR - fuente S6 necesaria,NO VALIDADA,https://raw.githubusercontent.com/sven-n/MuMain/21728b1e5b03e0763b38ef9e23f79645e0df7ad2/src/bin/Data/Effects/EffectTypes.json,https://raw.githubusercontent.com/sven-n/MuMain/21728b1e5b03e0763b38ef9e23f79645e0df7ad2/src/source/Render/Effects/Behaviors/MoveHandlers.cpp
newYearsDayEventBeksulki,MODEL_NEWYEARSDAY_EVENT_BEKSULKI,NO,,,,NO DETECTADO,NO DETECTADO,NO DETECTADO,terreno,,No verificado,0,P3 - revisar alcance,SIN CLASIFICAR - fuente S6 necesaria,NO VALIDADA,https://raw.githubusercontent.com/sven-n/MuMain/21728b1e5b03e0763b38ef9e23f79645e0df7ad2/src/bin/Data/Effects/EffectTypes.json,https://raw.githubusercontent.com/sven-n/MuMain/21728b1e5b03e0763b38ef9e23f79645e0df7ad2/src/source/Render/Effects/Behaviors/MoveHandlers.cpp
newYearsDayEventCandy,MODEL_NEWYEARSDAY_EVENT_CANDY,NO,,,,NO DETECTADO,NO DETECTADO,NO DETECTADO,no localizado,,No verificado,0,P3 - revisar alcance,SIN CLASIFICAR - fuente S6 necesaria,NO VALIDADA,https://raw.githubusercontent.com/sven-n/MuMain/21728b1e5b03e0763b38ef9e23f79645e0df7ad2/src/bin/Data/Effects/EffectTypes.json,https://raw.githubusercontent.com/sven-n/MuMain/21728b1e5b03e0763b38ef9e23f79645e0df7ad2/src/source/Render/Effects/Behaviors/MoveHandlers.cpp
newYearsDayEventHotPepperGreen,MODEL_NEWYEARSDAY_EVENT_HOTPEPPER_GREEN,NO,,,,NO DETECTADO,NO DETECTADO,NO DETECTADO,no localizado,,No verificado,0,P3 - revisar alcance,SIN CLASIFICAR - fuente S6 necesaria,NO VALIDADA,https://raw.githubusercontent.com/sven-n/MuMain/21728b1e5b03e0763b38ef9e23f79645e0df7ad2/src/bin/Data/Effects/EffectTypes.json,https://raw.githubusercontent.com/sven-n/MuMain/21728b1e5b03e0763b38ef9e23f79645e0df7ad2/src/source/Render/Effects/Behaviors/MoveHandlers.cpp
newYearsDayEventHotPepperRed,MODEL_NEWYEARSDAY_EVENT_HOTPEPPER_RED,NO,,,,NO DETECTADO,NO DETECTADO,NO DETECTADO,no localizado,,No verificado,0,P3 - revisar alcance,SIN CLASIFICAR - fuente S6 necesaria,NO VALIDADA,https://raw.githubusercontent.com/sven-n/MuMain/21728b1e5b03e0763b38ef9e23f79645e0df7ad2/src/bin/Data/Effects/EffectTypes.json,https://raw.githubusercontent.com/sven-n/MuMain/21728b1e5b03e0763b38ef9e23f79645e0df7ad2/src/source/Render/Effects/Behaviors/MoveHandlers.cpp
newYearsDayEventMoney,MODEL_NEWYEARSDAY_EVENT_MONEY,NO,,,,NO DETECTADO,NO DETECTADO,NO DETECTADO,no localizado,,No verificado,0,P3 - revisar alcance,SIN CLASIFICAR - fuente S6 necesaria,NO VALIDADA,https://raw.githubusercontent.com/sven-n/MuMain/21728b1e5b03e0763b38ef9e23f79645e0df7ad2/src/bin/Data/Effects/EffectTypes.json,https://raw.githubusercontent.com/sven-n/MuMain/21728b1e5b03e0763b38ef9e23f79645e0df7ad2/src/source/Render/Effects/Behaviors/MoveHandlers.cpp
newYearsDayEventPig,MODEL_NEWYEARSDAY_EVENT_PIG,NO,,,,NO DETECTADO,NO DETECTADO,NO DETECTADO,no localizado,,No verificado,0,P3 - revisar alcance,SIN CLASIFICAR - fuente S6 necesaria,NO VALIDADA,https://raw.githubusercontent.com/sven-n/MuMain/21728b1e5b03e0763b38ef9e23f79645e0df7ad2/src/bin/Data/Effects/EffectTypes.json,https://raw.githubusercontent.com/sven-n/MuMain/21728b1e5b03e0763b38ef9e23f79645e0df7ad2/src/source/Render/Effects/Behaviors/MoveHandlers.cpp
newYearsDayEventYut,MODEL_NEWYEARSDAY_EVENT_YUT,NO,,,,NO DETECTADO,NO DETECTADO,NO DETECTADO,no localizado,,No verificado,0,P3 - revisar alcance,SIN CLASIFICAR - fuente S6 necesaria,NO VALIDADA,https://raw.githubusercontent.com/sven-n/MuMain/21728b1e5b03e0763b38ef9e23f79645e0df7ad2/src/bin/Data/Effects/EffectTypes.json,https://raw.githubusercontent.com/sven-n/MuMain/21728b1e5b03e0763b38ef9e23f79645e0df7ad2/src/source/Render/Effects/Behaviors/MoveHandlers.cpp
nightWater1,MODEL_NIGHTWATER_01,NO,,,,NO DETECTADO,NO DETECTADO,NO DETECTADO,vida/movimiento,,No verificado,10,P2 - referencia nativa,SIN CLASIFICAR - fuente S6 necesaria,NO VALIDADA,https://raw.githubusercontent.com/sven-n/MuMain/21728b1e5b03e0763b38ef9e23f79645e0df7ad2/src/bin/Data/Effects/EffectTypes.json,https://raw.githubusercontent.com/sven-n/MuMain/21728b1e5b03e0763b38ef9e23f79645e0df7ad2/src/source/Render/Effects/Behaviors/MoveHandlers.cpp
orora,BITMAP_ORORA,NO,,,,NO DETECTADO,NO DETECTADO,NO DETECTADO,effect hijo|owner,,No verificado,0,P3 - revisar alcance,SIN CLASIFICAR - fuente S6 necesaria,NO VALIDADA,https://raw.githubusercontent.com/sven-n/MuMain/21728b1e5b03e0763b38ef9e23f79645e0df7ad2/src/bin/Data/Effects/EffectTypes.json,https://raw.githubusercontent.com/sven-n/MuMain/21728b1e5b03e0763b38ef9e23f79645e0df7ad2/src/source/Render/Effects/Behaviors/MoveHandlers.cpp
ourInfluenceGround,BITMAP_OUR_INFLUENCE_GROUND,SI,0,,,NO DETECTADO,NO DETECTADO,NO DETECTADO,owner,,No verificado,1,P3 - revisar alcance,SIN CLASIFICAR - fuente S6 necesaria,NO VALIDADA,https://raw.githubusercontent.com/sven-n/MuMain/21728b1e5b03e0763b38ef9e23f79645e0df7ad2/src/bin/Data/Effects/EffectTypes.json,https://raw.githubusercontent.com/sven-n/MuMain/21728b1e5b03e0763b38ef9e23f79645e0df7ad2/src/source/Render/Effects/Behaviors/MoveHandlers.cpp
panda,MODEL_PANDA,NO,,,,NO DETECTADO,NO DETECTADO,NO DETECTADO,no localizado,,No verificado,0,P3 - revisar alcance,SIN CLASIFICAR - fuente S6 necesaria,NO VALIDADA,https://raw.githubusercontent.com/sven-n/MuMain/21728b1e5b03e0763b38ef9e23f79645e0df7ad2/src/bin/Data/Effects/EffectTypes.json,https://raw.githubusercontent.com/sven-n/MuMain/21728b1e5b03e0763b38ef9e23f79645e0df7ad2/src/source/Render/Effects/Behaviors/MoveHandlers.cpp
phoenixShot,MODEL_PHOENIX_SHOT,NO,,,,NO DETECTADO,NO DETECTADO,NO DETECTADO,no localizado,,No verificado,0,P3 - revisar alcance,SIN CLASIFICAR - fuente S6 necesaria,NO VALIDADA,https://raw.githubusercontent.com/sven-n/MuMain/21728b1e5b03e0763b38ef9e23f79645e0df7ad2/src/bin/Data/Effects/EffectTypes.json,https://raw.githubusercontent.com/sven-n/MuMain/21728b1e5b03e0763b38ef9e23f79645e0df7ad2/src/source/Render/Effects/Behaviors/MoveHandlers.cpp
pierPart,MODEL_PIER_PART,NO,,,,NO DETECTADO,NO DETECTADO,NO DETECTADO,joint|effect hijo|owner,,No verificado,1,P3 - revisar alcance,SIN CLASIFICAR - fuente S6 necesaria,NO VALIDADA,https://raw.githubusercontent.com/sven-n/MuMain/21728b1e5b03e0763b38ef9e23f79645e0df7ad2/src/bin/Data/Effects/EffectTypes.json,https://raw.githubusercontent.com/sven-n/MuMain/21728b1e5b03e0763b38ef9e23f79645e0df7ad2/src/source/Render/Effects/Behaviors/MoveHandlers.cpp
piercing,MODEL_PIERCING,NO,,,,NO DETECTADO,NO DETECTADO,NO DETECTADO,sprite|joint|terreno|owner,,No verificado,7,P1 - verificar S6,SIN CLASIFICAR - fuente S6 necesaria,NO VALIDADA,https://raw.githubusercontent.com/sven-n/MuMain/21728b1e5b03e0763b38ef9e23f79645e0df7ad2/src/bin/Data/Effects/EffectTypes.json,https://raw.githubusercontent.com/sven-n/MuMain/21728b1e5b03e0763b38ef9e23f79645e0df7ad2/src/source/Render/Effects/Behaviors/MoveHandlers.cpp
piercing2,MODEL_PIERCING2,SI,1|2,,,NO DETECTADO,NO DETECTADO,NO DETECTADO,effect hijo,,No verificado,0,P3 - revisar alcance,SIN CLASIFICAR - fuente S6 necesaria,NO VALIDADA,https://raw.githubusercontent.com/sven-n/MuMain/21728b1e5b03e0763b38ef9e23f79645e0df7ad2/src/bin/Data/Effects/EffectTypes.json,https://raw.githubusercontent.com/sven-n/MuMain/21728b1e5b03e0763b38ef9e23f79645e0df7ad2/src/source/Render/Effects/Behaviors/MoveHandlers.cpp
piercingFire,MODEL_PIERCING+1,NO,,,,NO DETECTADO,NO DETECTADO,NO DETECTADO,no localizado,,No verificado,0,P3 - revisar alcance,SIN CLASIFICAR - fuente S6 necesaria,NO VALIDADA,https://raw.githubusercontent.com/sven-n/MuMain/21728b1e5b03e0763b38ef9e23f79645e0df7ad2/src/bin/Data/Effects/EffectTypes.json,https://raw.githubusercontent.com/sven-n/MuMain/21728b1e5b03e0763b38ef9e23f79645e0df7ad2/src/source/Render/Effects/Behaviors/MoveHandlers.cpp
pinLight,BITMAP_PIN_LIGHT,NO,,,,NO DETECTADO,NO DETECTADO,NO DETECTADO,modelo/bone|sprite|particle|owner,,No verificado,0,P3 - revisar alcance,SIN CLASIFICAR - fuente S6 necesaria,NO VALIDADA,https://raw.githubusercontent.com/sven-n/MuMain/21728b1e5b03e0763b38ef9e23f79645e0df7ad2/src/bin/Data/Effects/EffectTypes.json,https://raw.githubusercontent.com/sven-n/MuMain/21728b1e5b03e0763b38ef9e23f79645e0df7ad2/src/source/Render/Effects/Behaviors/MoveHandlers.cpp
pkFieldAssassinEffectGreenBody,MODEL_PKFIELD_ASSASSIN_EFFECT_GREEN_BODY,NO,,,,NO DETECTADO,NO DETECTADO,NO DETECTADO,vida/movimiento,,No verificado,0,P3 - revisar alcance,SIN CLASIFICAR - fuente S6 necesaria,NO VALIDADA,https://raw.githubusercontent.com/sven-n/MuMain/21728b1e5b03e0763b38ef9e23f79645e0df7ad2/src/bin/Data/Effects/EffectTypes.json,https://raw.githubusercontent.com/sven-n/MuMain/21728b1e5b03e0763b38ef9e23f79645e0df7ad2/src/source/Render/Effects/Behaviors/MoveHandlers.cpp
pkFieldAssassinEffectGreenHead,MODEL_PKFIELD_ASSASSIN_EFFECT_GREEN_HEAD,NO,,,,NO DETECTADO,NO DETECTADO,NO DETECTADO,effect hijo|terreno,,No verificado,0,P3 - revisar alcance,SIN CLASIFICAR - fuente S6 necesaria,NO VALIDADA,https://raw.githubusercontent.com/sven-n/MuMain/21728b1e5b03e0763b38ef9e23f79645e0df7ad2/src/bin/Data/Effects/EffectTypes.json,https://raw.githubusercontent.com/sven-n/MuMain/21728b1e5b03e0763b38ef9e23f79645e0df7ad2/src/source/Render/Effects/Behaviors/MoveHandlers.cpp
pkFieldAssassinEffectRedBody,MODEL_PKFIELD_ASSASSIN_EFFECT_RED_BODY,NO,,,,NO DETECTADO,NO DETECTADO,NO DETECTADO,no localizado,,No verificado,0,P3 - revisar alcance,SIN CLASIFICAR - fuente S6 necesaria,NO VALIDADA,https://raw.githubusercontent.com/sven-n/MuMain/21728b1e5b03e0763b38ef9e23f79645e0df7ad2/src/bin/Data/Effects/EffectTypes.json,https://raw.githubusercontent.com/sven-n/MuMain/21728b1e5b03e0763b38ef9e23f79645e0df7ad2/src/source/Render/Effects/Behaviors/MoveHandlers.cpp
pkFieldAssassinEffectRedHead,MODEL_PKFIELD_ASSASSIN_EFFECT_RED_HEAD,NO,,,,NO DETECTADO,NO DETECTADO,NO DETECTADO,no localizado,,No verificado,0,P3 - revisar alcance,SIN CLASIFICAR - fuente S6 necesaria,NO VALIDADA,https://raw.githubusercontent.com/sven-n/MuMain/21728b1e5b03e0763b38ef9e23f79645e0df7ad2/src/bin/Data/Effects/EffectTypes.json,https://raw.githubusercontent.com/sven-n/MuMain/21728b1e5b03e0763b38ef9e23f79645e0df7ad2/src/source/Render/Effects/Behaviors/MoveHandlers.cpp
poison,MODEL_POISON,SI,no especificados en metadatos,0,Poison,SI (catalogo local),SI (ruta definida),SI (BMD compartido),"modelo, terreno",Skill/Poison01.bmd,No comprobado,0,P0 - regresion,SIN CLASIFICAR - fuente S6 necesaria,NO VALIDADA,https://raw.githubusercontent.com/sven-n/MuMain/21728b1e5b03e0763b38ef9e23f79645e0df7ad2/src/bin/Data/Effects/EffectTypes.json,https://raw.githubusercontent.com/sven-n/MuMain/21728b1e5b03e0763b38ef9e23f79645e0df7ad2/src/source/Render/Effects/Behaviors/MoveHandlers.cpp
projectile,MODEL_PROJECTILE,SI,no especificados en metadatos,,,NO DETECTADO,NO DETECTADO,NO DETECTADO,modelo/bone|owner,,No verificado,0,P3 - revisar alcance,SIN CLASIFICAR - fuente S6 necesaria,NO VALIDADA,https://raw.githubusercontent.com/sven-n/MuMain/21728b1e5b03e0763b38ef9e23f79645e0df7ad2/src/bin/Data/Effects/EffectTypes.json,https://raw.githubusercontent.com/sven-n/MuMain/21728b1e5b03e0763b38ef9e23f79645e0df7ad2/src/source/Render/Effects/Behaviors/MoveHandlers.cpp
protect,MODEL_PROTECT,SI,no especificados en metadatos,,,NO DETECTADO,NO DETECTADO,NO DETECTADO,owner,,No verificado,0,P3 - revisar alcance,SIN CLASIFICAR - fuente S6 necesaria,NO VALIDADA,https://raw.githubusercontent.com/sven-n/MuMain/21728b1e5b03e0763b38ef9e23f79645e0df7ad2/src/bin/Data/Effects/EffectTypes.json,https://raw.githubusercontent.com/sven-n/MuMain/21728b1e5b03e0763b38ef9e23f79645e0df7ad2/src/source/Render/Effects/Behaviors/MoveHandlers.cpp
protectGuild,MODEL_PROTECTGUILD,NO,,,,NO DETECTADO,NO DETECTADO,NO DETECTADO,modelo/bone|particle|owner,,No verificado,0,P3 - revisar alcance,SIN CLASIFICAR - fuente S6 necesaria,NO VALIDADA,https://raw.githubusercontent.com/sven-n/MuMain/21728b1e5b03e0763b38ef9e23f79645e0df7ad2/src/bin/Data/Effects/EffectTypes.json,https://raw.githubusercontent.com/sven-n/MuMain/21728b1e5b03e0763b38ef9e23f79645e0df7ad2/src/source/Render/Effects/Behaviors/MoveHandlers.cpp
raklionBossCrackEffect,MODEL_RAKLION_BOSS_CRACKEFFECT,NO,,,,NO DETECTADO,NO DETECTADO,NO DETECTADO,vida/movimiento,,No verificado,2,P2 - referencia nativa,SIN CLASIFICAR - fuente S6 necesaria,NO VALIDADA,https://raw.githubusercontent.com/sven-n/MuMain/21728b1e5b03e0763b38ef9e23f79645e0df7ad2/src/bin/Data/Effects/EffectTypes.json,https://raw.githubusercontent.com/sven-n/MuMain/21728b1e5b03e0763b38ef9e23f79645e0df7ad2/src/source/Render/Effects/Behaviors/MoveHandlers.cpp
raklionBossMagic,MODEL_RAKLION_BOSS_MAGIC,SI,0,,,NO DETECTADO,NO DETECTADO,NO DETECTADO,vida/movimiento,,No verificado,0,P3 - revisar alcance,SIN CLASIFICAR - fuente S6 necesaria,NO VALIDADA,https://raw.githubusercontent.com/sven-n/MuMain/21728b1e5b03e0763b38ef9e23f79645e0df7ad2/src/bin/Data/Effects/EffectTypes.json,https://raw.githubusercontent.com/sven-n/MuMain/21728b1e5b03e0763b38ef9e23f79645e0df7ad2/src/source/Render/Effects/Behaviors/MoveHandlers.cpp
ring,BITMAP_SHINY+4,SI,no especificados en metadatos,,,NO DETECTADO,NO DETECTADO,NO DETECTADO,no localizado,,No verificado,1,P3 - revisar alcance,SIN CLASIFICAR - fuente S6 necesaria,NO VALIDADA,https://raw.githubusercontent.com/sven-n/MuMain/21728b1e5b03e0763b38ef9e23f79645e0df7ad2/src/bin/Data/Effects/EffectTypes.json,https://raw.githubusercontent.com/sven-n/MuMain/21728b1e5b03e0763b38ef9e23f79645e0df7ad2/src/source/Render/Effects/Behaviors/MoveHandlers.cpp
ringOfGradation,BITMAP_RING_OF_GRADATION,SI,0,,,NO DETECTADO,NO DETECTADO,NO DETECTADO,no localizado,,No verificado,1,P3 - revisar alcance,SIN CLASIFICAR - fuente S6 necesaria,NO VALIDADA,https://raw.githubusercontent.com/sven-n/MuMain/21728b1e5b03e0763b38ef9e23f79645e0df7ad2/src/bin/Data/Effects/EffectTypes.json,https://raw.githubusercontent.com/sven-n/MuMain/21728b1e5b03e0763b38ef9e23f79645e0df7ad2/src/source/Render/Effects/Behaviors/MoveHandlers.cpp
saw,MODEL_SAW,NO,,,,NO DETECTADO,NO DETECTADO,NO DETECTADO,vida/movimiento,,No verificado,0,P3 - revisar alcance,SIN CLASIFICAR - fuente S6 necesaria,NO VALIDADA,https://raw.githubusercontent.com/sven-n/MuMain/21728b1e5b03e0763b38ef9e23f79645e0df7ad2/src/bin/Data/Effects/EffectTypes.json,https://raw.githubusercontent.com/sven-n/MuMain/21728b1e5b03e0763b38ef9e23f79645e0df7ad2/src/source/Render/Effects/Behaviors/MoveHandlers.cpp
sbumb,BITMAP_SBUMB,NO,,,,NO DETECTADO,NO DETECTADO,NO DETECTADO,particle|owner,,No verificado,0,P3 - revisar alcance,SIN CLASIFICAR - fuente S6 necesaria,NO VALIDADA,https://raw.githubusercontent.com/sven-n/MuMain/21728b1e5b03e0763b38ef9e23f79645e0df7ad2/src/bin/Data/Effects/EffectTypes.json,https://raw.githubusercontent.com/sven-n/MuMain/21728b1e5b03e0763b38ef9e23f79645e0df7ad2/src/source/Render/Effects/Behaviors/MoveHandlers.cpp
shadowKnightAnkleLeft,MODEL_SHADOW_KNIGHT_ANKLE_LEFT,NO,,,,NO DETECTADO,NO DETECTADO,NO DETECTADO,no localizado,,No verificado,0,P3 - revisar alcance,SIN CLASIFICAR - fuente S6 necesaria,NO VALIDADA,https://raw.githubusercontent.com/sven-n/MuMain/21728b1e5b03e0763b38ef9e23f79645e0df7ad2/src/bin/Data/Effects/EffectTypes.json,https://raw.githubusercontent.com/sven-n/MuMain/21728b1e5b03e0763b38ef9e23f79645e0df7ad2/src/source/Render/Effects/Behaviors/MoveHandlers.cpp
shadowKnightAnkleRight,MODEL_SHADOW_KNIGHT_ANKLE_RIGHT,NO,,,,NO DETECTADO,NO DETECTADO,NO DETECTADO,no localizado,,No verificado,0,P3 - revisar alcance,SIN CLASIFICAR - fuente S6 necesaria,NO VALIDADA,https://raw.githubusercontent.com/sven-n/MuMain/21728b1e5b03e0763b38ef9e23f79645e0df7ad2/src/bin/Data/Effects/EffectTypes.json,https://raw.githubusercontent.com/sven-n/MuMain/21728b1e5b03e0763b38ef9e23f79645e0df7ad2/src/source/Render/Effects/Behaviors/MoveHandlers.cpp
shadowKnightBelt,MODEL_SHADOW_KNIGHT_BELT,NO,,,,NO DETECTADO,NO DETECTADO,NO DETECTADO,no localizado,,No verificado,0,P3 - revisar alcance,SIN CLASIFICAR - fuente S6 necesaria,NO VALIDADA,https://raw.githubusercontent.com/sven-n/MuMain/21728b1e5b03e0763b38ef9e23f79645e0df7ad2/src/bin/Data/Effects/EffectTypes.json,https://raw.githubusercontent.com/sven-n/MuMain/21728b1e5b03e0763b38ef9e23f79645e0df7ad2/src/source/Render/Effects/Behaviors/MoveHandlers.cpp
shadowKnightChest,MODEL_SHADOW_KNIGHT_CHEST,NO,,,,NO DETECTADO,NO DETECTADO,NO DETECTADO,no localizado,,No verificado,0,P3 - revisar alcance,SIN CLASIFICAR - fuente S6 necesaria,NO VALIDADA,https://raw.githubusercontent.com/sven-n/MuMain/21728b1e5b03e0763b38ef9e23f79645e0df7ad2/src/bin/Data/Effects/EffectTypes.json,https://raw.githubusercontent.com/sven-n/MuMain/21728b1e5b03e0763b38ef9e23f79645e0df7ad2/src/source/Render/Effects/Behaviors/MoveHandlers.cpp
shadowKnightHelmet,MODEL_SHADOW_KNIGHT_HELMET,NO,,,,NO DETECTADO,NO DETECTADO,NO DETECTADO,no localizado,,No verificado,0,P3 - revisar alcance,SIN CLASIFICAR - fuente S6 necesaria,NO VALIDADA,https://raw.githubusercontent.com/sven-n/MuMain/21728b1e5b03e0763b38ef9e23f79645e0df7ad2/src/bin/Data/Effects/EffectTypes.json,https://raw.githubusercontent.com/sven-n/MuMain/21728b1e5b03e0763b38ef9e23f79645e0df7ad2/src/source/Render/Effects/Behaviors/MoveHandlers.cpp
shadowKnightKneeLeft,MODEL_SHADOW_KNIGHT_KNEE_LEFT,NO,,,,NO DETECTADO,NO DETECTADO,NO DETECTADO,no localizado,,No verificado,0,P3 - revisar alcance,SIN CLASIFICAR - fuente S6 necesaria,NO VALIDADA,https://raw.githubusercontent.com/sven-n/MuMain/21728b1e5b03e0763b38ef9e23f79645e0df7ad2/src/bin/Data/Effects/EffectTypes.json,https://raw.githubusercontent.com/sven-n/MuMain/21728b1e5b03e0763b38ef9e23f79645e0df7ad2/src/source/Render/Effects/Behaviors/MoveHandlers.cpp
shadowKnightKneeRight,MODEL_SHADOW_KNIGHT_KNEE_RIGHT,NO,,,,NO DETECTADO,NO DETECTADO,NO DETECTADO,no localizado,,No verificado,0,P3 - revisar alcance,SIN CLASIFICAR - fuente S6 necesaria,NO VALIDADA,https://raw.githubusercontent.com/sven-n/MuMain/21728b1e5b03e0763b38ef9e23f79645e0df7ad2/src/bin/Data/Effects/EffectTypes.json,https://raw.githubusercontent.com/sven-n/MuMain/21728b1e5b03e0763b38ef9e23f79645e0df7ad2/src/source/Render/Effects/Behaviors/MoveHandlers.cpp
shadowKnightWristLeft,MODEL_SHADOW_KNIGHT_WRIST_LEFT,NO,,,,NO DETECTADO,NO DETECTADO,NO DETECTADO,no localizado,,No verificado,0,P3 - revisar alcance,SIN CLASIFICAR - fuente S6 necesaria,NO VALIDADA,https://raw.githubusercontent.com/sven-n/MuMain/21728b1e5b03e0763b38ef9e23f79645e0df7ad2/src/bin/Data/Effects/EffectTypes.json,https://raw.githubusercontent.com/sven-n/MuMain/21728b1e5b03e0763b38ef9e23f79645e0df7ad2/src/source/Render/Effects/Behaviors/MoveHandlers.cpp
shadowKnightWristRight,MODEL_SHADOW_KNIGHT_WRIST_RIGHT,NO,,,,NO DETECTADO,NO DETECTADO,NO DETECTADO,no localizado,,No verificado,0,P3 - revisar alcance,SIN CLASIFICAR - fuente S6 necesaria,NO VALIDADA,https://raw.githubusercontent.com/sven-n/MuMain/21728b1e5b03e0763b38ef9e23f79645e0df7ad2/src/bin/Data/Effects/EffectTypes.json,https://raw.githubusercontent.com/sven-n/MuMain/21728b1e5b03e0763b38ef9e23f79645e0df7ad2/src/source/Render/Effects/Behaviors/MoveHandlers.cpp
shadowPawnAnkleLeft,MODEL_SHADOW_PAWN_ANKLE_LEFT,NO,,,,NO DETECTADO,NO DETECTADO,NO DETECTADO,no localizado,,No verificado,0,P3 - revisar alcance,SIN CLASIFICAR - fuente S6 necesaria,NO VALIDADA,https://raw.githubusercontent.com/sven-n/MuMain/21728b1e5b03e0763b38ef9e23f79645e0df7ad2/src/bin/Data/Effects/EffectTypes.json,https://raw.githubusercontent.com/sven-n/MuMain/21728b1e5b03e0763b38ef9e23f79645e0df7ad2/src/source/Render/Effects/Behaviors/MoveHandlers.cpp
shadowPawnAnkleRight,MODEL_SHADOW_PAWN_ANKLE_RIGHT,NO,,,,NO DETECTADO,NO DETECTADO,NO DETECTADO,no localizado,,No verificado,0,P3 - revisar alcance,SIN CLASIFICAR - fuente S6 necesaria,NO VALIDADA,https://raw.githubusercontent.com/sven-n/MuMain/21728b1e5b03e0763b38ef9e23f79645e0df7ad2/src/bin/Data/Effects/EffectTypes.json,https://raw.githubusercontent.com/sven-n/MuMain/21728b1e5b03e0763b38ef9e23f79645e0df7ad2/src/source/Render/Effects/Behaviors/MoveHandlers.cpp
shadowPawnBelt,MODEL_SHADOW_PAWN_BELT,NO,,,,NO DETECTADO,NO DETECTADO,NO DETECTADO,no localizado,,No verificado,0,P3 - revisar alcance,SIN CLASIFICAR - fuente S6 necesaria,NO VALIDADA,https://raw.githubusercontent.com/sven-n/MuMain/21728b1e5b03e0763b38ef9e23f79645e0df7ad2/src/bin/Data/Effects/EffectTypes.json,https://raw.githubusercontent.com/sven-n/MuMain/21728b1e5b03e0763b38ef9e23f79645e0df7ad2/src/source/Render/Effects/Behaviors/MoveHandlers.cpp
shadowPawnChest,MODEL_SHADOW_PAWN_CHEST,NO,,,,NO DETECTADO,NO DETECTADO,NO DETECTADO,no localizado,,No verificado,0,P3 - revisar alcance,SIN CLASIFICAR - fuente S6 necesaria,NO VALIDADA,https://raw.githubusercontent.com/sven-n/MuMain/21728b1e5b03e0763b38ef9e23f79645e0df7ad2/src/bin/Data/Effects/EffectTypes.json,https://raw.githubusercontent.com/sven-n/MuMain/21728b1e5b03e0763b38ef9e23f79645e0df7ad2/src/source/Render/Effects/Behaviors/MoveHandlers.cpp
shadowPawnHelmet,MODEL_SHADOW_PAWN_HELMET,NO,,,,NO DETECTADO,NO DETECTADO,NO DETECTADO,no localizado,,No verificado,0,P3 - revisar alcance,SIN CLASIFICAR - fuente S6 necesaria,NO VALIDADA,https://raw.githubusercontent.com/sven-n/MuMain/21728b1e5b03e0763b38ef9e23f79645e0df7ad2/src/bin/Data/Effects/EffectTypes.json,https://raw.githubusercontent.com/sven-n/MuMain/21728b1e5b03e0763b38ef9e23f79645e0df7ad2/src/source/Render/Effects/Behaviors/MoveHandlers.cpp
shadowPawnKneeLeft,MODEL_SHADOW_PAWN_KNEE_LEFT,NO,,,,NO DETECTADO,NO DETECTADO,NO DETECTADO,no localizado,,No verificado,0,P3 - revisar alcance,SIN CLASIFICAR - fuente S6 necesaria,NO VALIDADA,https://raw.githubusercontent.com/sven-n/MuMain/21728b1e5b03e0763b38ef9e23f79645e0df7ad2/src/bin/Data/Effects/EffectTypes.json,https://raw.githubusercontent.com/sven-n/MuMain/21728b1e5b03e0763b38ef9e23f79645e0df7ad2/src/source/Render/Effects/Behaviors/MoveHandlers.cpp
shadowPawnKneeRight,MODEL_SHADOW_PAWN_KNEE_RIGHT,NO,,,,NO DETECTADO,NO DETECTADO,NO DETECTADO,no localizado,,No verificado,0,P3 - revisar alcance,SIN CLASIFICAR - fuente S6 necesaria,NO VALIDADA,https://raw.githubusercontent.com/sven-n/MuMain/21728b1e5b03e0763b38ef9e23f79645e0df7ad2/src/bin/Data/Effects/EffectTypes.json,https://raw.githubusercontent.com/sven-n/MuMain/21728b1e5b03e0763b38ef9e23f79645e0df7ad2/src/source/Render/Effects/Behaviors/MoveHandlers.cpp
shadowPawnWristLeft,MODEL_SHADOW_PAWN_WRIST_LEFT,NO,,,,NO DETECTADO,NO DETECTADO,NO DETECTADO,no localizado,,No verificado,0,P3 - revisar alcance,SIN CLASIFICAR - fuente S6 necesaria,NO VALIDADA,https://raw.githubusercontent.com/sven-n/MuMain/21728b1e5b03e0763b38ef9e23f79645e0df7ad2/src/bin/Data/Effects/EffectTypes.json,https://raw.githubusercontent.com/sven-n/MuMain/21728b1e5b03e0763b38ef9e23f79645e0df7ad2/src/source/Render/Effects/Behaviors/MoveHandlers.cpp
shadowPawnWristRight,MODEL_SHADOW_PAWN_WRIST_RIGHT,NO,,,,NO DETECTADO,NO DETECTADO,NO DETECTADO,no localizado,,No verificado,0,P3 - revisar alcance,SIN CLASIFICAR - fuente S6 necesaria,NO VALIDADA,https://raw.githubusercontent.com/sven-n/MuMain/21728b1e5b03e0763b38ef9e23f79645e0df7ad2/src/bin/Data/Effects/EffectTypes.json,https://raw.githubusercontent.com/sven-n/MuMain/21728b1e5b03e0763b38ef9e23f79645e0df7ad2/src/source/Render/Effects/Behaviors/MoveHandlers.cpp
shadowRookAnkleLeft,MODEL_SHADOW_ROOK_ANKLE_LEFT,NO,,,,NO DETECTADO,NO DETECTADO,NO DETECTADO,no localizado,,No verificado,0,P3 - revisar alcance,SIN CLASIFICAR - fuente S6 necesaria,NO VALIDADA,https://raw.githubusercontent.com/sven-n/MuMain/21728b1e5b03e0763b38ef9e23f79645e0df7ad2/src/bin/Data/Effects/EffectTypes.json,https://raw.githubusercontent.com/sven-n/MuMain/21728b1e5b03e0763b38ef9e23f79645e0df7ad2/src/source/Render/Effects/Behaviors/MoveHandlers.cpp
shadowRookAnkleRight,MODEL_SHADOW_ROOK_ANKLE_RIGHT,NO,,,,NO DETECTADO,NO DETECTADO,NO DETECTADO,no localizado,,No verificado,0,P3 - revisar alcance,SIN CLASIFICAR - fuente S6 necesaria,NO VALIDADA,https://raw.githubusercontent.com/sven-n/MuMain/21728b1e5b03e0763b38ef9e23f79645e0df7ad2/src/bin/Data/Effects/EffectTypes.json,https://raw.githubusercontent.com/sven-n/MuMain/21728b1e5b03e0763b38ef9e23f79645e0df7ad2/src/source/Render/Effects/Behaviors/MoveHandlers.cpp
shadowRookBelt,MODEL_SHADOW_ROOK_BELT,NO,,,,NO DETECTADO,NO DETECTADO,NO DETECTADO,no localizado,,No verificado,0,P3 - revisar alcance,SIN CLASIFICAR - fuente S6 necesaria,NO VALIDADA,https://raw.githubusercontent.com/sven-n/MuMain/21728b1e5b03e0763b38ef9e23f79645e0df7ad2/src/bin/Data/Effects/EffectTypes.json,https://raw.githubusercontent.com/sven-n/MuMain/21728b1e5b03e0763b38ef9e23f79645e0df7ad2/src/source/Render/Effects/Behaviors/MoveHandlers.cpp
shadowRookChest,MODEL_SHADOW_ROOK_CHEST,NO,,,,NO DETECTADO,NO DETECTADO,NO DETECTADO,no localizado,,No verificado,0,P3 - revisar alcance,SIN CLASIFICAR - fuente S6 necesaria,NO VALIDADA,https://raw.githubusercontent.com/sven-n/MuMain/21728b1e5b03e0763b38ef9e23f79645e0df7ad2/src/bin/Data/Effects/EffectTypes.json,https://raw.githubusercontent.com/sven-n/MuMain/21728b1e5b03e0763b38ef9e23f79645e0df7ad2/src/source/Render/Effects/Behaviors/MoveHandlers.cpp
shadowRookHelmet,MODEL_SHADOW_ROOK_HELMET,NO,,,,NO DETECTADO,NO DETECTADO,NO DETECTADO,no localizado,,No verificado,0,P3 - revisar alcance,SIN CLASIFICAR - fuente S6 necesaria,NO VALIDADA,https://raw.githubusercontent.com/sven-n/MuMain/21728b1e5b03e0763b38ef9e23f79645e0df7ad2/src/bin/Data/Effects/EffectTypes.json,https://raw.githubusercontent.com/sven-n/MuMain/21728b1e5b03e0763b38ef9e23f79645e0df7ad2/src/source/Render/Effects/Behaviors/MoveHandlers.cpp
shadowRookKneeLeft,MODEL_SHADOW_ROOK_KNEE_LEFT,NO,,,,NO DETECTADO,NO DETECTADO,NO DETECTADO,no localizado,,No verificado,0,P3 - revisar alcance,SIN CLASIFICAR - fuente S6 necesaria,NO VALIDADA,https://raw.githubusercontent.com/sven-n/MuMain/21728b1e5b03e0763b38ef9e23f79645e0df7ad2/src/bin/Data/Effects/EffectTypes.json,https://raw.githubusercontent.com/sven-n/MuMain/21728b1e5b03e0763b38ef9e23f79645e0df7ad2/src/source/Render/Effects/Behaviors/MoveHandlers.cpp
shadowRookKneeRight,MODEL_SHADOW_ROOK_KNEE_RIGHT,NO,,,,NO DETECTADO,NO DETECTADO,NO DETECTADO,no localizado,,No verificado,0,P3 - revisar alcance,SIN CLASIFICAR - fuente S6 necesaria,NO VALIDADA,https://raw.githubusercontent.com/sven-n/MuMain/21728b1e5b03e0763b38ef9e23f79645e0df7ad2/src/bin/Data/Effects/EffectTypes.json,https://raw.githubusercontent.com/sven-n/MuMain/21728b1e5b03e0763b38ef9e23f79645e0df7ad2/src/source/Render/Effects/Behaviors/MoveHandlers.cpp
shadowRookWristLeft,MODEL_SHADOW_ROOK_WRIST_LEFT,NO,,,,NO DETECTADO,NO DETECTADO,NO DETECTADO,no localizado,,No verificado,0,P3 - revisar alcance,SIN CLASIFICAR - fuente S6 necesaria,NO VALIDADA,https://raw.githubusercontent.com/sven-n/MuMain/21728b1e5b03e0763b38ef9e23f79645e0df7ad2/src/bin/Data/Effects/EffectTypes.json,https://raw.githubusercontent.com/sven-n/MuMain/21728b1e5b03e0763b38ef9e23f79645e0df7ad2/src/source/Render/Effects/Behaviors/MoveHandlers.cpp
shadowRookWristRight,MODEL_SHADOW_ROOK_WRIST_RIGHT,NO,,,,NO DETECTADO,NO DETECTADO,NO DETECTADO,no localizado,,No verificado,0,P3 - revisar alcance,SIN CLASIFICAR - fuente S6 necesaria,NO VALIDADA,https://raw.githubusercontent.com/sven-n/MuMain/21728b1e5b03e0763b38ef9e23f79645e0df7ad2/src/bin/Data/Effects/EffectTypes.json,https://raw.githubusercontent.com/sven-n/MuMain/21728b1e5b03e0763b38ef9e23f79645e0df7ad2/src/source/Render/Effects/Behaviors/MoveHandlers.cpp
shieldCrash,MODEL_SHIELD_CRASH,NO,,,,NO DETECTADO,NO DETECTADO,NO DETECTADO,particle|effect hijo|owner,,No verificado,0,P3 - revisar alcance,SIN CLASIFICAR - fuente S6 necesaria,NO VALIDADA,https://raw.githubusercontent.com/sven-n/MuMain/21728b1e5b03e0763b38ef9e23f79645e0df7ad2/src/bin/Data/Effects/EffectTypes.json,https://raw.githubusercontent.com/sven-n/MuMain/21728b1e5b03e0763b38ef9e23f79645e0df7ad2/src/source/Render/Effects/Behaviors/MoveHandlers.cpp
shieldCrash2,MODEL_SHIELD_CRASH2,SI,no especificados en metadatos,,,NO DETECTADO,NO DETECTADO,NO DETECTADO,owner,,No verificado,1,P3 - revisar alcance,SIN CLASIFICAR - fuente S6 necesaria,NO VALIDADA,https://raw.githubusercontent.com/sven-n/MuMain/21728b1e5b03e0763b38ef9e23f79645e0df7ad2/src/bin/Data/Effects/EffectTypes.json,https://raw.githubusercontent.com/sven-n/MuMain/21728b1e5b03e0763b38ef9e23f79645e0df7ad2/src/source/Render/Effects/Behaviors/MoveHandlers.cpp
shine,MODEL_SHINE,NO,,,,NO DETECTADO,NO DETECTADO,NO DETECTADO,particle|owner,,No verificado,0,P3 - revisar alcance,SIN CLASIFICAR - fuente S6 necesaria,NO VALIDADA,https://raw.githubusercontent.com/sven-n/MuMain/21728b1e5b03e0763b38ef9e23f79645e0df7ad2/src/bin/Data/Effects/EffectTypes.json,https://raw.githubusercontent.com/sven-n/MuMain/21728b1e5b03e0763b38ef9e23f79645e0df7ad2/src/source/Render/Effects/Behaviors/MoveHandlers.cpp
shiny5,BITMAP_SHINY+6,SI,0|1|2|3,,,NO DETECTADO,NO DETECTADO,NO DETECTADO,no localizado,,No verificado,0,P3 - revisar alcance,SIN CLASIFICAR - fuente S6 necesaria,NO VALIDADA,https://raw.githubusercontent.com/sven-n/MuMain/21728b1e5b03e0763b38ef9e23f79645e0df7ad2/src/bin/Data/Effects/EffectTypes.json,https://raw.githubusercontent.com/sven-n/MuMain/21728b1e5b03e0763b38ef9e23f79645e0df7ad2/src/source/Render/Effects/Behaviors/MoveHandlers.cpp
shockWave,BITMAP_SHOCK_WAVE,NO,,14,ShockWave,SI (catalogo local),SI (ruta definida),SI (terreno compartido),"textura, terreno, owner",,No verificado,13,P0 - regresion,SIN CLASIFICAR - fuente S6 necesaria,NO VALIDADA,https://raw.githubusercontent.com/sven-n/MuMain/21728b1e5b03e0763b38ef9e23f79645e0df7ad2/src/bin/Data/Effects/EffectTypes.json,https://raw.githubusercontent.com/sven-n/MuMain/21728b1e5b03e0763b38ef9e23f79645e0df7ad2/src/source/Render/Effects/Behaviors/MoveHandlers.cpp
shockWave1,MODEL_SHOCKWAVE01,NO,,,,NO DETECTADO,NO DETECTADO,NO DETECTADO,vida/movimiento,,No verificado,3,P1 - verificar S6,SIN CLASIFICAR - fuente S6 necesaria,NO VALIDADA,https://raw.githubusercontent.com/sven-n/MuMain/21728b1e5b03e0763b38ef9e23f79645e0df7ad2/src/bin/Data/Effects/EffectTypes.json,https://raw.githubusercontent.com/sven-n/MuMain/21728b1e5b03e0763b38ef9e23f79645e0df7ad2/src/source/Render/Effects/Behaviors/MoveHandlers.cpp
shockWave2,MODEL_SHOCKWAVE02,NO,,,,NO DETECTADO,NO DETECTADO,NO DETECTADO,vida/movimiento,,No verificado,1,P3 - revisar alcance,SIN CLASIFICAR - fuente S6 necesaria,NO VALIDADA,https://raw.githubusercontent.com/sven-n/MuMain/21728b1e5b03e0763b38ef9e23f79645e0df7ad2/src/bin/Data/Effects/EffectTypes.json,https://raw.githubusercontent.com/sven-n/MuMain/21728b1e5b03e0763b38ef9e23f79645e0df7ad2/src/source/Render/Effects/Behaviors/MoveHandlers.cpp
shockWaveGround1,MODEL_SHOCKWAVE_GROUND01,SI,0|2,,,NO DETECTADO,NO DETECTADO,NO DETECTADO,vida/movimiento,,No verificado,2,P1 - verificar S6,SIN CLASIFICAR - fuente S6 necesaria,NO VALIDADA,https://raw.githubusercontent.com/sven-n/MuMain/21728b1e5b03e0763b38ef9e23f79645e0df7ad2/src/bin/Data/Effects/EffectTypes.json,https://raw.githubusercontent.com/sven-n/MuMain/21728b1e5b03e0763b38ef9e23f79645e0df7ad2/src/source/Render/Effects/Behaviors/MoveHandlers.cpp
shockWaveSpin1,MODEL_SHOCKWAVE_SPIN01,NO,,,,NO DETECTADO,NO DETECTADO,NO DETECTADO,vida/movimiento,,No verificado,2,P1 - verificar S6,SIN CLASIFICAR - fuente S6 necesaria,NO VALIDADA,https://raw.githubusercontent.com/sven-n/MuMain/21728b1e5b03e0763b38ef9e23f79645e0df7ad2/src/bin/Data/Effects/EffectTypes.json,https://raw.githubusercontent.com/sven-n/MuMain/21728b1e5b03e0763b38ef9e23f79645e0df7ad2/src/source/Render/Effects/Behaviors/MoveHandlers.cpp
shotgun,BITMAP_SHOTGUN,NO,,,,NO DETECTADO,NO DETECTADO,NO DETECTADO,particle|terreno,,No verificado,0,P3 - revisar alcance,SIN CLASIFICAR - fuente S6 necesaria,NO VALIDADA,https://raw.githubusercontent.com/sven-n/MuMain/21728b1e5b03e0763b38ef9e23f79645e0df7ad2/src/bin/Data/Effects/EffectTypes.json,https://raw.githubusercontent.com/sven-n/MuMain/21728b1e5b03e0763b38ef9e23f79645e0df7ad2/src/source/Render/Effects/Behaviors/MoveHandlers.cpp
skillBlast,MODEL_SKILL_BLAST,NO,,,,NO DETECTADO,NO DETECTADO,NO DETECTADO,sprite|particle|effect hijo|terreno|owner,,No verificado,0,P3 - revisar alcance,SIN CLASIFICAR - fuente S6 necesaria,NO VALIDADA,https://raw.githubusercontent.com/sven-n/MuMain/21728b1e5b03e0763b38ef9e23f79645e0df7ad2/src/bin/Data/Effects/EffectTypes.json,https://raw.githubusercontent.com/sven-n/MuMain/21728b1e5b03e0763b38ef9e23f79645e0df7ad2/src/source/Render/Effects/Behaviors/MoveHandlers.cpp
skillFissure,MODEL_SKILL_FISSURE,SI,no especificados en metadatos,,,NO DETECTADO,NO DETECTADO,NO DETECTADO,joint|effect hijo,,No verificado,0,P3 - revisar alcance,SIN CLASIFICAR - fuente S6 necesaria,NO VALIDADA,https://raw.githubusercontent.com/sven-n/MuMain/21728b1e5b03e0763b38ef9e23f79645e0df7ad2/src/bin/Data/Effects/EffectTypes.json,https://raw.githubusercontent.com/sven-n/MuMain/21728b1e5b03e0763b38ef9e23f79645e0df7ad2/src/source/Render/Effects/Behaviors/MoveHandlers.cpp
skillFuryStrike,MODEL_SKILL_FURY_STRIKE,NO,,,,NO DETECTADO,NO DETECTADO,NO DETECTADO,particle|joint|effect hijo|terreno|owner,,No verificado,0,P3 - revisar alcance,SIN CLASIFICAR - fuente S6 necesaria,NO VALIDADA,https://raw.githubusercontent.com/sven-n/MuMain/21728b1e5b03e0763b38ef9e23f79645e0df7ad2/src/bin/Data/Effects/EffectTypes.json,https://raw.githubusercontent.com/sven-n/MuMain/21728b1e5b03e0763b38ef9e23f79645e0df7ad2/src/source/Render/Effects/Behaviors/MoveHandlers.cpp
skillInferno,MODEL_SKILL_INFERNO,NO,,,,NO DETECTADO,NO DETECTADO,NO DETECTADO,terreno|owner,,No verificado,7,P1 - verificar S6,SIN CLASIFICAR - fuente S6 necesaria,NO VALIDADA,https://raw.githubusercontent.com/sven-n/MuMain/21728b1e5b03e0763b38ef9e23f79645e0df7ad2/src/bin/Data/Effects/EffectTypes.json,https://raw.githubusercontent.com/sven-n/MuMain/21728b1e5b03e0763b38ef9e23f79645e0df7ad2/src/source/Render/Effects/Behaviors/MoveHandlers.cpp
skillJavelin,MODEL_SKILL_JAVELIN,NO,,,,NO DETECTADO,NO DETECTADO,NO DETECTADO,particle|terreno|owner,,No verificado,0,P3 - revisar alcance,SIN CLASIFICAR - fuente S6 necesaria,NO VALIDADA,https://raw.githubusercontent.com/sven-n/MuMain/21728b1e5b03e0763b38ef9e23f79645e0df7ad2/src/bin/Data/Effects/EffectTypes.json,https://raw.githubusercontent.com/sven-n/MuMain/21728b1e5b03e0763b38ef9e23f79645e0df7ad2/src/source/Render/Effects/Behaviors/MoveHandlers.cpp
skillWheel1,MODEL_SKILL_WHEEL1,NO,,,,NO DETECTADO,NO DETECTADO,NO DETECTADO,effect hijo|owner,,No verificado,0,P3 - revisar alcance,SIN CLASIFICAR - fuente S6 necesaria,NO VALIDADA,https://raw.githubusercontent.com/sven-n/MuMain/21728b1e5b03e0763b38ef9e23f79645e0df7ad2/src/bin/Data/Effects/EffectTypes.json,https://raw.githubusercontent.com/sven-n/MuMain/21728b1e5b03e0763b38ef9e23f79645e0df7ad2/src/source/Render/Effects/Behaviors/MoveHandlers.cpp
skillWheel2,MODEL_SKILL_WHEEL2,NO,,,,NO DETECTADO,NO DETECTADO,NO DETECTADO,sprite|particle|joint|terreno|owner,,No verificado,1,P1 - verificar S6,SIN CLASIFICAR - fuente S6 necesaria,NO VALIDADA,https://raw.githubusercontent.com/sven-n/MuMain/21728b1e5b03e0763b38ef9e23f79645e0df7ad2/src/bin/Data/Effects/EffectTypes.json,https://raw.githubusercontent.com/sven-n/MuMain/21728b1e5b03e0763b38ef9e23f79645e0df7ad2/src/source/Render/Effects/Behaviors/MoveHandlers.cpp
skinShell,MODEL_SKIN_SHELL,NO,,,,NO DETECTADO,NO DETECTADO,NO DETECTADO,terreno,,No verificado,0,P3 - revisar alcance,SIN CLASIFICAR - fuente S6 necesaria,NO VALIDADA,https://raw.githubusercontent.com/sven-n/MuMain/21728b1e5b03e0763b38ef9e23f79645e0df7ad2/src/bin/Data/Effects/EffectTypes.json,https://raw.githubusercontent.com/sven-n/MuMain/21728b1e5b03e0763b38ef9e23f79645e0df7ad2/src/source/Render/Effects/Behaviors/MoveHandlers.cpp
skull,BITMAP_SKULL,SI,1|2|4,,,NO DETECTADO,NO DETECTADO,NO DETECTADO,sprite|particle|owner,,No verificado,0,P3 - revisar alcance,SIN CLASIFICAR - fuente S6 necesaria,NO VALIDADA,https://raw.githubusercontent.com/sven-n/MuMain/21728b1e5b03e0763b38ef9e23f79645e0df7ad2/src/bin/Data/Effects/EffectTypes.json,https://raw.githubusercontent.com/sven-n/MuMain/21728b1e5b03e0763b38ef9e23f79645e0df7ad2/src/source/Render/Effects/Behaviors/MoveHandlers.cpp
skullModel,MODEL_SKULL,NO,,,,NO DETECTADO,NO DETECTADO,NO DETECTADO,particle|terreno|owner,,No verificado,1,P3 - revisar alcance,SIN CLASIFICAR - fuente S6 necesaria,NO VALIDADA,https://raw.githubusercontent.com/sven-n/MuMain/21728b1e5b03e0763b38ef9e23f79645e0df7ad2/src/bin/Data/Effects/EffectTypes.json,https://raw.githubusercontent.com/sven-n/MuMain/21728b1e5b03e0763b38ef9e23f79645e0df7ad2/src/source/Render/Effects/Behaviors/MoveHandlers.cpp
snow1,MODEL_SNOW1,NO,,,,NO DETECTADO,NO DETECTADO,NO DETECTADO,no localizado,,No verificado,0,P3 - revisar alcance,SIN CLASIFICAR - fuente S6 necesaria,NO VALIDADA,https://raw.githubusercontent.com/sven-n/MuMain/21728b1e5b03e0763b38ef9e23f79645e0df7ad2/src/bin/Data/Effects/EffectTypes.json,https://raw.githubusercontent.com/sven-n/MuMain/21728b1e5b03e0763b38ef9e23f79645e0df7ad2/src/source/Render/Effects/Behaviors/MoveHandlers.cpp
snow2,MODEL_SNOW2,NO,,,,NO DETECTADO,NO DETECTADO,NO DETECTADO,no localizado,,No verificado,1,P3 - revisar alcance,SIN CLASIFICAR - fuente S6 necesaria,NO VALIDADA,https://raw.githubusercontent.com/sven-n/MuMain/21728b1e5b03e0763b38ef9e23f79645e0df7ad2/src/bin/Data/Effects/EffectTypes.json,https://raw.githubusercontent.com/sven-n/MuMain/21728b1e5b03e0763b38ef9e23f79645e0df7ad2/src/source/Render/Effects/Behaviors/MoveHandlers.cpp
snow3,MODEL_SNOW3,NO,,,,NO DETECTADO,NO DETECTADO,NO DETECTADO,no localizado,,No verificado,0,P3 - revisar alcance,SIN CLASIFICAR - fuente S6 necesaria,NO VALIDADA,https://raw.githubusercontent.com/sven-n/MuMain/21728b1e5b03e0763b38ef9e23f79645e0df7ad2/src/bin/Data/Effects/EffectTypes.json,https://raw.githubusercontent.com/sven-n/MuMain/21728b1e5b03e0763b38ef9e23f79645e0df7ad2/src/source/Render/Effects/Behaviors/MoveHandlers.cpp
spark3,BITMAP_SPARK+1,SI,no especificados en metadatos,,,NO DETECTADO,NO DETECTADO,NO DETECTADO,no localizado,,No verificado,0,P3 - revisar alcance,SIN CLASIFICAR - fuente S6 necesaria,NO VALIDADA,https://raw.githubusercontent.com/sven-n/MuMain/21728b1e5b03e0763b38ef9e23f79645e0df7ad2/src/bin/Data/Effects/EffectTypes.json,https://raw.githubusercontent.com/sven-n/MuMain/21728b1e5b03e0763b38ef9e23f79645e0df7ad2/src/source/Render/Effects/Behaviors/MoveHandlers.cpp
sparks,BITMAP_SPARK+2,SI,no especificados en metadatos,,,NO DETECTADO,NO DETECTADO,NO DETECTADO,no localizado,,No verificado,0,P3 - revisar alcance,SIN CLASIFICAR - fuente S6 necesaria,NO VALIDADA,https://raw.githubusercontent.com/sven-n/MuMain/21728b1e5b03e0763b38ef9e23f79645e0df7ad2/src/bin/Data/Effects/EffectTypes.json,https://raw.githubusercontent.com/sven-n/MuMain/21728b1e5b03e0763b38ef9e23f79645e0df7ad2/src/source/Render/Effects/Behaviors/MoveHandlers.cpp
spear,MODEL__SPEAR,SI,no especificados en metadatos,,,NO DETECTADO,NO DETECTADO,NO DETECTADO,joint,,No verificado,0,P3 - revisar alcance,SIN CLASIFICAR - fuente S6 necesaria,NO VALIDADA,https://raw.githubusercontent.com/sven-n/MuMain/21728b1e5b03e0763b38ef9e23f79645e0df7ad2/src/bin/Data/Effects/EffectTypes.json,https://raw.githubusercontent.com/sven-n/MuMain/21728b1e5b03e0763b38ef9e23f79645e0df7ad2/src/source/Render/Effects/Behaviors/MoveHandlers.cpp
spearSkill,MODEL_SPEARSKILL,NO,,,,NO DETECTADO,NO DETECTADO,NO DETECTADO,vida/movimiento,,No verificado,0,P3 - revisar alcance,SIN CLASIFICAR - fuente S6 necesaria,NO VALIDADA,https://raw.githubusercontent.com/sven-n/MuMain/21728b1e5b03e0763b38ef9e23f79645e0df7ad2/src/bin/Data/Effects/EffectTypes.json,https://raw.githubusercontent.com/sven-n/MuMain/21728b1e5b03e0763b38ef9e23f79645e0df7ad2/src/source/Render/Effects/Behaviors/MoveHandlers.cpp
staffOfDestruction,MODEL_STAFF_OF_DESTRUCTION,SI,no especificados en metadatos,,,NO DETECTADO,NO DETECTADO,NO DETECTADO,particle|effect hijo|terreno,,No verificado,0,P3 - revisar alcance,SIN CLASIFICAR - fuente S6 necesaria,NO VALIDADA,https://raw.githubusercontent.com/sven-n/MuMain/21728b1e5b03e0763b38ef9e23f79645e0df7ad2/src/bin/Data/Effects/EffectTypes.json,https://raw.githubusercontent.com/sven-n/MuMain/21728b1e5b03e0763b38ef9e23f79645e0df7ad2/src/source/Render/Effects/Behaviors/MoveHandlers.cpp
starShine,MODEL_STAR_SHINE,NO,,,,NO DETECTADO,NO DETECTADO,NO DETECTADO,no localizado,,No verificado,0,P3 - revisar alcance,SIN CLASIFICAR - fuente S6 necesaria,NO VALIDADA,https://raw.githubusercontent.com/sven-n/MuMain/21728b1e5b03e0763b38ef9e23f79645e0df7ad2/src/bin/Data/Effects/EffectTypes.json,https://raw.githubusercontent.com/sven-n/MuMain/21728b1e5b03e0763b38ef9e23f79645e0df7ad2/src/source/Render/Effects/Behaviors/MoveHandlers.cpp
statueCrushEffect,MODEL_STATUE_CRUSH_EFFECT,NO,,,,NO DETECTADO,NO DETECTADO,NO DETECTADO,no localizado,,No verificado,0,P3 - revisar alcance,SIN CLASIFICAR - fuente S6 necesaria,NO VALIDADA,https://raw.githubusercontent.com/sven-n/MuMain/21728b1e5b03e0763b38ef9e23f79645e0df7ad2/src/bin/Data/Effects/EffectTypes.json,https://raw.githubusercontent.com/sven-n/MuMain/21728b1e5b03e0763b38ef9e23f79645e0df7ad2/src/source/Render/Effects/Behaviors/MoveHandlers.cpp
statueCrushEffectPiece1,MODEL_STATUE_CRUSH_EFFECT_PIECE01,NO,,,,NO DETECTADO,NO DETECTADO,NO DETECTADO,no localizado,,No verificado,1,P3 - revisar alcance,SIN CLASIFICAR - fuente S6 necesaria,NO VALIDADA,https://raw.githubusercontent.com/sven-n/MuMain/21728b1e5b03e0763b38ef9e23f79645e0df7ad2/src/bin/Data/Effects/EffectTypes.json,https://raw.githubusercontent.com/sven-n/MuMain/21728b1e5b03e0763b38ef9e23f79645e0df7ad2/src/source/Render/Effects/Behaviors/MoveHandlers.cpp
statueCrushEffectPiece2,MODEL_STATUE_CRUSH_EFFECT_PIECE02,NO,,,,NO DETECTADO,NO DETECTADO,NO DETECTADO,no localizado,,No verificado,0,P3 - revisar alcance,SIN CLASIFICAR - fuente S6 necesaria,NO VALIDADA,https://raw.githubusercontent.com/sven-n/MuMain/21728b1e5b03e0763b38ef9e23f79645e0df7ad2/src/bin/Data/Effects/EffectTypes.json,https://raw.githubusercontent.com/sven-n/MuMain/21728b1e5b03e0763b38ef9e23f79645e0df7ad2/src/source/Render/Effects/Behaviors/MoveHandlers.cpp
statueCrushEffectPiece3,MODEL_STATUE_CRUSH_EFFECT_PIECE03,NO,,,,NO DETECTADO,NO DETECTADO,NO DETECTADO,no localizado,,No verificado,0,P3 - revisar alcance,SIN CLASIFICAR - fuente S6 necesaria,NO VALIDADA,https://raw.githubusercontent.com/sven-n/MuMain/21728b1e5b03e0763b38ef9e23f79645e0df7ad2/src/bin/Data/Effects/EffectTypes.json,https://raw.githubusercontent.com/sven-n/MuMain/21728b1e5b03e0763b38ef9e23f79645e0df7ad2/src/source/Render/Effects/Behaviors/MoveHandlers.cpp
statueCrushEffectPiece4,MODEL_STATUE_CRUSH_EFFECT_PIECE04,SI,no especificados en metadatos,,,NO DETECTADO,NO DETECTADO,NO DETECTADO,vida/movimiento,,No verificado,0,P3 - revisar alcance,SIN CLASIFICAR - fuente S6 necesaria,NO VALIDADA,https://raw.githubusercontent.com/sven-n/MuMain/21728b1e5b03e0763b38ef9e23f79645e0df7ad2/src/bin/Data/Effects/EffectTypes.json,https://raw.githubusercontent.com/sven-n/MuMain/21728b1e5b03e0763b38ef9e23f79645e0df7ad2/src/source/Render/Effects/Behaviors/MoveHandlers.cpp
stone1,MODEL_STONE1,NO,,,,NO DETECTADO,NO DETECTADO,NO DETECTADO,no localizado,,No verificado,32,P2 - referencia nativa,SIN CLASIFICAR - fuente S6 necesaria,NO VALIDADA,https://raw.githubusercontent.com/sven-n/MuMain/21728b1e5b03e0763b38ef9e23f79645e0df7ad2/src/bin/Data/Effects/EffectTypes.json,https://raw.githubusercontent.com/sven-n/MuMain/21728b1e5b03e0763b38ef9e23f79645e0df7ad2/src/source/Render/Effects/Behaviors/MoveHandlers.cpp
stone2,MODEL_STONE2,NO,,,,NO DETECTADO,NO DETECTADO,NO DETECTADO,no localizado,,No verificado,1,P3 - revisar alcance,SIN CLASIFICAR - fuente S6 necesaria,NO VALIDADA,https://raw.githubusercontent.com/sven-n/MuMain/21728b1e5b03e0763b38ef9e23f79645e0df7ad2/src/bin/Data/Effects/EffectTypes.json,https://raw.githubusercontent.com/sven-n/MuMain/21728b1e5b03e0763b38ef9e23f79645e0df7ad2/src/source/Render/Effects/Behaviors/MoveHandlers.cpp
stoneCoffin,MODEL_STONE_COFFIN,NO,,,,NO DETECTADO,NO DETECTADO,NO DETECTADO,no localizado,,No verificado,0,P3 - revisar alcance,SIN CLASIFICAR - fuente S6 necesaria,NO VALIDADA,https://raw.githubusercontent.com/sven-n/MuMain/21728b1e5b03e0763b38ef9e23f79645e0df7ad2/src/bin/Data/Effects/EffectTypes.json,https://raw.githubusercontent.com/sven-n/MuMain/21728b1e5b03e0763b38ef9e23f79645e0df7ad2/src/source/Render/Effects/Behaviors/MoveHandlers.cpp
stoneCoffin2,MODEL_STONE_COFFIN+1,NO,,,,NO DETECTADO,NO DETECTADO,NO DETECTADO,no localizado,,No verificado,0,P3 - revisar alcance,SIN CLASIFICAR - fuente S6 necesaria,NO VALIDADA,https://raw.githubusercontent.com/sven-n/MuMain/21728b1e5b03e0763b38ef9e23f79645e0df7ad2/src/bin/Data/Effects/EffectTypes.json,https://raw.githubusercontent.com/sven-n/MuMain/21728b1e5b03e0763b38ef9e23f79645e0df7ad2/src/source/Render/Effects/Behaviors/MoveHandlers.cpp
storm,MODEL_STORM,NO,,,,NO DETECTADO,NO DETECTADO,NO DETECTADO,particle|joint|effect hijo|terreno|owner,,No verificado,0,P3 - revisar alcance,SIN CLASIFICAR - fuente S6 necesaria,NO VALIDADA,https://raw.githubusercontent.com/sven-n/MuMain/21728b1e5b03e0763b38ef9e23f79645e0df7ad2/src/bin/Data/Effects/EffectTypes.json,https://raw.githubusercontent.com/sven-n/MuMain/21728b1e5b03e0763b38ef9e23f79645e0df7ad2/src/source/Render/Effects/Behaviors/MoveHandlers.cpp
storm2,MODEL_STORM2,NO,,,,NO DETECTADO,NO DETECTADO,NO DETECTADO,particle|joint|effect hijo,,No verificado,0,P3 - revisar alcance,SIN CLASIFICAR - fuente S6 necesaria,NO VALIDADA,https://raw.githubusercontent.com/sven-n/MuMain/21728b1e5b03e0763b38ef9e23f79645e0df7ad2/src/bin/Data/Effects/EffectTypes.json,https://raw.githubusercontent.com/sven-n/MuMain/21728b1e5b03e0763b38ef9e23f79645e0df7ad2/src/source/Render/Effects/Behaviors/MoveHandlers.cpp
storm3,MODEL_STORM3,NO,,,,NO DETECTADO,NO DETECTADO,NO DETECTADO,joint,,No verificado,0,P3 - revisar alcance,SIN CLASIFICAR - fuente S6 necesaria,NO VALIDADA,https://raw.githubusercontent.com/sven-n/MuMain/21728b1e5b03e0763b38ef9e23f79645e0df7ad2/src/bin/Data/Effects/EffectTypes.json,https://raw.githubusercontent.com/sven-n/MuMain/21728b1e5b03e0763b38ef9e23f79645e0df7ad2/src/source/Render/Effects/Behaviors/MoveHandlers.cpp
streamBreathFire1,MODEL_1_STREAMBREATHFIRE,SI,no especificados en metadatos,,,NO DETECTADO,NO DETECTADO,NO DETECTADO,particle|effect hijo,,No verificado,0,P3 - revisar alcance,SIN CLASIFICAR - fuente S6 necesaria,NO VALIDADA,https://raw.githubusercontent.com/sven-n/MuMain/21728b1e5b03e0763b38ef9e23f79645e0df7ad2/src/bin/Data/Effects/EffectTypes.json,https://raw.githubusercontent.com/sven-n/MuMain/21728b1e5b03e0763b38ef9e23f79645e0df7ad2/src/source/Render/Effects/Behaviors/MoveHandlers.cpp
streamOfIceBreath,MODEL_STREAMOFICEBREATH,NO,,,,NO DETECTADO,NO DETECTADO,NO DETECTADO,no localizado,,No verificado,0,P3 - revisar alcance,SIN CLASIFICAR - fuente S6 necesaria,NO VALIDADA,https://raw.githubusercontent.com/sven-n/MuMain/21728b1e5b03e0763b38ef9e23f79645e0df7ad2/src/bin/Data/Effects/EffectTypes.json,https://raw.githubusercontent.com/sven-n/MuMain/21728b1e5b03e0763b38ef9e23f79645e0df7ad2/src/source/Render/Effects/Behaviors/MoveHandlers.cpp
stunStone,MODEL_STUN_STONE,NO,,,,NO DETECTADO,NO DETECTADO,NO DETECTADO,particle|effect hijo|terreno,,No verificado,1,P3 - revisar alcance,SIN CLASIFICAR - fuente S6 necesaria,NO VALIDADA,https://raw.githubusercontent.com/sven-n/MuMain/21728b1e5b03e0763b38ef9e23f79645e0df7ad2/src/bin/Data/Effects/EffectTypes.json,https://raw.githubusercontent.com/sven-n/MuMain/21728b1e5b03e0763b38ef9e23f79645e0df7ad2/src/source/Render/Effects/Behaviors/MoveHandlers.cpp
summon,MODEL_SUMMON,NO,,,,NO DETECTADO,NO DETECTADO,NO DETECTADO,vida/movimiento,,No verificado,0,P3 - revisar alcance,SIN CLASIFICAR - fuente S6 necesaria,NO VALIDADA,https://raw.githubusercontent.com/sven-n/MuMain/21728b1e5b03e0763b38ef9e23f79645e0df7ad2/src/bin/Data/Effects/EffectTypes.json,https://raw.githubusercontent.com/sven-n/MuMain/21728b1e5b03e0763b38ef9e23f79645e0df7ad2/src/source/Render/Effects/Behaviors/MoveHandlers.cpp
summonerCastingEffect1,MODEL_SUMMONER_CASTING_EFFECT1,SI,0,0,SummonerCasting1,SI (catalogo local),SI (ruta definida),SI (BMD compartido),modelo,Effect/Suhwanzin1.bmd,No comprobado,0,P0 - regresion,SIN CLASIFICAR - fuente S6 necesaria,NO VALIDADA,https://raw.githubusercontent.com/sven-n/MuMain/21728b1e5b03e0763b38ef9e23f79645e0df7ad2/src/bin/Data/Effects/EffectTypes.json,https://raw.githubusercontent.com/sven-n/MuMain/21728b1e5b03e0763b38ef9e23f79645e0df7ad2/src/source/Render/Effects/Behaviors/MoveHandlers.cpp
summonerCastingEffect11,MODEL_SUMMONER_CASTING_EFFECT11,SI,0,0,SummonerCasting11,SI (catalogo local),SI (ruta definida),SI (BMD compartido),modelo,Effect/Suhwanzin11.bmd,No comprobado,0,P0 - regresion,SIN CLASIFICAR - fuente S6 necesaria,NO VALIDADA,https://raw.githubusercontent.com/sven-n/MuMain/21728b1e5b03e0763b38ef9e23f79645e0df7ad2/src/bin/Data/Effects/EffectTypes.json,https://raw.githubusercontent.com/sven-n/MuMain/21728b1e5b03e0763b38ef9e23f79645e0df7ad2/src/source/Render/Effects/Behaviors/MoveHandlers.cpp
summonerCastingEffect111,MODEL_SUMMONER_CASTING_EFFECT111,SI,0,0,SummonerCasting111,SI (catalogo local),SI (ruta definida),SI (BMD compartido),modelo,Effect/Suhwanzin111.bmd,No comprobado,0,P0 - regresion,SIN CLASIFICAR - fuente S6 necesaria,NO VALIDADA,https://raw.githubusercontent.com/sven-n/MuMain/21728b1e5b03e0763b38ef9e23f79645e0df7ad2/src/bin/Data/Effects/EffectTypes.json,https://raw.githubusercontent.com/sven-n/MuMain/21728b1e5b03e0763b38ef9e23f79645e0df7ad2/src/source/Render/Effects/Behaviors/MoveHandlers.cpp
summonerCastingEffect2,MODEL_SUMMONER_CASTING_EFFECT2,SI,0,0,SummonerCasting2,SI (catalogo local),SI (ruta definida),SI (BMD compartido),modelo,Effect/Suhwanzin2.bmd,No comprobado,0,P0 - regresion,SIN CLASIFICAR - fuente S6 necesaria,NO VALIDADA,https://raw.githubusercontent.com/sven-n/MuMain/21728b1e5b03e0763b38ef9e23f79645e0df7ad2/src/bin/Data/Effects/EffectTypes.json,https://raw.githubusercontent.com/sven-n/MuMain/21728b1e5b03e0763b38ef9e23f79645e0df7ad2/src/source/Render/Effects/Behaviors/MoveHandlers.cpp
summonerCastingEffect22,MODEL_SUMMONER_CASTING_EFFECT22,SI,0,0,SummonerCasting22,SI (catalogo local),SI (ruta definida),SI (BMD compartido),modelo,Effect/Suhwanzin22.bmd,No comprobado,0,P0 - regresion,SIN CLASIFICAR - fuente S6 necesaria,NO VALIDADA,https://raw.githubusercontent.com/sven-n/MuMain/21728b1e5b03e0763b38ef9e23f79645e0df7ad2/src/bin/Data/Effects/EffectTypes.json,https://raw.githubusercontent.com/sven-n/MuMain/21728b1e5b03e0763b38ef9e23f79645e0df7ad2/src/source/Render/Effects/Behaviors/MoveHandlers.cpp
summonerCastingEffect222,MODEL_SUMMONER_CASTING_EFFECT222,SI,0,0,SummonerCasting222,SI (catalogo local),SI (ruta definida),SI (BMD compartido),modelo,Effect/Suhwanzin222.bmd,No comprobado,0,P0 - regresion,SIN CLASIFICAR - fuente S6 necesaria,NO VALIDADA,https://raw.githubusercontent.com/sven-n/MuMain/21728b1e5b03e0763b38ef9e23f79645e0df7ad2/src/bin/Data/Effects/EffectTypes.json,https://raw.githubusercontent.com/sven-n/MuMain/21728b1e5b03e0763b38ef9e23f79645e0df7ad2/src/source/Render/Effects/Behaviors/MoveHandlers.cpp
summonerCastingEffect4,MODEL_SUMMONER_CASTING_EFFECT4,SI,no especificados en metadatos,0,SummonerCasting4,SI (catalogo local),SI (ruta definida),SI (BMD compartido),modelo,Effect/Suhwanzin4.bmd,No comprobado,0,P0 - regresion,SIN CLASIFICAR - fuente S6 necesaria,NO VALIDADA,https://raw.githubusercontent.com/sven-n/MuMain/21728b1e5b03e0763b38ef9e23f79645e0df7ad2/src/bin/Data/Effects/EffectTypes.json,https://raw.githubusercontent.com/sven-n/MuMain/21728b1e5b03e0763b38ef9e23f79645e0df7ad2/src/source/Render/Effects/Behaviors/MoveHandlers.cpp
summonerEquipHeadLagul,MODEL_SUMMONER_EQUIP_HEAD_LAGUL,NO,,,,NO DETECTADO,NO DETECTADO,NO DETECTADO,no localizado,,No verificado,0,P3 - revisar alcance,SIN CLASIFICAR - fuente S6 necesaria,NO VALIDADA,https://raw.githubusercontent.com/sven-n/MuMain/21728b1e5b03e0763b38ef9e23f79645e0df7ad2/src/bin/Data/Effects/EffectTypes.json,https://raw.githubusercontent.com/sven-n/MuMain/21728b1e5b03e0763b38ef9e23f79645e0df7ad2/src/source/Render/Effects/Behaviors/MoveHandlers.cpp
summonerEquipHeadNeil,MODEL_SUMMONER_EQUIP_HEAD_NEIL,NO,,,,NO DETECTADO,NO DETECTADO,NO DETECTADO,particle|owner,,No verificado,0,P3 - revisar alcance,SIN CLASIFICAR - fuente S6 necesaria,NO VALIDADA,https://raw.githubusercontent.com/sven-n/MuMain/21728b1e5b03e0763b38ef9e23f79645e0df7ad2/src/bin/Data/Effects/EffectTypes.json,https://raw.githubusercontent.com/sven-n/MuMain/21728b1e5b03e0763b38ef9e23f79645e0df7ad2/src/source/Render/Effects/Behaviors/MoveHandlers.cpp
summonerEquipHeadSahamutt,MODEL_SUMMONER_EQUIP_HEAD_SAHAMUTT,NO,,,,NO DETECTADO,NO DETECTADO,NO DETECTADO,particle|effect hijo|owner,,No verificado,0,P3 - revisar alcance,SIN CLASIFICAR - fuente S6 necesaria,NO VALIDADA,https://raw.githubusercontent.com/sven-n/MuMain/21728b1e5b03e0763b38ef9e23f79645e0df7ad2/src/bin/Data/Effects/EffectTypes.json,https://raw.githubusercontent.com/sven-n/MuMain/21728b1e5b03e0763b38ef9e23f79645e0df7ad2/src/source/Render/Effects/Behaviors/MoveHandlers.cpp
summonerSummonLagul,MODEL_SUMMONER_SUMMON_LAGUL,NO,,,,NO DETECTADO,NO DETECTADO,NO DETECTADO,particle|effect hijo|owner,,No verificado,1,P3 - revisar alcance,SIN CLASIFICAR - fuente S6 necesaria,NO VALIDADA,https://raw.githubusercontent.com/sven-n/MuMain/21728b1e5b03e0763b38ef9e23f79645e0df7ad2/src/bin/Data/Effects/EffectTypes.json,https://raw.githubusercontent.com/sven-n/MuMain/21728b1e5b03e0763b38ef9e23f79645e0df7ad2/src/source/Render/Effects/Behaviors/MoveHandlers.cpp
summonerSummonNeil,MODEL_SUMMONER_SUMMON_NEIL,SI,no especificados en metadatos,,,NO DETECTADO,NO DETECTADO,NO DETECTADO,effect hijo|owner,,No verificado,0,P1 - verificar S6,SIN CLASIFICAR - fuente S6 necesaria,NO VALIDADA,https://raw.githubusercontent.com/sven-n/MuMain/21728b1e5b03e0763b38ef9e23f79645e0df7ad2/src/bin/Data/Effects/EffectTypes.json,https://raw.githubusercontent.com/sven-n/MuMain/21728b1e5b03e0763b38ef9e23f79645e0df7ad2/src/source/Render/Effects/Behaviors/MoveHandlers.cpp
summonerSummonNeilGround1,MODEL_SUMMONER_SUMMON_NEIL_GROUND1,SI,no especificados en metadatos,,,NO DETECTADO,NO DETECTADO,NO DETECTADO,no localizado,,No verificado,2,P2 - referencia nativa,SIN CLASIFICAR - fuente S6 necesaria,NO VALIDADA,https://raw.githubusercontent.com/sven-n/MuMain/21728b1e5b03e0763b38ef9e23f79645e0df7ad2/src/bin/Data/Effects/EffectTypes.json,https://raw.githubusercontent.com/sven-n/MuMain/21728b1e5b03e0763b38ef9e23f79645e0df7ad2/src/source/Render/Effects/Behaviors/MoveHandlers.cpp
summonerSummonNeilGround2,MODEL_SUMMONER_SUMMON_NEIL_GROUND2,SI,no especificados en metadatos,,,NO DETECTADO,NO DETECTADO,NO DETECTADO,no localizado,,No verificado,1,P3 - revisar alcance,SIN CLASIFICAR - fuente S6 necesaria,NO VALIDADA,https://raw.githubusercontent.com/sven-n/MuMain/21728b1e5b03e0763b38ef9e23f79645e0df7ad2/src/bin/Data/Effects/EffectTypes.json,https://raw.githubusercontent.com/sven-n/MuMain/21728b1e5b03e0763b38ef9e23f79645e0df7ad2/src/source/Render/Effects/Behaviors/MoveHandlers.cpp
summonerSummonNeilGround3,MODEL_SUMMONER_SUMMON_NEIL_GROUND3,SI,no especificados en metadatos,,,NO DETECTADO,NO DETECTADO,NO DETECTADO,no localizado,,No verificado,1,P3 - revisar alcance,SIN CLASIFICAR - fuente S6 necesaria,NO VALIDADA,https://raw.githubusercontent.com/sven-n/MuMain/21728b1e5b03e0763b38ef9e23f79645e0df7ad2/src/bin/Data/Effects/EffectTypes.json,https://raw.githubusercontent.com/sven-n/MuMain/21728b1e5b03e0763b38ef9e23f79645e0df7ad2/src/source/Render/Effects/Behaviors/MoveHandlers.cpp
summonerSummonNeilKnife1,MODEL_SUMMONER_SUMMON_NEIL_NIFE1,SI,no especificados en metadatos,,,NO DETECTADO,NO DETECTADO,NO DETECTADO,no localizado,,No verificado,1,P3 - revisar alcance,SIN CLASIFICAR - fuente S6 necesaria,NO VALIDADA,https://raw.githubusercontent.com/sven-n/MuMain/21728b1e5b03e0763b38ef9e23f79645e0df7ad2/src/bin/Data/Effects/EffectTypes.json,https://raw.githubusercontent.com/sven-n/MuMain/21728b1e5b03e0763b38ef9e23f79645e0df7ad2/src/source/Render/Effects/Behaviors/MoveHandlers.cpp
summonerSummonNeilKnife2,MODEL_SUMMONER_SUMMON_NEIL_NIFE2,SI,no especificados en metadatos,,,NO DETECTADO,NO DETECTADO,NO DETECTADO,no localizado,,No verificado,1,P3 - revisar alcance,SIN CLASIFICAR - fuente S6 necesaria,NO VALIDADA,https://raw.githubusercontent.com/sven-n/MuMain/21728b1e5b03e0763b38ef9e23f79645e0df7ad2/src/bin/Data/Effects/EffectTypes.json,https://raw.githubusercontent.com/sven-n/MuMain/21728b1e5b03e0763b38ef9e23f79645e0df7ad2/src/source/Render/Effects/Behaviors/MoveHandlers.cpp
summonerSummonNeilKnife3,MODEL_SUMMONER_SUMMON_NEIL_NIFE3,SI,no especificados en metadatos,,,NO DETECTADO,NO DETECTADO,NO DETECTADO,no localizado,,No verificado,1,P3 - revisar alcance,SIN CLASIFICAR - fuente S6 necesaria,NO VALIDADA,https://raw.githubusercontent.com/sven-n/MuMain/21728b1e5b03e0763b38ef9e23f79645e0df7ad2/src/bin/Data/Effects/EffectTypes.json,https://raw.githubusercontent.com/sven-n/MuMain/21728b1e5b03e0763b38ef9e23f79645e0df7ad2/src/source/Render/Effects/Behaviors/MoveHandlers.cpp
summonerSummonSahamutt,MODEL_SUMMONER_SUMMON_SAHAMUTT,SI,0|1|2,,,NO DETECTADO,NO DETECTADO,NO DETECTADO,modelo/bone|particle|terreno|owner,,No verificado,0,P1 - verificar S6,SIN CLASIFICAR - fuente S6 necesaria,NO VALIDADA,https://raw.githubusercontent.com/sven-n/MuMain/21728b1e5b03e0763b38ef9e23f79645e0df7ad2/src/bin/Data/Effects/EffectTypes.json,https://raw.githubusercontent.com/sven-n/MuMain/21728b1e5b03e0763b38ef9e23f79645e0df7ad2/src/source/Render/Effects/Behaviors/MoveHandlers.cpp
summonerWristRingEffect,MODEL_SUMMONER_WRISTRING_EFFECT,SI,no especificados en metadatos,,,NO DETECTADO,NO DETECTADO,NO DETECTADO,modelo/bone|owner,,No verificado,0,P3 - revisar alcance,SIN CLASIFICAR - fuente S6 necesaria,NO VALIDADA,https://raw.githubusercontent.com/sven-n/MuMain/21728b1e5b03e0763b38ef9e23f79645e0df7ad2/src/bin/Data/Effects/EffectTypes.json,https://raw.githubusercontent.com/sven-n/MuMain/21728b1e5b03e0763b38ef9e23f79645e0df7ad2/src/source/Render/Effects/Behaviors/MoveHandlers.cpp
swellOfMagicPower,MODEL_SWELL_OF_MAGICPOWER,SI,0,0,SwellOfMagicPower,SI (catalogo local),SI (ruta definida),SI (BMD compartido),"modelo, owner, huesos, Joint, Sprite",,No verificado,0,P0 - regresion,SIN CLASIFICAR - fuente S6 necesaria,NO VALIDADA,https://raw.githubusercontent.com/sven-n/MuMain/21728b1e5b03e0763b38ef9e23f79645e0df7ad2/src/bin/Data/Effects/EffectTypes.json,https://raw.githubusercontent.com/sven-n/MuMain/21728b1e5b03e0763b38ef9e23f79645e0df7ad2/src/source/Render/Effects/Behaviors/MoveHandlers.cpp
swellOfMagicPowerBuffEffect,MODEL_SWELL_OF_MAGICPOWER_BUFF_EFF,NO,,,,NO DETECTADO,NO DETECTADO,NO DETECTADO,no localizado,,No verificado,0,P3 - revisar alcance,SIN CLASIFICAR - fuente S6 necesaria,NO VALIDADA,https://raw.githubusercontent.com/sven-n/MuMain/21728b1e5b03e0763b38ef9e23f79645e0df7ad2/src/bin/Data/Effects/EffectTypes.json,https://raw.githubusercontent.com/sven-n/MuMain/21728b1e5b03e0763b38ef9e23f79645e0df7ad2/src/source/Render/Effects/Behaviors/MoveHandlers.cpp
swordEffect,BITMAP_SWORDEFF,SI,no especificados en metadatos,,,NO DETECTADO,NO DETECTADO,NO DETECTADO,modelo/bone|joint|effect hijo|owner,,No verificado,0,P3 - revisar alcance,SIN CLASIFICAR - fuente S6 necesaria,NO VALIDADA,https://raw.githubusercontent.com/sven-n/MuMain/21728b1e5b03e0763b38ef9e23f79645e0df7ad2/src/bin/Data/Effects/EffectTypes.json,https://raw.githubusercontent.com/sven-n/MuMain/21728b1e5b03e0763b38ef9e23f79645e0df7ad2/src/source/Render/Effects/Behaviors/MoveHandlers.cpp
swordEffectMono,BITMAP_SWORD_EFFECT_MONO,SI,no especificados en metadatos,,,NO DETECTADO,NO DETECTADO,NO DETECTADO,particle|effect hijo|owner,,No verificado,0,P1 - verificar S6,SIN CLASIFICAR - fuente S6 necesaria,NO VALIDADA,https://raw.githubusercontent.com/sven-n/MuMain/21728b1e5b03e0763b38ef9e23f79645e0df7ad2/src/bin/Data/Effects/EffectTypes.json,https://raw.githubusercontent.com/sven-n/MuMain/21728b1e5b03e0763b38ef9e23f79645e0df7ad2/src/source/Render/Effects/Behaviors/MoveHandlers.cpp
swordForce,BITMAP_SWORD_FORCE,NO,,,,NO DETECTADO,NO DETECTADO,NO DETECTADO,joint|owner,,No verificado,0,P3 - revisar alcance,SIN CLASIFICAR - fuente S6 necesaria,NO VALIDADA,https://raw.githubusercontent.com/sven-n/MuMain/21728b1e5b03e0763b38ef9e23f79645e0df7ad2/src/bin/Data/Effects/EffectTypes.json,https://raw.githubusercontent.com/sven-n/MuMain/21728b1e5b03e0763b38ef9e23f79645e0df7ad2/src/source/Render/Effects/Behaviors/MoveHandlers.cpp
swordForceModel,MODEL_SWORD_FORCE,SI,0|2|1|3,0|1|2|3,SwordForce,SI (catalogo local),SI (ruta definida),SI (BMD compartido),"modelo, Joint, Particle, Effect hijo, terreno",Skill/SwordForce.bmd,No comprobado,2,P0 - regresion,SIN CLASIFICAR - fuente S6 necesaria,NO VALIDADA,https://raw.githubusercontent.com/sven-n/MuMain/21728b1e5b03e0763b38ef9e23f79645e0df7ad2/src/bin/Data/Effects/EffectTypes.json,https://raw.githubusercontent.com/sven-n/MuMain/21728b1e5b03e0763b38ef9e23f79645e0df7ad2/src/source/Render/Effects/Behaviors/MoveHandlers.cpp
swordLeft01EmpireGuardianBossGaion,MODEL_SWORDLEFT01_EMPIREGUARDIAN_BOSS_GAION_,NO,,,,NO DETECTADO,NO DETECTADO,NO DETECTADO,particle|joint|effect hijo|terreno|owner,,No verificado,0,P3 - revisar alcance,SIN CLASIFICAR - fuente S6 necesaria,NO VALIDADA,https://raw.githubusercontent.com/sven-n/MuMain/21728b1e5b03e0763b38ef9e23f79645e0df7ad2/src/bin/Data/Effects/EffectTypes.json,https://raw.githubusercontent.com/sven-n/MuMain/21728b1e5b03e0763b38ef9e23f79645e0df7ad2/src/source/Render/Effects/Behaviors/MoveHandlers.cpp
swordLeft02EmpireGuardianBossGaion,MODEL_SWORDLEFT02_EMPIREGUARDIAN_BOSS_GAION_,NO,,,,NO DETECTADO,NO DETECTADO,NO DETECTADO,no localizado,,No verificado,0,P3 - revisar alcance,SIN CLASIFICAR - fuente S6 necesaria,NO VALIDADA,https://raw.githubusercontent.com/sven-n/MuMain/21728b1e5b03e0763b38ef9e23f79645e0df7ad2/src/bin/Data/Effects/EffectTypes.json,https://raw.githubusercontent.com/sven-n/MuMain/21728b1e5b03e0763b38ef9e23f79645e0df7ad2/src/source/Render/Effects/Behaviors/MoveHandlers.cpp
swordMain01EmpireGuardianBossGaion,MODEL_SWORDMAIN01_EMPIREGUARDIAN_BOSS_GAION_,NO,,,,NO DETECTADO,NO DETECTADO,NO DETECTADO,no localizado,,No verificado,1,P3 - revisar alcance,SIN CLASIFICAR - fuente S6 necesaria,NO VALIDADA,https://raw.githubusercontent.com/sven-n/MuMain/21728b1e5b03e0763b38ef9e23f79645e0df7ad2/src/bin/Data/Effects/EffectTypes.json,https://raw.githubusercontent.com/sven-n/MuMain/21728b1e5b03e0763b38ef9e23f79645e0df7ad2/src/source/Render/Effects/Behaviors/MoveHandlers.cpp
swordRight01EmpireGuardianBossGaion,MODEL_SWORDRIGHT01_EMPIREGUARDIAN_BOSS_GAION_,NO,,,,NO DETECTADO,NO DETECTADO,NO DETECTADO,no localizado,,No verificado,0,P3 - revisar alcance,SIN CLASIFICAR - fuente S6 necesaria,NO VALIDADA,https://raw.githubusercontent.com/sven-n/MuMain/21728b1e5b03e0763b38ef9e23f79645e0df7ad2/src/bin/Data/Effects/EffectTypes.json,https://raw.githubusercontent.com/sven-n/MuMain/21728b1e5b03e0763b38ef9e23f79645e0df7ad2/src/source/Render/Effects/Behaviors/MoveHandlers.cpp
swordRight02EmpireGuardianBossGaion,MODEL_SWORDRIGHT02_EMPIREGUARDIAN_BOSS_GAION_,NO,,,,NO DETECTADO,NO DETECTADO,NO DETECTADO,no localizado,,No verificado,0,P3 - revisar alcance,SIN CLASIFICAR - fuente S6 necesaria,NO VALIDADA,https://raw.githubusercontent.com/sven-n/MuMain/21728b1e5b03e0763b38ef9e23f79645e0df7ad2/src/bin/Data/Effects/EffectTypes.json,https://raw.githubusercontent.com/sven-n/MuMain/21728b1e5b03e0763b38ef9e23f79645e0df7ad2/src/source/Render/Effects/Behaviors/MoveHandlers.cpp
tail,MODEL_TAIL,SI,no especificados en metadatos,,,NO DETECTADO,NO DETECTADO,NO DETECTADO,vida/movimiento,,No verificado,3,P2 - referencia nativa,SIN CLASIFICAR - fuente S6 necesaria,NO VALIDADA,https://raw.githubusercontent.com/sven-n/MuMain/21728b1e5b03e0763b38ef9e23f79645e0df7ad2/src/bin/Data/Effects/EffectTypes.json,https://raw.githubusercontent.com/sven-n/MuMain/21728b1e5b03e0763b38ef9e23f79645e0df7ad2/src/source/Render/Effects/Behaviors/MoveHandlers.cpp
targetMonsterEffect,MODEL_TARGETMON_EFFECT,SI,no especificados en metadatos,,,NO DETECTADO,NO DETECTADO,NO DETECTADO,modelo/bone|particle|owner,,No verificado,0,P3 - revisar alcance,SIN CLASIFICAR - fuente S6 necesaria,NO VALIDADA,https://raw.githubusercontent.com/sven-n/MuMain/21728b1e5b03e0763b38ef9e23f79645e0df7ad2/src/bin/Data/Effects/EffectTypes.json,https://raw.githubusercontent.com/sven-n/MuMain/21728b1e5b03e0763b38ef9e23f79645e0df7ad2/src/source/Render/Effects/Behaviors/MoveHandlers.cpp
targetPositionEffect1,BITMAP_TARGET_POSITION_EFFECT1,SI,0,,,NO DETECTADO,NO DETECTADO,NO DETECTADO,vida/movimiento,,No verificado,1,P3 - revisar alcance,SIN CLASIFICAR - fuente S6 necesaria,NO VALIDADA,https://raw.githubusercontent.com/sven-n/MuMain/21728b1e5b03e0763b38ef9e23f79645e0df7ad2/src/bin/Data/Effects/EffectTypes.json,https://raw.githubusercontent.com/sven-n/MuMain/21728b1e5b03e0763b38ef9e23f79645e0df7ad2/src/source/Render/Effects/Behaviors/MoveHandlers.cpp
targetPositionEffect2,BITMAP_TARGET_POSITION_EFFECT2,SI,0,,,NO DETECTADO,NO DETECTADO,NO DETECTADO,vida/movimiento,,No verificado,1,P3 - revisar alcance,SIN CLASIFICAR - fuente S6 necesaria,NO VALIDADA,https://raw.githubusercontent.com/sven-n/MuMain/21728b1e5b03e0763b38ef9e23f79645e0df7ad2/src/bin/Data/Effects/EffectTypes.json,https://raw.githubusercontent.com/sven-n/MuMain/21728b1e5b03e0763b38ef9e23f79645e0df7ad2/src/source/Render/Effects/Behaviors/MoveHandlers.cpp
totemGolemPart1,MODEL_TOTEMGOLEM_PART1,NO,,,,NO DETECTADO,NO DETECTADO,NO DETECTADO,no localizado,,No verificado,0,P3 - revisar alcance,SIN CLASIFICAR - fuente S6 necesaria,NO VALIDADA,https://raw.githubusercontent.com/sven-n/MuMain/21728b1e5b03e0763b38ef9e23f79645e0df7ad2/src/bin/Data/Effects/EffectTypes.json,https://raw.githubusercontent.com/sven-n/MuMain/21728b1e5b03e0763b38ef9e23f79645e0df7ad2/src/source/Render/Effects/Behaviors/MoveHandlers.cpp
totemGolemPart2,MODEL_TOTEMGOLEM_PART2,NO,,,,NO DETECTADO,NO DETECTADO,NO DETECTADO,no localizado,,No verificado,0,P3 - revisar alcance,SIN CLASIFICAR - fuente S6 necesaria,NO VALIDADA,https://raw.githubusercontent.com/sven-n/MuMain/21728b1e5b03e0763b38ef9e23f79645e0df7ad2/src/bin/Data/Effects/EffectTypes.json,https://raw.githubusercontent.com/sven-n/MuMain/21728b1e5b03e0763b38ef9e23f79645e0df7ad2/src/source/Render/Effects/Behaviors/MoveHandlers.cpp
totemGolemPart3,MODEL_TOTEMGOLEM_PART3,NO,,,,NO DETECTADO,NO DETECTADO,NO DETECTADO,no localizado,,No verificado,0,P3 - revisar alcance,SIN CLASIFICAR - fuente S6 necesaria,NO VALIDADA,https://raw.githubusercontent.com/sven-n/MuMain/21728b1e5b03e0763b38ef9e23f79645e0df7ad2/src/bin/Data/Effects/EffectTypes.json,https://raw.githubusercontent.com/sven-n/MuMain/21728b1e5b03e0763b38ef9e23f79645e0df7ad2/src/source/Render/Effects/Behaviors/MoveHandlers.cpp
totemGolemPart4,MODEL_TOTEMGOLEM_PART4,NO,,,,NO DETECTADO,NO DETECTADO,NO DETECTADO,no localizado,,No verificado,0,P3 - revisar alcance,SIN CLASIFICAR - fuente S6 necesaria,NO VALIDADA,https://raw.githubusercontent.com/sven-n/MuMain/21728b1e5b03e0763b38ef9e23f79645e0df7ad2/src/bin/Data/Effects/EffectTypes.json,https://raw.githubusercontent.com/sven-n/MuMain/21728b1e5b03e0763b38ef9e23f79645e0df7ad2/src/source/Render/Effects/Behaviors/MoveHandlers.cpp
totemGolemPart5,MODEL_TOTEMGOLEM_PART5,NO,,,,NO DETECTADO,NO DETECTADO,NO DETECTADO,no localizado,,No verificado,0,P3 - revisar alcance,SIN CLASIFICAR - fuente S6 necesaria,NO VALIDADA,https://raw.githubusercontent.com/sven-n/MuMain/21728b1e5b03e0763b38ef9e23f79645e0df7ad2/src/bin/Data/Effects/EffectTypes.json,https://raw.githubusercontent.com/sven-n/MuMain/21728b1e5b03e0763b38ef9e23f79645e0df7ad2/src/source/Render/Effects/Behaviors/MoveHandlers.cpp
totemGolemPart6,MODEL_TOTEMGOLEM_PART6,NO,,,,NO DETECTADO,NO DETECTADO,NO DETECTADO,no localizado,,No verificado,0,P3 - revisar alcance,SIN CLASIFICAR - fuente S6 necesaria,NO VALIDADA,https://raw.githubusercontent.com/sven-n/MuMain/21728b1e5b03e0763b38ef9e23f79645e0df7ad2/src/bin/Data/Effects/EffectTypes.json,https://raw.githubusercontent.com/sven-n/MuMain/21728b1e5b03e0763b38ef9e23f79645e0df7ad2/src/source/Render/Effects/Behaviors/MoveHandlers.cpp
towerGatePlane,MODEL_TOWER_GATE_PLANE,SI,no especificados en metadatos,,,NO DETECTADO,NO DETECTADO,NO DETECTADO,owner,,No verificado,0,P3 - revisar alcance,SIN CLASIFICAR - fuente S6 necesaria,NO VALIDADA,https://raw.githubusercontent.com/sven-n/MuMain/21728b1e5b03e0763b38ef9e23f79645e0df7ad2/src/bin/Data/Effects/EffectTypes.json,https://raw.githubusercontent.com/sven-n/MuMain/21728b1e5b03e0763b38ef9e23f79645e0df7ad2/src/source/Render/Effects/Behaviors/MoveHandlers.cpp
treeAttack,MODEL_TREE_ATTACK,SI,no especificados en metadatos,,,NO DETECTADO,NO DETECTADO,NO DETECTADO,vida/movimiento,,No verificado,0,P3 - revisar alcance,SIN CLASIFICAR - fuente S6 necesaria,NO VALIDADA,https://raw.githubusercontent.com/sven-n/MuMain/21728b1e5b03e0763b38ef9e23f79645e0df7ad2/src/bin/Data/Effects/EffectTypes.json,https://raw.githubusercontent.com/sven-n/MuMain/21728b1e5b03e0763b38ef9e23f79645e0df7ad2/src/source/Render/Effects/Behaviors/MoveHandlers.cpp
twinTailEffect,MODEL_TWINTAIL_EFFECT,NO,,,,NO DETECTADO,NO DETECTADO,NO DETECTADO,vida/movimiento,,No verificado,0,P3 - revisar alcance,SIN CLASIFICAR - fuente S6 necesaria,NO VALIDADA,https://raw.githubusercontent.com/sven-n/MuMain/21728b1e5b03e0763b38ef9e23f79645e0df7ad2/src/bin/Data/Effects/EffectTypes.json,https://raw.githubusercontent.com/sven-n/MuMain/21728b1e5b03e0763b38ef9e23f79645e0df7ad2/src/source/Render/Effects/Behaviors/MoveHandlers.cpp
twlight,BITMAP_TWLIGHT,SI,0|1|2|3,3,Twlight,SI (catalogo local),SI (ruta definida),SI (terreno compartido),"textura, terreno, owner",,No verificado,1,P0 - regresion,SIN CLASIFICAR - fuente S6 necesaria,NO VALIDADA,https://raw.githubusercontent.com/sven-n/MuMain/21728b1e5b03e0763b38ef9e23f79645e0df7ad2/src/bin/Data/Effects/EffectTypes.json,https://raw.githubusercontent.com/sven-n/MuMain/21728b1e5b03e0763b38ef9e23f79645e0df7ad2/src/source/Render/Effects/Behaviors/MoveHandlers.cpp
volcanoOfMonk,MODEL_VOLCANO_OF_MONK,NO,,,,NO DETECTADO,NO DETECTADO,NO DETECTADO,particle|effect hijo|terreno|owner,,No verificado,1,P3 - revisar alcance,SIN CLASIFICAR - fuente S6 necesaria,NO VALIDADA,https://raw.githubusercontent.com/sven-n/MuMain/21728b1e5b03e0763b38ef9e23f79645e0df7ad2/src/bin/Data/Effects/EffectTypes.json,https://raw.githubusercontent.com/sven-n/MuMain/21728b1e5b03e0763b38ef9e23f79645e0df7ad2/src/source/Render/Effects/Behaviors/MoveHandlers.cpp
volcanoStone,MODEL_VOLCANO_STONE,NO,,,,NO DETECTADO,NO DETECTADO,NO DETECTADO,particle|terreno,,No verificado,2,P2 - referencia nativa,SIN CLASIFICAR - fuente S6 necesaria,NO VALIDADA,https://raw.githubusercontent.com/sven-n/MuMain/21728b1e5b03e0763b38ef9e23f79645e0df7ad2/src/bin/Data/Effects/EffectTypes.json,https://raw.githubusercontent.com/sven-n/MuMain/21728b1e5b03e0763b38ef9e23f79645e0df7ad2/src/source/Render/Effects/Behaviors/MoveHandlers.cpp
wallPart1,MODEL_WALL_PART1,NO,,,,NO DETECTADO,NO DETECTADO,NO DETECTADO,no localizado,,No verificado,0,P3 - revisar alcance,SIN CLASIFICAR - fuente S6 necesaria,NO VALIDADA,https://raw.githubusercontent.com/sven-n/MuMain/21728b1e5b03e0763b38ef9e23f79645e0df7ad2/src/bin/Data/Effects/EffectTypes.json,https://raw.githubusercontent.com/sven-n/MuMain/21728b1e5b03e0763b38ef9e23f79645e0df7ad2/src/source/Render/Effects/Behaviors/MoveHandlers.cpp
wallPart2,MODEL_WALL_PART2,NO,,,,NO DETECTADO,NO DETECTADO,NO DETECTADO,no localizado,,No verificado,0,P3 - revisar alcance,SIN CLASIFICAR - fuente S6 necesaria,NO VALIDADA,https://raw.githubusercontent.com/sven-n/MuMain/21728b1e5b03e0763b38ef9e23f79645e0df7ad2/src/bin/Data/Effects/EffectTypes.json,https://raw.githubusercontent.com/sven-n/MuMain/21728b1e5b03e0763b38ef9e23f79645e0df7ad2/src/source/Render/Effects/Behaviors/MoveHandlers.cpp
warcraft,MODEL_WARCRAFT,NO,,,,NO DETECTADO,NO DETECTADO,NO DETECTADO,owner,,No verificado,0,P3 - revisar alcance,SIN CLASIFICAR - fuente S6 necesaria,NO VALIDADA,https://raw.githubusercontent.com/sven-n/MuMain/21728b1e5b03e0763b38ef9e23f79645e0df7ad2/src/bin/Data/Effects/EffectTypes.json,https://raw.githubusercontent.com/sven-n/MuMain/21728b1e5b03e0763b38ef9e23f79645e0df7ad2/src/source/Render/Effects/Behaviors/MoveHandlers.cpp
warp,MODEL_WARP,NO,,,,NO DETECTADO,NO DETECTADO,NO DETECTADO,no localizado,,No verificado,0,P3 - revisar alcance,SIN CLASIFICAR - fuente S6 necesaria,NO VALIDADA,https://raw.githubusercontent.com/sven-n/MuMain/21728b1e5b03e0763b38ef9e23f79645e0df7ad2/src/bin/Data/Effects/EffectTypes.json,https://raw.githubusercontent.com/sven-n/MuMain/21728b1e5b03e0763b38ef9e23f79645e0df7ad2/src/source/Render/Effects/Behaviors/MoveHandlers.cpp
warp2,MODEL_WARP2,NO,,,,NO DETECTADO,NO DETECTADO,NO DETECTADO,no localizado,,No verificado,0,P3 - revisar alcance,SIN CLASIFICAR - fuente S6 necesaria,NO VALIDADA,https://raw.githubusercontent.com/sven-n/MuMain/21728b1e5b03e0763b38ef9e23f79645e0df7ad2/src/bin/Data/Effects/EffectTypes.json,https://raw.githubusercontent.com/sven-n/MuMain/21728b1e5b03e0763b38ef9e23f79645e0df7ad2/src/source/Render/Effects/Behaviors/MoveHandlers.cpp
warp3,MODEL_WARP3,SI,no especificados en metadatos,,,NO DETECTADO,NO DETECTADO,NO DETECTADO,vida/movimiento,,No verificado,0,P3 - revisar alcance,SIN CLASIFICAR - fuente S6 necesaria,NO VALIDADA,https://raw.githubusercontent.com/sven-n/MuMain/21728b1e5b03e0763b38ef9e23f79645e0df7ad2/src/bin/Data/Effects/EffectTypes.json,https://raw.githubusercontent.com/sven-n/MuMain/21728b1e5b03e0763b38ef9e23f79645e0df7ad2/src/source/Render/Effects/Behaviors/MoveHandlers.cpp
warp4,MODEL_WARP4,NO,,,,NO DETECTADO,NO DETECTADO,NO DETECTADO,no localizado,,No verificado,0,P3 - revisar alcance,SIN CLASIFICAR - fuente S6 necesaria,NO VALIDADA,https://raw.githubusercontent.com/sven-n/MuMain/21728b1e5b03e0763b38ef9e23f79645e0df7ad2/src/bin/Data/Effects/EffectTypes.json,https://raw.githubusercontent.com/sven-n/MuMain/21728b1e5b03e0763b38ef9e23f79645e0df7ad2/src/source/Render/Effects/Behaviors/MoveHandlers.cpp
warp5,MODEL_WARP5,NO,,,,NO DETECTADO,NO DETECTADO,NO DETECTADO,no localizado,,No verificado,0,P3 - revisar alcance,SIN CLASIFICAR - fuente S6 necesaria,NO VALIDADA,https://raw.githubusercontent.com/sven-n/MuMain/21728b1e5b03e0763b38ef9e23f79645e0df7ad2/src/bin/Data/Effects/EffectTypes.json,https://raw.githubusercontent.com/sven-n/MuMain/21728b1e5b03e0763b38ef9e23f79645e0df7ad2/src/source/Render/Effects/Behaviors/MoveHandlers.cpp
warp6,MODEL_WARP6,SI,no especificados en metadatos,,,NO DETECTADO,NO DETECTADO,NO DETECTADO,no localizado,,No verificado,0,P3 - revisar alcance,SIN CLASIFICAR - fuente S6 necesaria,NO VALIDADA,https://raw.githubusercontent.com/sven-n/MuMain/21728b1e5b03e0763b38ef9e23f79645e0df7ad2/src/bin/Data/Effects/EffectTypes.json,https://raw.githubusercontent.com/sven-n/MuMain/21728b1e5b03e0763b38ef9e23f79645e0df7ad2/src/source/Render/Effects/Behaviors/MoveHandlers.cpp
waterWave,MODEL_WATER_WAVE,SI,no especificados en metadatos,,,NO DETECTADO,NO DETECTADO,NO DETECTADO,particle|terreno,,No verificado,0,P3 - revisar alcance,SIN CLASIFICAR - fuente S6 necesaria,NO VALIDADA,https://raw.githubusercontent.com/sven-n/MuMain/21728b1e5b03e0763b38ef9e23f79645e0df7ad2/src/bin/Data/Effects/EffectTypes.json,https://raw.githubusercontent.com/sven-n/MuMain/21728b1e5b03e0763b38ef9e23f79645e0df7ad2/src/source/Render/Effects/Behaviors/MoveHandlers.cpp
waterfall4,BITMAP_WATERFALL_4,NO,,,,NO DETECTADO,NO DETECTADO,NO DETECTADO,modelo/bone|sprite|owner,,No verificado,0,P3 - revisar alcance,SIN CLASIFICAR - fuente S6 necesaria,NO VALIDADA,https://raw.githubusercontent.com/sven-n/MuMain/21728b1e5b03e0763b38ef9e23f79645e0df7ad2/src/bin/Data/Effects/EffectTypes.json,https://raw.githubusercontent.com/sven-n/MuMain/21728b1e5b03e0763b38ef9e23f79645e0df7ad2/src/source/Render/Effects/Behaviors/MoveHandlers.cpp
wave,MODEL_WAVE,SI,no especificados en metadatos,,,NO DETECTADO,NO DETECTADO,NO DETECTADO,terreno,,No verificado,1,P3 - revisar alcance,SIN CLASIFICAR - fuente S6 necesaria,NO VALIDADA,https://raw.githubusercontent.com/sven-n/MuMain/21728b1e5b03e0763b38ef9e23f79645e0df7ad2/src/bin/Data/Effects/EffectTypes.json,https://raw.githubusercontent.com/sven-n/MuMain/21728b1e5b03e0763b38ef9e23f79645e0df7ad2/src/source/Render/Effects/Behaviors/MoveHandlers.cpp
waveForce,MODEL_WAVE_FORCE,NO,,,,NO DETECTADO,NO DETECTADO,NO DETECTADO,terreno,,No verificado,0,P1 - verificar S6,SIN CLASIFICAR - fuente S6 necesaria,NO VALIDADA,https://raw.githubusercontent.com/sven-n/MuMain/21728b1e5b03e0763b38ef9e23f79645e0df7ad2/src/bin/Data/Effects/EffectTypes.json,https://raw.githubusercontent.com/sven-n/MuMain/21728b1e5b03e0763b38ef9e23f79645e0df7ad2/src/source/Render/Effects/Behaviors/MoveHandlers.cpp
waves,MODEL_WAVES,NO,,,,NO DETECTADO,NO DETECTADO,NO DETECTADO,vida/movimiento,,No verificado,6,P1 - verificar S6,SIN CLASIFICAR - fuente S6 necesaria,NO VALIDADA,https://raw.githubusercontent.com/sven-n/MuMain/21728b1e5b03e0763b38ef9e23f79645e0df7ad2/src/bin/Data/Effects/EffectTypes.json,https://raw.githubusercontent.com/sven-n/MuMain/21728b1e5b03e0763b38ef9e23f79645e0df7ad2/src/source/Render/Effects/Behaviors/MoveHandlers.cpp
windForce,MODEL_WINDFOCE,SI,1|2|3,,,NO DETECTADO,NO DETECTADO,NO DETECTADO,effect hijo|owner,,No verificado,2,P1 - verificar S6,SIN CLASIFICAR - fuente S6 necesaria,NO VALIDADA,https://raw.githubusercontent.com/sven-n/MuMain/21728b1e5b03e0763b38ef9e23f79645e0df7ad2/src/bin/Data/Effects/EffectTypes.json,https://raw.githubusercontent.com/sven-n/MuMain/21728b1e5b03e0763b38ef9e23f79645e0df7ad2/src/source/Render/Effects/Behaviors/MoveHandlers.cpp
windForceMirror,MODEL_WINDFOCE_MIRROR,SI,no especificados en metadatos,,,NO DETECTADO,NO DETECTADO,NO DETECTADO,owner,,No verificado,1,P3 - revisar alcance,SIN CLASIFICAR - fuente S6 necesaria,NO VALIDADA,https://raw.githubusercontent.com/sven-n/MuMain/21728b1e5b03e0763b38ef9e23f79645e0df7ad2/src/bin/Data/Effects/EffectTypes.json,https://raw.githubusercontent.com/sven-n/MuMain/21728b1e5b03e0763b38ef9e23f79645e0df7ad2/src/source/Render/Effects/Behaviors/MoveHandlers.cpp
wolfHeadEffect,MODEL_WOLF_HEAD_EFFECT,NO,,,,NO DETECTADO,NO DETECTADO,NO DETECTADO,modelo/bone|joint|effect hijo|owner,,No verificado,2,P2 - referencia nativa,SIN CLASIFICAR - fuente S6 necesaria,NO VALIDADA,https://raw.githubusercontent.com/sven-n/MuMain/21728b1e5b03e0763b38ef9e23f79645e0df7ad2/src/bin/Data/Effects/EffectTypes.json,https://raw.githubusercontent.com/sven-n/MuMain/21728b1e5b03e0763b38ef9e23f79645e0df7ad2/src/source/Render/Effects/Behaviors/MoveHandlers.cpp
wolfHeadEffect2,MODEL_WOLF_HEAD_EFFECT2,NO,,,,NO DETECTADO,NO DETECTADO,NO DETECTADO,modelo/bone|effect hijo|owner,,No verificado,4,P2 - referencia nativa,SIN CLASIFICAR - fuente S6 necesaria,NO VALIDADA,https://raw.githubusercontent.com/sven-n/MuMain/21728b1e5b03e0763b38ef9e23f79645e0df7ad2/src/bin/Data/Effects/EffectTypes.json,https://raw.githubusercontent.com/sven-n/MuMain/21728b1e5b03e0763b38ef9e23f79645e0df7ad2/src/source/Render/Effects/Behaviors/MoveHandlers.cpp
woosistone,MODEL_WOOSISTONE,NO,,,,NO DETECTADO,NO DETECTADO,NO DETECTADO,no localizado,,No verificado,1,P3 - revisar alcance,SIN CLASIFICAR - fuente S6 necesaria,NO VALIDADA,https://raw.githubusercontent.com/sven-n/MuMain/21728b1e5b03e0763b38ef9e23f79645e0df7ad2/src/bin/Data/Effects/EffectTypes.json,https://raw.githubusercontent.com/sven-n/MuMain/21728b1e5b03e0763b38ef9e23f79645e0df7ad2/src/source/Render/Effects/Behaviors/MoveHandlers.cpp
xmas2008SnowmanBody,MODEL_XMAS2008_SNOWMAN_BODY,NO,,,,NO DETECTADO,NO DETECTADO,NO DETECTADO,modelo/bone,,No verificado,0,P3 - revisar alcance,SIN CLASIFICAR - fuente S6 necesaria,NO VALIDADA,https://raw.githubusercontent.com/sven-n/MuMain/21728b1e5b03e0763b38ef9e23f79645e0df7ad2/src/bin/Data/Effects/EffectTypes.json,https://raw.githubusercontent.com/sven-n/MuMain/21728b1e5b03e0763b38ef9e23f79645e0df7ad2/src/source/Render/Effects/Behaviors/MoveHandlers.cpp
xmas2008SnowmanHead,MODEL_XMAS2008_SNOWMAN_HEAD,NO,,,,NO DETECTADO,NO DETECTADO,NO DETECTADO,terreno,,No verificado,0,P3 - revisar alcance,SIN CLASIFICAR - fuente S6 necesaria,NO VALIDADA,https://raw.githubusercontent.com/sven-n/MuMain/21728b1e5b03e0763b38ef9e23f79645e0df7ad2/src/bin/Data/Effects/EffectTypes.json,https://raw.githubusercontent.com/sven-n/MuMain/21728b1e5b03e0763b38ef9e23f79645e0df7ad2/src/source/Render/Effects/Behaviors/MoveHandlers.cpp
xmasEventBox,MODEL_XMAS_EVENT_BOX,NO,,,,NO DETECTADO,NO DETECTADO,NO DETECTADO,terreno,,No verificado,0,P3 - revisar alcance,SIN CLASIFICAR - fuente S6 necesaria,NO VALIDADA,https://raw.githubusercontent.com/sven-n/MuMain/21728b1e5b03e0763b38ef9e23f79645e0df7ad2/src/bin/Data/Effects/EffectTypes.json,https://raw.githubusercontent.com/sven-n/MuMain/21728b1e5b03e0763b38ef9e23f79645e0df7ad2/src/source/Render/Effects/Behaviors/MoveHandlers.cpp
xmasEventCandy,MODEL_XMAS_EVENT_CANDY,NO,,,,NO DETECTADO,NO DETECTADO,NO DETECTADO,no localizado,,No verificado,0,P3 - revisar alcance,SIN CLASIFICAR - fuente S6 necesaria,NO VALIDADA,https://raw.githubusercontent.com/sven-n/MuMain/21728b1e5b03e0763b38ef9e23f79645e0df7ad2/src/bin/Data/Effects/EffectTypes.json,https://raw.githubusercontent.com/sven-n/MuMain/21728b1e5b03e0763b38ef9e23f79645e0df7ad2/src/source/Render/Effects/Behaviors/MoveHandlers.cpp
xmasEventIceHeart,MODEL_XMAS_EVENT_ICEHEART,NO,,,,NO DETECTADO,NO DETECTADO,NO DETECTADO,owner,,No verificado,0,P3 - revisar alcance,SIN CLASIFICAR - fuente S6 necesaria,NO VALIDADA,https://raw.githubusercontent.com/sven-n/MuMain/21728b1e5b03e0763b38ef9e23f79645e0df7ad2/src/bin/Data/Effects/EffectTypes.json,https://raw.githubusercontent.com/sven-n/MuMain/21728b1e5b03e0763b38ef9e23f79645e0df7ad2/src/source/Render/Effects/Behaviors/MoveHandlers.cpp
xmasEventSocks,MODEL_XMAS_EVENT_SOCKS,NO,,,,NO DETECTADO,NO DETECTADO,NO DETECTADO,no localizado,,No verificado,0,P3 - revisar alcance,SIN CLASIFICAR - fuente S6 necesaria,NO VALIDADA,https://raw.githubusercontent.com/sven-n/MuMain/21728b1e5b03e0763b38ef9e23f79645e0df7ad2/src/bin/Data/Effects/EffectTypes.json,https://raw.githubusercontent.com/sven-n/MuMain/21728b1e5b03e0763b38ef9e23f79645e0df7ad2/src/source/Render/Effects/Behaviors/MoveHandlers.cpp
xmasEventTree,MODEL_XMAS_EVENT_TREE,NO,,,,NO DETECTADO,NO DETECTADO,NO DETECTADO,no localizado,,No verificado,0,P3 - revisar alcance,SIN CLASIFICAR - fuente S6 necesaria,NO VALIDADA,https://raw.githubusercontent.com/sven-n/MuMain/21728b1e5b03e0763b38ef9e23f79645e0df7ad2/src/bin/Data/Effects/EffectTypes.json,https://raw.githubusercontent.com/sven-n/MuMain/21728b1e5b03e0763b38ef9e23f79645e0df7ad2/src/source/Render/Effects/Behaviors/MoveHandlers.cpp
