simbolo_main,nombre_catalogo,estado_cliente,tipo_cliente,metadatos_create,subtipos_documentados,llamadas_directas_detectadas,llamadas_hijas_en_ZzzEffect,move_handler_nativo,render_case_nativo,modelo_accessmodel,confianza_modelo,caso_create_nativo,prioridad_estatica,aviso
MODEL_FIRE,fireModel,SIN MAPEO LOCAL,,NO,,15,0,NO DETECTADO,NO DETECTADO,Skill/Fire[index=1].bmd,REVISAR_INDICE,SI,P1 - llamada directa de Character/MagicSkill,Las llamadas dinamicas y subtipos no estan representados; no equivale a completitud.
BITMAP_MAGIC+1,magicGround2,MAPEADO - NO IMPLICA FIDELIDAD,MagicGround2,NO,,10,2,NO DETECTADO,SI,,,SI,P1 - llamada directa de Character/MagicSkill,Las llamadas dinamicas y subtipos no estan representados; no equivale a completitud.
BITMAP_MAGIC_ZIN,magicZin,MAPEADO - NO IMPLICA FIDELIDAD,MagicZin,SI,0|1|2,10,0,SI,SI,,,NO DETECTADO,P1 - llamada directa de Character/MagicSkill,Las llamadas dinamicas y subtipos no estan representados; no equivale a completitud.
MODEL_DARKLORD_SKILL,darkLordSkill,SIN MAPEO LOCAL,,NO,,10,0,SI,NO DETECTADO,Skill/DarkLordSkill.bmd,RUTA_DE_ACCESSMODEL,SI,P1 - llamada directa de Character/MagicSkill,Las llamadas dinamicas y subtipos no estan representados; no equivale a completitud.
MODEL_MAGIC2,magic2,SIN MAPEO LOCAL,,NO,,8,0,SI,NO DETECTADO,Skill/Magic[index=2].bmd,REVISAR_INDICE,SI,P1 - llamada directa de Character/MagicSkill,Las llamadas dinamicas y subtipos no estan representados; no equivale a completitud.
MODEL_SKILL_INFERNO,skillInferno,SIN MAPEO LOCAL,,NO,,7,2,SI,NO DETECTADO,Skill/Inferno[index=1].bmd,REVISAR_INDICE,SI,P1 - llamada directa de Character/MagicSkill,Las llamadas dinamicas y subtipos no estan representados; no equivale a completitud.
MODEL_FENRIR_THUNDER,fenrirThunder,SIN MAPEO LOCAL,,NO,,6,1,SI,SI,Effect/lightning_type01.bmd,RUTA_DE_ACCESSMODEL,SI,P1 - llamada directa de Character/MagicSkill,Las llamadas dinamicas y subtipos no estan representados; no equivale a completitud.
MODEL_ALICE_BUFFSKILL_EFFECT,aliceBuffSkillEffect,SIN MAPEO LOCAL,,SI,0|1|2|3|4,6,0,SI,SI,Effect/elshildring.bmd,RUTA_DE_ACCESSMODEL,NO DETECTADO,P1 - llamada directa de Character/MagicSkill,Las llamadas dinamicas y subtipos no estan representados; no equivale a completitud.
MODEL_ARROW,arrow,SIN MAPEO LOCAL,,NO,,5,0,SI,NO DETECTADO,Skill/Arrow[index=1].bmd,REVISAR_INDICE,SI,P1 - llamada directa de Character/MagicSkill,Las llamadas dinamicas y subtipos no estan representados; no equivale a completitud.
MODEL_EFFECT_FIRE_HIK3_MONO,effectFireHik3Mono,SIN MAPEO LOCAL,,NO,,5,0,NO DETECTADO,NO DETECTADO,,,SI,P1 - llamada directa de Character/MagicSkill,Las llamadas dinamicas y subtipos no estan representados; no equivale a completitud.
MODEL_PIERCING+1,piercingFire,SIN MAPEO LOCAL,,NO,,5,0,NO DETECTADO,NO DETECTADO,,,SI,P1 - llamada directa de Character/MagicSkill,Las llamadas dinamicas y subtipos no estan representados; no equivale a completitud.
MODEL_SKILL_BLAST,skillBlast,SIN MAPEO LOCAL,,NO,,5,0,SI,NO DETECTADO,Skill/Blast[index=1].bmd,REVISAR_INDICE,SI,P1 - llamada directa de Character/MagicSkill,Las llamadas dinamicas y subtipos no estan representados; no equivale a completitud.
BITMAP_PIN_LIGHT,pinLight,SIN MAPEO LOCAL,,NO,,4,0,SI,NO DETECTADO,,,SI,P1 - llamada directa de Character/MagicSkill,Las llamadas dinamicas y subtipos no estan representados; no equivale a completitud.
BITMAP_SHINY+6,shiny5,SIN MAPEO LOCAL,,SI,0|1|2|3,4,0,NO DETECTADO,NO DETECTADO,,,NO DETECTADO,P1 - llamada directa de Character/MagicSkill,Las llamadas dinamicas y subtipos no estan representados; no equivale a completitud.
MODEL_ALICE_BUFFSKILL_EFFECT2,aliceBuffSkillEffect2,SIN MAPEO LOCAL,,SI,0 (predeterminado),4,0,NO DETECTADO,SI,Effect/elshildring2.bmd,RUTA_DE_ACCESSMODEL,NO DETECTADO,P1 - llamada directa de Character/MagicSkill,Las llamadas dinamicas y subtipos no estan representados; no equivale a completitud.
MODEL_ARROW_BOMB,arrowBomb,SIN MAPEO LOCAL,,NO,,4,0,SI,NO DETECTADO,Skill/ArrowBomb[index=1].bmd,REVISAR_INDICE,SI,P1 - llamada directa de Character/MagicSkill,Las llamadas dinamicas y subtipos no estan representados; no equivale a completitud.
MODEL_CIRCLE,circle,SIN MAPEO LOCAL,,NO,,4,0,SI,NO DETECTADO,Skill/Circle[index=1].bmd,REVISAR_INDICE,SI,P1 - llamada directa de Character/MagicSkill,Las llamadas dinamicas y subtipos no estan representados; no equivale a completitud.
MODEL_FEATHER,feather,SIN MAPEO LOCAL,,NO,,4,0,NO DETECTADO,NO DETECTADO,Skill/darkwing_hetachi.bmd,RUTA_DE_ACCESSMODEL,SI,P1 - llamada directa de Character/MagicSkill,Las llamadas dinamicas y subtipos no estan representados; no equivale a completitud.
MODEL_PIER_PART,pierPart,SIN MAPEO LOCAL,,NO,,4,0,SI,SI,Skill/PierPart.bmd,RUTA_DE_ACCESSMODEL,SI,P1 - llamada directa de Character/MagicSkill,Las llamadas dinamicas y subtipos no estan representados; no equivale a completitud.
MODEL_SPEAR,lightSpear,SIN MAPEO LOCAL,,SI,0 (predeterminado),4,0,NO DETECTADO,NO DETECTADO,,,NO DETECTADO,P1 - llamada directa de Character/MagicSkill,Las llamadas dinamicas y subtipos no estan representados; no equivale a completitud.
BITMAP_BOSS_LASER,bossLaser,SIN MAPEO LOCAL,,NO,,3,0,NO DETECTADO,SI,,,SI,P1 - llamada directa de Character/MagicSkill,Las llamadas dinamicas y subtipos no estan representados; no equivale a completitud.
BITMAP_FLARE_FORCE,flareForce,SIN MAPEO LOCAL,,NO,,3,0,SI,NO DETECTADO,,,SI,P1 - llamada directa de Character/MagicSkill,Las llamadas dinamicas y subtipos no estan representados; no equivale a completitud.
BITMAP_GATHERING,gathering,SIN MAPEO LOCAL,,NO,,3,0,SI,NO DETECTADO,,,SI,P1 - llamada directa de Character/MagicSkill,Las llamadas dinamicas y subtipos no estan representados; no equivale a completitud.
MODEL_CIRCLE_LIGHT,circleLight,SIN MAPEO LOCAL,,SI,1|2|3|4,3,0,SI,NO DETECTADO,Skill/Circle[index=2].bmd,REVISAR_INDICE,NO DETECTADO,P1 - llamada directa de Character/MagicSkill,Las llamadas dinamicas y subtipos no estan representados; no equivale a completitud.
MODEL_DARK_SCREAM,darkScream,SIN MAPEO LOCAL,,NO,,3,0,NO DETECTADO,NO DETECTADO,Skill/darkfirescrem02.bmd,RUTA_DE_ACCESSMODEL,SI,P1 - llamada directa de Character/MagicSkill,Las llamadas dinamicas y subtipos no estan representados; no equivale a completitud.
MODEL_DARK_SCREAM_FIRE,darkScreamFire,SIN MAPEO LOCAL,,NO,,3,0,SI,NO DETECTADO,Skill/darkfirescrem01.bmd,RUTA_DE_ACCESSMODEL,SI,P1 - llamada directa de Character/MagicSkill,Las llamadas dinamicas y subtipos no estan representados; no equivale a completitud.
MODEL_SKILL_JAVELIN,skillJavelin,SIN MAPEO LOCAL,,NO,,3,0,SI,NO DETECTADO,Skill/Javelin.bmd,RUTA_DE_ACCESSMODEL,SI,P1 - llamada directa de Character/MagicSkill,Las llamadas dinamicas y subtipos no estan representados; no equivale a completitud.
BITMAP_FLAME,flame,SIN MAPEO LOCAL,,NO,,2,0,SI,SI,,,SI,P1 - llamada directa de Character/MagicSkill,Las llamadas dinamicas y subtipos no estan representados; no equivale a completitud.
BITMAP_SPARK+1,spark3,SIN MAPEO LOCAL,,SI,0 (predeterminado),2,0,NO DETECTADO,NO DETECTADO,,,NO DETECTADO,P1 - llamada directa de Character/MagicSkill,Las llamadas dinamicas y subtipos no estan representados; no equivale a completitud.
BITMAP_SWORD_FORCE,swordForce,SIN MAPEO LOCAL,,NO,,2,0,SI,NO DETECTADO,,,SI,P1 - llamada directa de Character/MagicSkill,Las llamadas dinamicas y subtipos no estan representados; no equivale a completitud.
MODEL_ARROW_STEEL,arrowSteel,SIN MAPEO LOCAL,,NO,,2,0,SI,NO DETECTADO,Skill/ArrowSteel[index=1].bmd,REVISAR_INDICE,SI,P1 - llamada directa de Character/MagicSkill,Las llamadas dinamicas y subtipos no estan representados; no equivale a completitud.
MODEL_BONE1,bone1,SIN MAPEO LOCAL,,NO,,2,0,NO DETECTADO,NO DETECTADO,,,SI,P1 - llamada directa de Character/MagicSkill,Las llamadas dinamicas y subtipos no estan representados; no equivale a completitud.
MODEL_BONE2,bone2,SIN MAPEO LOCAL,,NO,,2,0,NO DETECTADO,NO DETECTADO,,,SI,P1 - llamada directa de Character/MagicSkill,Las llamadas dinamicas y subtipos no estan representados; no equivale a completitud.
MODEL_MOONHARVEST_MOON,moonHarvestMoon,SIN MAPEO LOCAL,,SI,0|1|2,2,0,SI,SI,Effect/chysukmoon.bmd,RUTA_DE_ACCESSMODEL,NO DETECTADO,P1 - llamada directa de Character/MagicSkill,Las llamadas dinamicas y subtipos no estan representados; no equivale a completitud.
MODEL_STAFF_OF_DESTRUCTION,staffOfDestruction,SIN MAPEO LOCAL,,SI,0 (predeterminado),2,0,SI,SI,,,NO DETECTADO,P1 - llamada directa de Character/MagicSkill,Las llamadas dinamicas y subtipos no estan representados; no equivale a completitud.
MODEL_SUMMONER_CASTING_EFFECT2,summonerCastingEffect2,MAPEADO - NO IMPLICA FIDELIDAD,SummonerCasting2,SI,0,2,0,NO DETECTADO,SI,Effect/Suhwanzin2.bmd,RUTA_DE_ACCESSMODEL,NO DETECTADO,P1 - llamada directa de Character/MagicSkill,Las llamadas dinamicas y subtipos no estan representados; no equivale a completitud.
MODEL_SUMMONER_CASTING_EFFECT22,summonerCastingEffect22,MAPEADO - NO IMPLICA FIDELIDAD,SummonerCasting22,SI,0,2,0,NO DETECTADO,SI,Effect/Suhwanzin22.bmd,RUTA_DE_ACCESSMODEL,NO DETECTADO,P1 - llamada directa de Character/MagicSkill,Las llamadas dinamicas y subtipos no estan representados; no equivale a completitud.
MODEL_SUMMONER_CASTING_EFFECT222,summonerCastingEffect222,MAPEADO - NO IMPLICA FIDELIDAD,SummonerCasting222,SI,0,2,0,NO DETECTADO,SI,Effect/Suhwanzin222.bmd,RUTA_DE_ACCESSMODEL,NO DETECTADO,P1 - llamada directa de Character/MagicSkill,Las llamadas dinamicas y subtipos no estan representados; no equivale a completitud.
MODEL_SWORD_FORCE,swordForceModel,MAPEADO - NO IMPLICA FIDELIDAD,SwordForce,SI,0|2|1|3,2,0,SI,NO DETECTADO,Skill/SwordForce.bmd,RUTA_DE_ACCESSMODEL,NO DETECTADO,P1 - llamada directa de Character/MagicSkill,Las llamadas dinamicas y subtipos no estan representados; no equivale a completitud.
MODEL_WAVES,waves,SIN MAPEO LOCAL,,NO,,2,0,SI,NO DETECTADO,Skill/m_Waves.bmd,RUTA_DE_ACCESSMODEL,SI,P1 - llamada directa de Character/MagicSkill,Las llamadas dinamicas y subtipos no estan representados; no equivale a completitud.
MODEL_BLOW_OF_DESTRUCTION,blowOfDestruction,SIN MAPEO LOCAL,,NO,,1,1,SI,SI,,,SI,P1 - llamada directa de Character/MagicSkill,Las llamadas dinamicas y subtipos no estan representados; no equivale a completitud.
MODEL_LIGHTNING_ORB,lightningOrb,SIN MAPEO LOCAL,,SI,0|1,1,1,NO DETECTADO,NO DETECTADO,,,NO DETECTADO,P1 - llamada directa de Character/MagicSkill,Las llamadas dinamicas y subtipos no estan representados; no equivale a completitud.
MODEL_WOOSISTONE,woosistone,SIN MAPEO LOCAL,,NO,,1,1,NO DETECTADO,NO DETECTADO,Skill/woositone.bmd,RUTA_DE_ACCESSMODEL,SI,P1 - llamada directa de Character/MagicSkill,Las llamadas dinamicas y subtipos no estan representados; no equivale a completitud.
BITMAP_BLIZZARD,blizzard,SIN MAPEO LOCAL,,NO,,1,0,SI,NO DETECTADO,,,SI,P1 - llamada directa de Character/MagicSkill,Las llamadas dinamicas y subtipos no estan representados; no equivale a completitud.
BITMAP_BOSS_LASER+1,bossLaser2,SIN MAPEO LOCAL,,NO,,1,0,NO DETECTADO,SI,,,SI,P1 - llamada directa de Character/MagicSkill,Las llamadas dinamicas y subtipos no estan representados; no equivale a completitud.
BITMAP_ENERGY,energy,SIN MAPEO LOCAL,,SI,0,1,0,NO DETECTADO,NO DETECTADO,,,NO DETECTADO,P1 - llamada directa de Character/MagicSkill,Las llamadas dinamicas y subtipos no estan representados; no equivale a completitud.
BITMAP_FIRE+1,fire2,SIN MAPEO LOCAL,,NO,,1,0,NO DETECTADO,NO DETECTADO,,,SI,P1 - llamada directa de Character/MagicSkill,Las llamadas dinamicas y subtipos no estan representados; no equivale a completitud.
BITMAP_FIRECRACKER0001,firecracker1,SIN MAPEO LOCAL,,SI,0 (predeterminado),1,0,SI,NO DETECTADO,,,NO DETECTADO,P1 - llamada directa de Character/MagicSkill,Las llamadas dinamicas y subtipos no estan representados; no equivale a completitud.
BITMAP_JOINT_THUNDER,jointThunder,SIN MAPEO LOCAL,,SI,0 (predeterminado),1,0,SI,NO DETECTADO,,,NO DETECTADO,P1 - llamada directa de Character/MagicSkill,Las llamadas dinamicas y subtipos no estan representados; no equivale a completitud.
BITMAP_LIGHT,light,SIN MAPEO LOCAL,,NO,,1,0,NO DETECTADO,NO DETECTADO,,,SI,P1 - llamada directa de Character/MagicSkill,Las llamadas dinamicas y subtipos no estan representados; no equivale a completitud.
BITMAP_LIGHT_MARKS,lightMarks,SIN MAPEO LOCAL,,SI,0 (predeterminado),1,0,NO DETECTADO,SI,,,NO DETECTADO,P1 - llamada directa de Character/MagicSkill,Las llamadas dinamicas y subtipos no estan representados; no equivale a completitud.
BITMAP_ORORA,orora,SIN MAPEO LOCAL,,NO,,1,0,SI,NO DETECTADO,,,SI,P1 - llamada directa de Character/MagicSkill,Las llamadas dinamicas y subtipos no estan representados; no equivale a completitud.
BITMAP_SHOTGUN,shotgun,SIN MAPEO LOCAL,,NO,,1,0,SI,NO DETECTADO,,,SI,P1 - llamada directa de Character/MagicSkill,Las llamadas dinamicas y subtipos no estan representados; no equivale a completitud.
BITMAP_SPARK+2,sparks,SIN MAPEO LOCAL,,SI,0 (predeterminado),1,0,NO DETECTADO,NO DETECTADO,,,NO DETECTADO,P1 - llamada directa de Character/MagicSkill,Las llamadas dinamicas y subtipos no estan representados; no equivale a completitud.
MODEL_ALICE_DRAIN_LIFE,aliceDrainLife,SIN MAPEO LOCAL,,SI,0,1,0,SI,NO DETECTADO,,,NO DETECTADO,P1 - llamada directa de Character/MagicSkill,Las llamadas dinamicas y subtipos no estan representados; no equivale a completitud.
MODEL_ARROW_BEST_CROSSBOW,arrowBestCrossbow,SIN MAPEO LOCAL,,NO,,1,0,SI,SI,Skill/KCross.bmd,RUTA_DE_ACCESSMODEL,SI,P1 - llamada directa de Character/MagicSkill,Las llamadas dinamicas y subtipos no estan representados; no equivale a completitud.
MODEL_ARROW_DARKSTINGER,arrowDarkStinger,SIN MAPEO LOCAL,,NO,,1,0,SI,NO DETECTADO,Skill/sketbows_arrows.bmd,RUTA_DE_ACCESSMODEL,SI,P1 - llamada directa de Character/MagicSkill,Las llamadas dinamicas y subtipos no estan representados; no equivale a completitud.
MODEL_ARROW_DOUBLE,arrowDouble,SIN MAPEO LOCAL,,NO,,1,0,SI,NO DETECTADO,Skill/ArrowDouble[index=1].bmd,REVISAR_INDICE,SI,P1 - llamada directa de Character/MagicSkill,Las llamadas dinamicas y subtipos no estan representados; no equivale a completitud.
MODEL_ARROW_DRILL,arrowDrill,SIN MAPEO LOCAL,,NO,,1,0,SI,NO DETECTADO,Skill/Carow.bmd,RUTA_DE_ACCESSMODEL,SI,P1 - llamada directa de Character/MagicSkill,Las llamadas dinamicas y subtipos no estan representados; no equivale a completitud.
MODEL_ARROW_GAMBLE,arrowGamble,SIN MAPEO LOCAL,,NO,,1,0,NO DETECTADO,NO DETECTADO,Skill/gamble_arrows01.bmd,RUTA_DE_ACCESSMODEL,SI,P1 - llamada directa de Character/MagicSkill,Las llamadas dinamicas y subtipos no estan representados; no equivale a completitud.
MODEL_ARROW_HOLY,arrowHoly,SIN MAPEO LOCAL,,NO,,1,0,SI,SI,,,SI,P1 - llamada directa de Character/MagicSkill,Las llamadas dinamicas y subtipos no estan representados; no equivale a completitud.
MODEL_ARROW_IMPACT,arrowImpact,SIN MAPEO LOCAL,,NO,,1,0,SI,NO DETECTADO,Skill/ArrowImpact.bmd,RUTA_DE_ACCESSMODEL,SI,P1 - llamada directa de Character/MagicSkill,Las llamadas dinamicas y subtipos no estan representados; no equivale a completitud.
MODEL_ARROW_LASER,arrowLaser,SIN MAPEO LOCAL,,NO,,1,0,NO DETECTADO,NO DETECTADO,Skill/ArrowLaser[index=1].bmd,REVISAR_INDICE,SI,P1 - llamada directa de Character/MagicSkill,Las llamadas dinamicas y subtipos no estan representados; no equivale a completitud.
MODEL_ARROW_NATURE,arrowNature,SIN MAPEO LOCAL,,NO,,1,0,NO DETECTADO,NO DETECTADO,Skill/ArrowNature[index=1].bmd,REVISAR_INDICE,SI,P1 - llamada directa de Character/MagicSkill,Las llamadas dinamicas y subtipos no estan representados; no equivale a completitud.
MODEL_ARROW_RING,arrowRing,SIN MAPEO LOCAL,,NO,,1,0,SI,NO DETECTADO,Skill/CW_Bow_Skill.bmd,RUTA_DE_ACCESSMODEL,SI,P1 - llamada directa de Character/MagicSkill,Las llamadas dinamicas y subtipos no estan representados; no equivale a completitud.
MODEL_ARROW_SAW,arrowSaw,SIN MAPEO LOCAL,,NO,,1,0,NO DETECTADO,NO DETECTADO,Skill/ArrowSaw[index=1].bmd,REVISAR_INDICE,SI,P1 - llamada directa de Character/MagicSkill,Las llamadas dinamicas y subtipos no estan representados; no equivale a completitud.
MODEL_ARROW_SPARK,arrowSpark,SIN MAPEO LOCAL,,NO,,1,0,SI,NO DETECTADO,Skill/Arrow_Spark.bmd,RUTA_DE_ACCESSMODEL,SI,P1 - llamada directa de Character/MagicSkill,Las llamadas dinamicas y subtipos no estan representados; no equivale a completitud.
MODEL_ARROW_THUNDER,arrowThunder,SIN MAPEO LOCAL,,NO,,1,0,NO DETECTADO,NO DETECTADO,Skill/ArrowThunder[index=1].bmd,REVISAR_INDICE,SI,P1 - llamada directa de Character/MagicSkill,Las llamadas dinamicas y subtipos no estan representados; no equivale a completitud.
MODEL_ARROW_V,arrowV,SIN MAPEO LOCAL,,NO,,1,0,NO DETECTADO,NO DETECTADO,Skill/ArrowV[index=1].bmd,REVISAR_INDICE,SI,P1 - llamada directa de Character/MagicSkill,Las llamadas dinamicas y subtipos no estan representados; no equivale a completitud.
MODEL_ARROW_WING,arrowWing,SIN MAPEO LOCAL,,NO,,1,0,NO DETECTADO,NO DETECTADO,Skill/ArrowWing[index=1].bmd,REVISAR_INDICE,SI,P1 - llamada directa de Character/MagicSkill,Las llamadas dinamicas y subtipos no estan representados; no equivale a completitud.
MODEL_BIG_STONE1,bigStone1,SIN MAPEO LOCAL,,NO,,1,0,NO DETECTADO,NO DETECTADO,,,SI,P1 - llamada directa de Character/MagicSkill,Las llamadas dinamicas y subtipos no estan representados; no equivale a completitud.
MODEL_BIG_STONE2,bigStone2,SIN MAPEO LOCAL,,NO,,1,0,NO DETECTADO,NO DETECTADO,,,SI,P1 - llamada directa de Character/MagicSkill,Las llamadas dinamicas y subtipos no estan representados; no equivale a completitud.
MODEL_BLIZZARD,blizzardModel,SIN MAPEO LOCAL,,NO,,1,0,SI,NO DETECTADO,Skill/Blizzard.bmd,RUTA_DE_ACCESSMODEL,SI,P1 - llamada directa de Character/MagicSkill,Las llamadas dinamicas y subtipos no estan representados; no equivale a completitud.
MODEL_EFFECT_FLAME_STRIKE,effectFlameStrike,SIN MAPEO LOCAL,,NO,,1,0,SI,SI,Effect/FlameStrike.bmd,RUTA_DE_ACCESSMODEL,SI,P1 - llamada directa de Character/MagicSkill,Las llamadas dinamicas y subtipos no estan representados; no equivale a completitud.
MODEL_EFFECT_SAPITRES_ATTACK,effectSapitresAttack,SIN MAPEO LOCAL,,NO,,1,0,SI,NO DETECTADO,,,SI,P1 - llamada directa de Character/MagicSkill,Las llamadas dinamicas y subtipos no estan representados; no equivale a completitud.
MODEL_ICE,ice,SIN MAPEO LOCAL,,NO,,1,0,NO DETECTADO,NO DETECTADO,Skill/Ice[index=1].bmd,REVISAR_INDICE,SI,P1 - llamada directa de Character/MagicSkill,Las llamadas dinamicas y subtipos no estan representados; no equivale a completitud.
MODEL_ICE_SMALL,iceSmall,SIN MAPEO LOCAL,,NO,,1,0,SI,NO DETECTADO,Skill/Ice[index=2].bmd,REVISAR_INDICE,SI,P1 - llamada directa de Character/MagicSkill,Las llamadas dinamicas y subtipos no estan representados; no equivale a completitud.
MODEL_LACEARROW,laceArrow,SIN MAPEO LOCAL,,NO,,1,0,NO DETECTADO,NO DETECTADO,Skill/LaceArrow.bmd,RUTA_DE_ACCESSMODEL,SI,P1 - llamada directa de Character/MagicSkill,Las llamadas dinamicas y subtipos no estan representados; no equivale a completitud.
MODEL_LIGHTNING_SHOCK,lightningShock,SIN MAPEO LOCAL,,NO,,1,0,SI,NO DETECTADO,,,SI,P1 - llamada directa de Character/MagicSkill,Las llamadas dinamicas y subtipos no estan representados; no equivale a completitud.
MODEL_MANA_RUNE,manaRune,SIN MAPEO LOCAL,,SI,0|1,1,0,SI,NO DETECTADO,Skill/ManaRune.bmd,RUTA_DE_ACCESSMODEL,NO DETECTADO,P1 - llamada directa de Character/MagicSkill,Las llamadas dinamicas y subtipos no estan representados; no equivale a completitud.
MODEL_MOONHARVEST_GAM,moonHarvestGam,SIN MAPEO LOCAL,,NO,,1,0,SI,SI,Effect/chusukgam.bmd,RUTA_DE_ACCESSMODEL,SI,P1 - llamada directa de Character/MagicSkill,Las llamadas dinamicas y subtipos no estan representados; no equivale a completitud.
MODEL_MOONHARVEST_SONGPUEN1,moonHarvestSongpuen1,SIN MAPEO LOCAL,,NO,,1,0,NO DETECTADO,SI,Effect/chusukseung1.bmd,RUTA_DE_ACCESSMODEL,SI,P1 - llamada directa de Character/MagicSkill,Las llamadas dinamicas y subtipos no estan representados; no equivale a completitud.
MODEL_MOONHARVEST_SONGPUEN2,moonHarvestSongpuen2,SIN MAPEO LOCAL,,NO,,1,0,NO DETECTADO,SI,Effect/chusukseung2.bmd,RUTA_DE_ACCESSMODEL,SI,P1 - llamada directa de Character/MagicSkill,Las llamadas dinamicas y subtipos no estan representados; no equivale a completitud.
MODEL_NEWYEARSDAY_EVENT_BEKSULKI,newYearsDayEventBeksulki,SIN MAPEO LOCAL,,NO,,1,0,SI,SI,,,SI,P1 - llamada directa de Character/MagicSkill,Las llamadas dinamicas y subtipos no estan representados; no equivale a completitud.
MODEL_PIERCING2,piercing2,SIN MAPEO LOCAL,,SI,1|2,1,0,SI,SI,Skill/m_Piercing.bmd,RUTA_DE_ACCESSMODEL,NO DETECTADO,P1 - llamada directa de Character/MagicSkill,Las llamadas dinamicas y subtipos no estan representados; no equivale a completitud.
MODEL_POISON,poison,MAPEADO - NO IMPLICA FIDELIDAD,Poison,SI,0 (predeterminado),1,0,SI,NO DETECTADO,Skill/Poison[index=1].bmd,REVISAR_INDICE,NO DETECTADO,P1 - llamada directa de Character/MagicSkill,Las llamadas dinamicas y subtipos no estan representados; no equivale a completitud.
MODEL_PROTECTGUILD,protectGuild,SIN MAPEO LOCAL,,NO,,1,0,SI,SI,Skill/ProtectGuild.bmd,RUTA_DE_ACCESSMODEL,SI,P1 - llamada directa de Character/MagicSkill,Las llamadas dinamicas y subtipos no estan representados; no equivale a completitud.
MODEL_SAW,saw,SIN MAPEO LOCAL,,NO,,1,0,SI,NO DETECTADO,Skill/Saw[index=1].bmd,REVISAR_INDICE,SI,P1 - llamada directa de Character/MagicSkill,Las llamadas dinamicas y subtipos no estan representados; no equivale a completitud.
MODEL_SKILL_FURY_STRIKE,skillFuryStrike,SIN MAPEO LOCAL,,NO,,1,0,SI,SI,,,SI,P1 - llamada directa de Character/MagicSkill,Las llamadas dinamicas y subtipos no estan representados; no equivale a completitud.
MODEL_SKILL_WHEEL1,skillWheel1,SIN MAPEO LOCAL,,NO,,1,0,SI,SI,,,SI,P1 - llamada directa de Character/MagicSkill,Las llamadas dinamicas y subtipos no estan representados; no equivale a completitud.
MODEL_SNOW1,snow1,SIN MAPEO LOCAL,,NO,,1,0,NO DETECTADO,NO DETECTADO,,,SI,P1 - llamada directa de Character/MagicSkill,Las llamadas dinamicas y subtipos no estan representados; no equivale a completitud.
MODEL_SPEARSKILL,spearSkill,SIN MAPEO LOCAL,,NO,,1,0,SI,SI,Skill/RidingSpear[index=1].bmd,REVISAR_INDICE,SI,P1 - llamada directa de Character/MagicSkill,Las llamadas dinamicas y subtipos no estan representados; no equivale a completitud.
MODEL_STAR_SHINE,starShine,SIN MAPEO LOCAL,,NO,,1,0,NO DETECTADO,NO DETECTADO,,,SI,P1 - llamada directa de Character/MagicSkill,Las llamadas dinamicas y subtipos no estan representados; no equivale a completitud.
MODEL_STONE_COFFIN+1,stoneCoffin2,SIN MAPEO LOCAL,,NO,,1,0,NO DETECTADO,SI,,,SI,P1 - llamada directa de Character/MagicSkill,Las llamadas dinamicas y subtipos no estan representados; no equivale a completitud.
MODEL_STORM,storm,SIN MAPEO LOCAL,,NO,,1,0,SI,SI,Skill/Storm[index=1].bmd,REVISAR_INDICE,SI,P1 - llamada directa de Character/MagicSkill,Las llamadas dinamicas y subtipos no estan representados; no equivale a completitud.
MODEL_SWELL_OF_MAGICPOWER_BUFF_EFF,swellOfMagicPowerBuffEffect,SIN MAPEO LOCAL,,NO,,1,0,NO DETECTADO,SI,,,SI,P1 - llamada directa de Character/MagicSkill,Las llamadas dinamicas y subtipos no estan representados; no equivale a completitud.
MODEL_PIERCING,piercing,SIN MAPEO LOCAL,,NO,,0,5,SI,SI,Skill/Piercing.bmd,RUTA_DE_ACCESSMODEL,SI,P2 - llamada indirecta en Effect,Las llamadas dinamicas y subtipos no estan representados; no equivale a completitud.
MODEL_ARROWSRE06,arrowsre6,MAPEADO - NO IMPLICA FIDELIDAD,ArrowsRe06,SI,0|2|1,0,4,NO DETECTADO,NO DETECTADO,Effect/arrowsre06.bmd,RUTA_DE_ACCESSMODEL,NO DETECTADO,P2 - llamada indirecta en Effect,Las llamadas dinamicas y subtipos no estan representados; no equivale a completitud.
BITMAP_DAMAGE_01_MONO,damage01Mono,SIN MAPEO LOCAL,,SI,0|1,0,2,SI,SI,,,NO DETECTADO,P2 - llamada indirecta en Effect,Las llamadas dinamicas y subtipos no estan representados; no equivale a completitud.
BITMAP_MAGIC,magic,MAPEADO - NO IMPLICA FIDELIDAD,MagicGround,NO,,0,2,SI,SI,,,SI,P2 - llamada indirecta en Effect,Las llamadas dinamicas y subtipos no estan representados; no equivale a completitud.
BITMAP_SHOCK_WAVE,shockWave,MAPEADO - NO IMPLICA FIDELIDAD,ShockWave,NO,,0,2,SI,SI,,,SI,P2 - llamada indirecta en Effect,Las llamadas dinamicas y subtipos no estan representados; no equivale a completitud.
MODEL_EFFECT_SAPITRES_ATTACK_2,effectSapitresAttack2,SIN MAPEO LOCAL,,NO,,0,2,NO DETECTADO,SI,Effect/Sapiatttres2.bmd,RUTA_DE_ACCESSMODEL,SI,P2 - llamada indirecta en Effect,Las llamadas dinamicas y subtipos no estan representados; no equivale a completitud.
MODEL_KNIGHT_PLANCRACK_A,knightPlancrackA,SIN MAPEO LOCAL,,NO,,0,2,SI,SI,Effect/knight_plancrack_a.bmd,RUTA_DE_ACCESSMODEL,SI,P2 - llamada indirecta en Effect,Las llamadas dinamicas y subtipos no estan representados; no equivale a completitud.
BITMAP_LIGHT_RED,lightRed,SIN MAPEO LOCAL,,NO,,0,1,SI,SI,,,SI,P2 - llamada indirecta en Effect,Las llamadas dinamicas y subtipos no estan representados; no equivale a completitud.
BITMAP_OUR_INFLUENCE_GROUND,ourInfluenceGround,SIN MAPEO LOCAL,,SI,0,0,1,SI,SI,,,NO DETECTADO,P2 - llamada indirecta en Effect,Las llamadas dinamicas y subtipos no estan representados; no equivale a completitud.
BITMAP_RING_OF_GRADATION,ringOfGradation,SIN MAPEO LOCAL,,SI,0,0,1,NO DETECTADO,SI,,,NO DETECTADO,P2 - llamada indirecta en Effect,Las llamadas dinamicas y subtipos no estan representados; no equivale a completitud.
BITMAP_TARGET_POSITION_EFFECT2,targetPositionEffect2,SIN MAPEO LOCAL,,SI,0,0,1,SI,SI,,,NO DETECTADO,P2 - llamada indirecta en Effect,Las llamadas dinamicas y subtipos no estan representados; no equivale a completitud.
BITMAP_TWLIGHT,twlight,MAPEADO - NO IMPLICA FIDELIDAD,Twlight,SI,0|1|2|3,0,1,SI,SI,,,NO DETECTADO,P2 - llamada indirecta en Effect,Las llamadas dinamicas y subtipos no estan representados; no equivale a completitud.
MODEL_CUNDUN_GHOST,kundunGhost,SIN MAPEO LOCAL,,SI,0 (predeterminado),0,1,SI,SI,,,NO DETECTADO,P2 - llamada indirecta en Effect,Las llamadas dinamicas y subtipos no estan representados; no equivale a completitud.
MODEL_EMPIREGUARDIAN_BLOW_OF_DESTRUCTION,empireGuardianBlowOfDestruction,SIN MAPEO LOCAL,,NO,,0,1,SI,SI,,,SI,P2 - llamada indirecta en Effect,Las llamadas dinamicas y subtipos no estan representados; no equivale a completitud.
MODEL_HALLOWEEN_CANDY_STAR,halloweenCandyStar,SIN MAPEO LOCAL,,NO,,0,1,NO DETECTADO,SI,Skill/hstar.bmd,RUTA_DE_ACCESSMODEL,SI,P2 - llamada indirecta en Effect,Las llamadas dinamicas y subtipos no estan representados; no equivale a completitud.
MODEL_INFINITY_ARROW,infinityArrow,SIN MAPEO LOCAL,,NO,,0,1,SI,SI,Skill/arrowsre[index=1].bmd,REVISAR_INDICE,SI,P2 - llamada indirecta en Effect,Las llamadas dinamicas y subtipos no estan representados; no equivale a completitud.
MODEL_INFINITY_ARROW1,infinityArrow1,SIN MAPEO LOCAL,,SI,1|2|3,0,1,SI,SI,Skill/arrowsre[index=2].bmd,REVISAR_INDICE,NO DETECTADO,P2 - llamada indirecta en Effect,Las llamadas dinamicas y subtipos no estan representados; no equivale a completitud.
MODEL_INFINITY_ARROW2,infinityArrow2,SIN MAPEO LOCAL,,SI,1|2|3,0,1,NO DETECTADO,SI,Skill/arrowsre[index=3].bmd,REVISAR_INDICE,NO DETECTADO,P2 - llamada indirecta en Effect,Las llamadas dinamicas y subtipos no estan representados; no equivale a completitud.
MODEL_INFINITY_ARROW3,infinityArrow3,SIN MAPEO LOCAL,,SI,1|2|3,0,1,NO DETECTADO,SI,Skill/arrowsre[index=4].bmd,REVISAR_INDICE,NO DETECTADO,P2 - llamada indirecta en Effect,Las llamadas dinamicas y subtipos no estan representados; no equivale a completitud.
MODEL_INFINITY_ARROW4,infinityArrow4,SIN MAPEO LOCAL,,SI,0 (predeterminado),0,1,NO DETECTADO,SI,Skill/arrowsre[index=5].bmd,REVISAR_INDICE,NO DETECTADO,P2 - llamada indirecta en Effect,Las llamadas dinamicas y subtipos no estan representados; no equivale a completitud.
MODEL_SHIELD_CRASH2,shieldCrash2,SIN MAPEO LOCAL,,SI,0 (predeterminado),0,1,SI,NO DETECTADO,Effect/atshild2.bmd,RUTA_DE_ACCESSMODEL,NO DETECTADO,P2 - llamada indirecta en Effect,Las llamadas dinamicas y subtipos no estan representados; no equivale a completitud.
MODEL_VOLCANO_STONE,volcanoStone,SIN MAPEO LOCAL,,NO,,0,1,SI,NO DETECTADO,Effect/volcano_stone.bmd,RUTA_DE_ACCESSMODEL,SI,P2 - llamada indirecta en Effect,Las llamadas dinamicas y subtipos no estan representados; no equivale a completitud.
BATTLE_CASTLE_WALL1,battleCastleWall1,SIN MAPEO LOCAL,,SI,0 (predeterminado),0,0,NO DETECTADO,SI,,,NO DETECTADO,P3 - sin llamada en los archivos examinados,Las llamadas dinamicas y subtipos no estan representados; no equivale a completitud.
BATTLE_CASTLE_WALL2,battleCastleWall2,SIN MAPEO LOCAL,,SI,0 (predeterminado),0,0,NO DETECTADO,SI,,,NO DETECTADO,P3 - sin llamada en los archivos examinados,Las llamadas dinamicas y subtipos no estan representados; no equivale a completitud.
BATTLE_CASTLE_WALL3,battleCastleWall3,SIN MAPEO LOCAL,,SI,0 (predeterminado),0,0,NO DETECTADO,SI,,,NO DETECTADO,P3 - sin llamada en los archivos examinados,Las llamadas dinamicas y subtipos no estan representados; no equivale a completitud.
BATTLE_CASTLE_WALL4,battleCastleWall4,SIN MAPEO LOCAL,,SI,0 (predeterminado),0,0,NO DETECTADO,SI,,,NO DETECTADO,P3 - sin llamada en los archivos examinados,Las llamadas dinamicas y subtipos no estan representados; no equivale a completitud.
BITMAP_BOSS_LASER+2,bossLaser3,SIN MAPEO LOCAL,,NO,,0,0,NO DETECTADO,SI,,,SI,P3 - sin llamada en los archivos examinados,Las llamadas dinamicas y subtipos no estan representados; no equivale a completitud.
BITMAP_CHROME_ENERGY2,chromeEnergy2,SIN MAPEO LOCAL,,SI,0,0,0,SI,SI,,,NO DETECTADO,P3 - sin llamada en los archivos examinados,Las llamadas dinamicas y subtipos no estan representados; no equivale a completitud.
BITMAP_CLOUD,cloud,SIN MAPEO LOCAL,,NO,,0,0,SI,SI,,,SI,P3 - sin llamada en los archivos examinados,Las llamadas dinamicas y subtipos no estan representados; no equivale a completitud.
BITMAP_CRATER,crater,SIN MAPEO LOCAL,,SI,0|1|2,0,0,SI,SI,,,NO DETECTADO,P3 - sin llamada en los archivos examinados,Las llamadas dinamicas y subtipos no estan representados; no equivale a completitud.
BITMAP_DAMAGE1,damage1,SIN MAPEO LOCAL,,NO,,0,0,SI,NO DETECTADO,,,SI,P3 - sin llamada en los archivos examinados,Las llamadas dinamicas y subtipos no estan representados; no equivale a completitud.
BITMAP_ENEMY_INFLUENCE_GROUND,enemyInfluenceGround,SIN MAPEO LOCAL,,SI,0,0,0,NO DETECTADO,SI,,,NO DETECTADO,P3 - sin llamada en los archivos examinados,Las llamadas dinamicas y subtipos no estan representados; no equivale a completitud.
BITMAP_EVENT_CLOUD,eventCloud,SIN MAPEO LOCAL,,SI,0 (predeterminado),0,0,SI,SI,,,NO DETECTADO,P3 - sin llamada en los archivos examinados,Las llamadas dinamicas y subtipos no estan representados; no equivale a completitud.
BITMAP_FIRE,fire,SIN MAPEO LOCAL,,SI,0 (predeterminado),0,0,NO DETECTADO,NO DETECTADO,,,NO DETECTADO,P3 - sin llamada en los archivos examinados,Las llamadas dinamicas y subtipos no estan representados; no equivale a completitud.
BITMAP_FIRECRACKER,firecracker,SIN MAPEO LOCAL,,NO,,0,0,SI,NO DETECTADO,,,SI,P3 - sin llamada en los archivos examinados,Las llamadas dinamicas y subtipos no estan representados; no equivale a completitud.
BITMAP_FIRECRACKER0002,firecracker2,SIN MAPEO LOCAL,,NO,,0,0,SI,NO DETECTADO,,,SI,P3 - sin llamada en los archivos examinados,Las llamadas dinamicas y subtipos no estan representados; no equivale a completitud.
BITMAP_FIRECRACKER0003,firecracker3,SIN MAPEO LOCAL,,NO,,0,0,SI,NO DETECTADO,,,SI,P3 - sin llamada en los archivos examinados,Las llamadas dinamicas y subtipos no estan representados; no equivale a completitud.
BITMAP_FIRECRACKERRISE,firecrackerRise,SIN MAPEO LOCAL,,SI,0 (predeterminado),0,0,SI,NO DETECTADO,,,NO DETECTADO,P3 - sin llamada en los archivos examinados,Las llamadas dinamicas y subtipos no estan representados; no equivale a completitud.
BITMAP_FIRE_CURSEDLICH,fireCursedLich,SIN MAPEO LOCAL,,SI,0|1|2|12|3,0,0,SI,SI,,,NO DETECTADO,P3 - sin llamada en los archivos examinados,Las llamadas dinamicas y subtipos no estan representados; no equivale a completitud.
BITMAP_FIRE_HIK2_MONO,fireHik2Mono,SIN MAPEO LOCAL,,SI,0|1,0,0,SI,SI,,,NO DETECTADO,P3 - sin llamada en los archivos examinados,Las llamadas dinamicas y subtipos no estan representados; no equivale a completitud.
BITMAP_FIRE_RED,fireRed,SIN MAPEO LOCAL,,SI,0 (predeterminado),0,0,NO DETECTADO,NO DETECTADO,,,NO DETECTADO,P3 - sin llamada en los archivos examinados,Las llamadas dinamicas y subtipos no estan representados; no equivale a completitud.
BITMAP_FLARE,flare,SIN MAPEO LOCAL,,SI,3,0,0,SI,NO DETECTADO,,,NO DETECTADO,P3 - sin llamada en los archivos examinados,Las llamadas dinamicas y subtipos no estan representados; no equivale a completitud.
BITMAP_IMPACT,impact,SIN MAPEO LOCAL,,SI,0 (predeterminado),0,0,SI,NO DETECTADO,,,NO DETECTADO,P3 - sin llamada en los archivos examinados,Las llamadas dinamicas y subtipos no estan representados; no equivale a completitud.
BITMAP_JOINT_FORCE,jointForce,SIN MAPEO LOCAL,,NO,,0,0,SI,NO DETECTADO,,,SI,P3 - sin llamada en los archivos examinados,Las llamadas dinamicas y subtipos no estan representados; no equivale a completitud.
BITMAP_JOINT_THUNDER+1,jointThunder2,SIN MAPEO LOCAL,,NO,,0,0,NO DETECTADO,NO DETECTADO,,,SI,P3 - sin llamada en los archivos examinados,Las llamadas dinamicas y subtipos no estan representados; no equivale a completitud.
BITMAP_LAVA,lava,SIN MAPEO LOCAL,,NO,,0,0,SI,NO DETECTADO,,,SI,P3 - sin llamada en los archivos examinados,Las llamadas dinamicas y subtipos no estan representados; no equivale a completitud.
BITMAP_LIGHTNING+1,lightning2,MAPEADO - NO IMPLICA FIDELIDAD,LightningGround,SI,0|1,0,0,NO DETECTADO,SI,,,NO DETECTADO,P3 - sin llamada en los archivos examinados,Las llamadas dinamicas y subtipos no estan representados; no equivale a completitud.
BITMAP_MAGIC+2,magicCircle1,MAPEADO - NO IMPLICA FIDELIDAD,MagicCircleGround,NO,,0,0,NO DETECTADO,SI,,,SI,P3 - sin llamada en los archivos examinados,Las llamadas dinamicas y subtipos no estan representados; no equivale a completitud.
BITMAP_SBUMB,sbumb,SIN MAPEO LOCAL,,NO,,0,0,SI,NO DETECTADO,,,SI,P3 - sin llamada en los archivos examinados,Las llamadas dinamicas y subtipos no estan representados; no equivale a completitud.
BITMAP_SHINY+4,ring,SIN MAPEO LOCAL,,SI,0 (predeterminado),0,0,NO DETECTADO,NO DETECTADO,,,NO DETECTADO,P3 - sin llamada en los archivos examinados,Las llamadas dinamicas y subtipos no estan representados; no equivale a completitud.
BITMAP_SKULL,skull,SIN MAPEO LOCAL,,SI,1|2|4,0,0,SI,NO DETECTADO,,,NO DETECTADO,P3 - sin llamada en los archivos examinados,Las llamadas dinamicas y subtipos no estan representados; no equivale a completitud.
BITMAP_SWORDEFF,swordEffect,SIN MAPEO LOCAL,,SI,0 (predeterminado),0,0,SI,NO DETECTADO,,,NO DETECTADO,P3 - sin llamada en los archivos examinados,Las llamadas dinamicas y subtipos no estan representados; no equivale a completitud.
BITMAP_SWORD_EFFECT_MONO,swordEffectMono,SIN MAPEO LOCAL,,SI,0 (predeterminado),0,0,SI,NO DETECTADO,,,NO DETECTADO,P3 - sin llamada en los archivos examinados,Las llamadas dinamicas y subtipos no estan representados; no equivale a completitud.
BITMAP_TARGET_POSITION_EFFECT1,targetPositionEffect1,SIN MAPEO LOCAL,,SI,0,0,0,SI,SI,,,NO DETECTADO,P3 - sin llamada en los archivos examinados,Las llamadas dinamicas y subtipos no estan representados; no equivale a completitud.
BITMAP_WATERFALL_4,waterfall4,SIN MAPEO LOCAL,,NO,,0,0,SI,SI,,,SI,P3 - sin llamada en los archivos examinados,Las llamadas dinamicas y subtipos no estan representados; no equivale a completitud.
MODEL_1_STREAMBREATHFIRE,streamBreathFire1,SIN MAPEO LOCAL,,SI,0 (predeterminado),0,0,SI,NO DETECTADO,,,NO DETECTADO,P3 - sin llamada en los archivos examinados,Las llamadas dinamicas y subtipos no estan representados; no equivale a completitud.
MODEL_AIR_FORCE,airForce,MAPEADO - NO IMPLICA FIDELIDAD,AirForce,SI,0|1,0,0,SI,SI,Skill/AirForce.bmd,RUTA_DE_ACCESSMODEL,NO DETECTADO,P3 - sin llamada en los archivos examinados,Las llamadas dinamicas y subtipos no estan representados; no equivale a completitud.
MODEL_ARROW_AUTOLOAD,arrowAutoLoad,SIN MAPEO LOCAL,,SI,0|1,0,0,SI,SI,Skill/arrowsrefill.bmd,RUTA_DE_ACCESSMODEL,NO DETECTADO,P3 - sin llamada en los archivos examinados,Las llamadas dinamicas y subtipos no estan representados; no equivale a completitud.
MODEL_ARROW_TANKER,arrowTanker,SIN MAPEO LOCAL,,NO,,0,0,SI,NO DETECTADO,,,SI,P3 - sin llamada en los archivos examinados,Las llamadas dinamicas y subtipos no estan representados; no equivale a completitud.
MODEL_ARROW_TANKER_HIT,arrowTankerHit,SIN MAPEO LOCAL,,SI,0|1|2,0,0,SI,NO DETECTADO,,,NO DETECTADO,P3 - sin llamada en los archivos examinados,Las llamadas dinamicas y subtipos no estan representados; no equivale a completitud.
MODEL_AURORA,aurora,SIN MAPEO LOCAL,,NO,,0,0,SI,NO DETECTADO,Skill/Aurora.bmd,RUTA_DE_ACCESSMODEL,SI,P3 - sin llamada en los archivos examinados,Las llamadas dinamicas y subtipos no estan representados; no equivale a completitud.
MODEL_BALGAS_SKILL,balgasSkill,SIN MAPEO LOCAL,,SI,0 (predeterminado),0,0,SI,NO DETECTADO,Skill/WaveForce.bmd,RUTA_DE_ACCESSMODEL,NO DETECTADO,P3 - sin llamada en los archivos examinados,Las llamadas dinamicas y subtipos no estan representados; no equivale a completitud.
MODEL_BATTLE_GUARD2,battleGuard2,SIN MAPEO LOCAL,,NO,,0,0,SI,NO DETECTADO,,,SI,P3 - sin llamada en los archivos examinados,Las llamadas dinamicas y subtipos no estan representados; no equivale a completitud.
MODEL_BIG_METEO1,bigMeteo1,SIN MAPEO LOCAL,,NO,,0,0,NO DETECTADO,NO DETECTADO,,,SI,P3 - sin llamada en los archivos examinados,Las llamadas dinamicas y subtipos no estan representados; no equivale a completitud.
MODEL_BIG_METEO2,bigMeteo2,SIN MAPEO LOCAL,,NO,,0,0,NO DETECTADO,NO DETECTADO,,,SI,P3 - sin llamada en los archivos examinados,Las llamadas dinamicas y subtipos no estan representados; no equivale a completitud.
MODEL_BIG_METEO3,bigMeteo3,SIN MAPEO LOCAL,,NO,,0,0,NO DETECTADO,NO DETECTADO,,,SI,P3 - sin llamada en los archivos examinados,Las llamadas dinamicas y subtipos no estan representados; no equivale a completitud.
MODEL_BIG_STONE_PART1,bigStonePart1,SIN MAPEO LOCAL,,NO,,0,0,SI,NO DETECTADO,Skill/FlySmallStone1.bmd,RUTA_DE_ACCESSMODEL,SI,P3 - sin llamada en los archivos examinados,Las llamadas dinamicas y subtipos no estan representados; no equivale a completitud.
MODEL_BIG_STONE_PART2,bigStonePart2,SIN MAPEO LOCAL,,NO,,0,0,NO DETECTADO,NO DETECTADO,Skill/FlySmallStone2.bmd,RUTA_DE_ACCESSMODEL,SI,P3 - sin llamada en los archivos examinados,Las llamadas dinamicas y subtipos no estan representados; no equivale a completitud.
MODEL_BLADE_SKILL,bladeSkill,SIN MAPEO LOCAL,,SI,1,0,0,SI,NO DETECTADO,Effect/bladetonedo.bmd,RUTA_DE_ACCESSMODEL,NO DETECTADO,P3 - sin llamada en los archivos examinados,Las llamadas dinamicas y subtipos no estan representados; no equivale a completitud.
MODEL_BLOOD,blood,SIN MAPEO LOCAL,,SI,0 (predeterminado),0,0,NO DETECTADO,NO DETECTADO,,,NO DETECTADO,P3 - sin llamada en los archivos examinados,Las llamadas dinamicas y subtipos no estan representados; no equivale a completitud.
MODEL_BOSS_ATTACK,bossAttack,SIN MAPEO LOCAL,,SI,0 (predeterminado),0,0,NO DETECTADO,NO DETECTADO,,,NO DETECTADO,P3 - sin llamada en los archivos examinados,Las llamadas dinamicas y subtipos no estan representados; no equivale a completitud.
MODEL_BUTTERFLY01,butterfly1,SIN MAPEO LOCAL,,NO,,0,0,SI,SI,,,SI,P3 - sin llamada en los archivos examinados,Las llamadas dinamicas y subtipos no estan representados; no equivale a completitud.
MODEL_CHAIN_LIGHTNING,chainLightning,SIN MAPEO LOCAL,,SI,0|1|2,0,0,SI,NO DETECTADO,,,NO DETECTADO,P3 - sin llamada en los archivos examinados,Las llamadas dinamicas y subtipos no estan representados; no equivale a completitud.
MODEL_CHANGE_UP_CYLINDER,changeUpCylinder,SIN MAPEO LOCAL,,SI,1,0,0,SI,NO DETECTADO,Effect/clinderlight.bmd,RUTA_DE_ACCESSMODEL,NO DETECTADO,P3 - sin llamada en los archivos examinados,Las llamadas dinamicas y subtipos no estan representados; no equivale a completitud.
MODEL_CHANGE_UP_EFF,changeUpEffect,SIN MAPEO LOCAL,,SI,1,0,0,SI,SI,Effect/Change_Up_Eff.bmd,RUTA_DE_ACCESSMODEL,NO DETECTADO,P3 - sin llamada en los archivos examinados,Las llamadas dinamicas y subtipos no estan representados; no equivale a completitud.
MODEL_CHANGE_UP_NASA,changeUpNasa,SIN MAPEO LOCAL,,SI,1|2|3,0,0,SI,NO DETECTADO,Effect/changup_nasa.bmd,RUTA_DE_ACCESSMODEL,NO DETECTADO,P3 - sin llamada en los archivos examinados,Las llamadas dinamicas y subtipos no estan representados; no equivale a completitud.
MODEL_CLOUD,cloudModel,SIN MAPEO LOCAL,,SI,0 (predeterminado),0,0,NO DETECTADO,SI,,,NO DETECTADO,P3 - sin llamada en los archivos examinados,Las llamadas dinamicas y subtipos no estan representados; no equivale a completitud.
MODEL_COMBO,combo,SIN MAPEO LOCAL,,NO,,0,0,SI,NO DETECTADO,Skill/combo.bmd,RUTA_DE_ACCESSMODEL,SI,P3 - sin llamada en los archivos examinados,Las llamadas dinamicas y subtipos no estan representados; no equivale a completitud.
MODEL_CONDRA_ARM_L,condraArmL,SIN MAPEO LOCAL,,NO,,0,0,NO DETECTADO,NO DETECTADO,,,SI,P3 - sin llamada en los archivos examinados,Las llamadas dinamicas y subtipos no estan representados; no equivale a completitud.
MODEL_CONDRA_ARM_L2,condraArmL2,SIN MAPEO LOCAL,,NO,,0,0,NO DETECTADO,NO DETECTADO,,,SI,P3 - sin llamada en los archivos examinados,Las llamadas dinamicas y subtipos no estan representados; no equivale a completitud.
MODEL_CONDRA_ARM_R,condraArmR,SIN MAPEO LOCAL,,NO,,0,0,NO DETECTADO,NO DETECTADO,,,SI,P3 - sin llamada en los archivos examinados,Las llamadas dinamicas y subtipos no estan representados; no equivale a completitud.
MODEL_CONDRA_ARM_R2,condraArmR2,SIN MAPEO LOCAL,,NO,,0,0,NO DETECTADO,NO DETECTADO,,,SI,P3 - sin llamada en los archivos examinados,Las llamadas dinamicas y subtipos no estan representados; no equivale a completitud.
MODEL_CONDRA_CONE_L,condraConeL,SIN MAPEO LOCAL,,NO,,0,0,NO DETECTADO,NO DETECTADO,,,SI,P3 - sin llamada en los archivos examinados,Las llamadas dinamicas y subtipos no estan representados; no equivale a completitud.
MODEL_CONDRA_CONE_R,condraConeR,SIN MAPEO LOCAL,,NO,,0,0,NO DETECTADO,NO DETECTADO,,,SI,P3 - sin llamada en los archivos examinados,Las llamadas dinamicas y subtipos no estan representados; no equivale a completitud.
MODEL_CONDRA_NECK,condraNeck,SIN MAPEO LOCAL,,NO,,0,0,NO DETECTADO,NO DETECTADO,,,SI,P3 - sin llamada en los archivos examinados,Las llamadas dinamicas y subtipos no estan representados; no equivale a completitud.
MODEL_CONDRA_PELVIS,condraPelvis,SIN MAPEO LOCAL,,NO,,0,0,NO DETECTADO,NO DETECTADO,,,SI,P3 - sin llamada en los archivos examinados,Las llamadas dinamicas y subtipos no estan representados; no equivale a completitud.
MODEL_CONDRA_SHOULDER,condraShoulder,SIN MAPEO LOCAL,,NO,,0,0,NO DETECTADO,NO DETECTADO,,,SI,P3 - sin llamada en los archivos examinados,Las llamadas dinamicas y subtipos no estan representados; no equivale a completitud.
MODEL_CONDRA_STOMACH,condraStomach,SIN MAPEO LOCAL,,NO,,0,0,NO DETECTADO,NO DETECTADO,,,SI,P3 - sin llamada en los archivos examinados,Las llamadas dinamicas y subtipos no estan representados; no equivale a completitud.
MODEL_CONDRA_STONE,condraStone,SIN MAPEO LOCAL,,NO,,0,0,NO DETECTADO,NO DETECTADO,,,SI,P3 - sin llamada en los archivos examinados,Las llamadas dinamicas y subtipos no estan representados; no equivale a completitud.
MODEL_CONDRA_STONE1,condraStone1,SIN MAPEO LOCAL,,NO,,0,0,NO DETECTADO,NO DETECTADO,,,SI,P3 - sin llamada en los archivos examinados,Las llamadas dinamicas y subtipos no estan representados; no equivale a completitud.
MODEL_CONDRA_STONE2,condraStone2,SIN MAPEO LOCAL,,NO,,0,0,NO DETECTADO,NO DETECTADO,,,SI,P3 - sin llamada en los archivos examinados,Las llamadas dinamicas y subtipos no estan representados; no equivale a completitud.
MODEL_CONDRA_STONE3,condraStone3,SIN MAPEO LOCAL,,NO,,0,0,NO DETECTADO,NO DETECTADO,,,SI,P3 - sin llamada en los archivos examinados,Las llamadas dinamicas y subtipos no estan representados; no equivale a completitud.
MODEL_CONDRA_STONE4,condraStone4,SIN MAPEO LOCAL,,NO,,0,0,NO DETECTADO,NO DETECTADO,,,SI,P3 - sin llamada en los archivos examinados,Las llamadas dinamicas y subtipos no estan representados; no equivale a completitud.
MODEL_CONDRA_STONE5,condraStone5,SIN MAPEO LOCAL,,NO,,0,0,NO DETECTADO,NO DETECTADO,,,SI,P3 - sin llamada en los archivos examinados,Las llamadas dinamicas y subtipos no estan representados; no equivale a completitud.
MODEL_CUNDUN_DRAGON_HEAD,kundunDragonHead,SIN MAPEO LOCAL,,NO,,0,0,SI,SI,,,SI,P3 - sin llamada en los archivos examinados,Las llamadas dinamicas y subtipos no estan representados; no equivale a completitud.
MODEL_CUNDUN_PART1,kundunPart1,SIN MAPEO LOCAL,,NO,,0,0,SI,SI,,,SI,P3 - sin llamada en los archivos examinados,Las llamadas dinamicas y subtipos no estan representados; no equivale a completitud.
MODEL_CUNDUN_PART2,kundunPart2,SIN MAPEO LOCAL,,NO,,0,0,NO DETECTADO,SI,,,SI,P3 - sin llamada en los archivos examinados,Las llamadas dinamicas y subtipos no estan representados; no equivale a completitud.
MODEL_CUNDUN_PART3,kundunPart3,SIN MAPEO LOCAL,,NO,,0,0,NO DETECTADO,SI,,,SI,P3 - sin llamada en los archivos examinados,Las llamadas dinamicas y subtipos no estan representados; no equivale a completitud.
MODEL_CUNDUN_PART4,kundunPart4,SIN MAPEO LOCAL,,NO,,0,0,NO DETECTADO,SI,,,SI,P3 - sin llamada en los archivos examinados,Las llamadas dinamicas y subtipos no estan representados; no equivale a completitud.
MODEL_CUNDUN_PART5,kundunPart5,SIN MAPEO LOCAL,,NO,,0,0,NO DETECTADO,SI,,,SI,P3 - sin llamada en los archivos examinados,Las llamadas dinamicas y subtipos no estan representados; no equivale a completitud.
MODEL_CUNDUN_PART6,kundunPart6,SIN MAPEO LOCAL,,NO,,0,0,NO DETECTADO,SI,,,SI,P3 - sin llamada en los archivos examinados,Las llamadas dinamicas y subtipos no estan representados; no equivale a completitud.
MODEL_CUNDUN_PART7,kundunPart7,SIN MAPEO LOCAL,,NO,,0,0,NO DETECTADO,SI,,,SI,P3 - sin llamada en los archivos examinados,Las llamadas dinamicas y subtipos no estan representados; no equivale a completitud.
MODEL_CUNDUN_PART8,kundunPart8,SIN MAPEO LOCAL,,NO,,0,0,NO DETECTADO,SI,,,SI,P3 - sin llamada en los archivos examinados,Las llamadas dinamicas y subtipos no estan representados; no equivale a completitud.
MODEL_CUNDUN_PHOENIX,kundunPhoenix,SIN MAPEO LOCAL,,NO,,0,0,SI,SI,,,SI,P3 - sin llamada en los archivos examinados,Las llamadas dinamicas y subtipos no estan representados; no equivale a completitud.
MODEL_CUNDUN_SKILL,kundunSkill,SIN MAPEO LOCAL,,NO,,0,0,SI,NO DETECTADO,,,SI,P3 - sin llamada en los archivos examinados,Las llamadas dinamicas y subtipos no estan representados; no equivale a completitud.
MODEL_CURSEDTEMPLE_HOLYITEM,cursedTempleHolyItem,SIN MAPEO LOCAL,,SI,0 (predeterminado),0,0,SI,SI,Skill/eventsungmul.bmd,RUTA_DE_ACCESSMODEL,NO DETECTADO,P3 - sin llamada en los archivos examinados,Las llamadas dinamicas y subtipos no estan representados; no equivale a completitud.
MODEL_CURSEDTEMPLE_PRODECTION_SKILL,cursedTempleProtectionSkill,SIN MAPEO LOCAL,,SI,0 (predeterminado),0,0,SI,SI,Skill/eventshild.bmd,RUTA_DE_ACCESSMODEL,NO DETECTADO,P3 - sin llamada en los archivos examinados,Las llamadas dinamicas y subtipos no estan representados; no equivale a completitud.
MODEL_CURSEDTEMPLE_RESTRAINT_SKILL,cursedTempleRestraintSkill,SIN MAPEO LOCAL,,SI,0 (predeterminado),0,0,SI,SI,Skill/eventroofe.bmd,RUTA_DE_ACCESSMODEL,NO DETECTADO,P3 - sin llamada en los archivos examinados,Las llamadas dinamicas y subtipos no estan representados; no equivale a completitud.
MODEL_CURSEDTEMPLE_STATUE_PART1,cursedTempleStatuePart1,SIN MAPEO LOCAL,,NO,,0,0,SI,SI,,,SI,P3 - sin llamada en los archivos examinados,Las llamadas dinamicas y subtipos no estan representados; no equivale a completitud.
MODEL_CURSEDTEMPLE_STATUE_PART2,cursedTempleStatuePart2,SIN MAPEO LOCAL,,NO,,0,0,NO DETECTADO,SI,,,SI,P3 - sin llamada en los archivos examinados,Las llamadas dinamicas y subtipos no estan representados; no equivale a completitud.
MODEL_DARK_ELF_SKILL,darkElfSkill,SIN MAPEO LOCAL,,SI,0 (predeterminado),0,0,SI,NO DETECTADO,Skill/elf_skill.bmd,RUTA_DE_ACCESSMODEL,NO DETECTADO,P3 - sin llamada en los archivos examinados,Las llamadas dinamicas y subtipos no estan representados; no equivale a completitud.
MODEL_DEASULER,deasuler,SIN MAPEO LOCAL,,NO,,0,0,SI,NO DETECTADO,,,SI,P3 - sin llamada en los archivos examinados,Las llamadas dinamicas y subtipos no estan representados; no equivale a completitud.
MODEL_DEATH_SPI_SKILL,deathSpiSkill,SIN MAPEO LOCAL,,NO,,0,0,SI,NO DETECTADO,Skill/deathsp_eff.bmd,RUTA_DE_ACCESSMODEL,SI,P3 - sin llamada en los archivos examinados,Las llamadas dinamicas y subtipos no estan representados; no equivale a completitud.
MODEL_DESAIR,desair,SIN MAPEO LOCAL,,SI,0 (predeterminado),0,0,NO DETECTADO,NO DETECTADO,,,NO DETECTADO,P3 - sin llamada en los archivos examinados,Las llamadas dinamicas y subtipos no estan representados; no equivale a completitud.
MODEL_DOOR_CRUSH_EFFECT,doorCrushEffect,SIN MAPEO LOCAL,,NO,,0,0,NO DETECTADO,NO DETECTADO,,,SI,P3 - sin llamada en los archivos examinados,Las llamadas dinamicas y subtipos no estan representados; no equivale a completitud.
MODEL_DOOR_CRUSH_EFFECT_PIECE01,doorCrushEffectPiece1,SIN MAPEO LOCAL,,NO,,0,0,SI,SI,,,SI,P3 - sin llamada en los archivos examinados,Las llamadas dinamicas y subtipos no estan representados; no equivale a completitud.
MODEL_DOOR_CRUSH_EFFECT_PIECE02,doorCrushEffectPiece2,SIN MAPEO LOCAL,,NO,,0,0,NO DETECTADO,SI,,,SI,P3 - sin llamada en los archivos examinados,Las llamadas dinamicas y subtipos no estan representados; no equivale a completitud.
MODEL_DOOR_CRUSH_EFFECT_PIECE03,doorCrushEffectPiece3,SIN MAPEO LOCAL,,NO,,0,0,NO DETECTADO,SI,,,SI,P3 - sin llamada en los archivos examinados,Las llamadas dinamicas y subtipos no estan representados; no equivale a completitud.
MODEL_DOOR_CRUSH_EFFECT_PIECE04,doorCrushEffectPiece4,SIN MAPEO LOCAL,,NO,,0,0,NO DETECTADO,SI,,,SI,P3 - sin llamada en los archivos examinados,Las llamadas dinamicas y subtipos no estan representados; no equivale a completitud.
MODEL_DOOR_CRUSH_EFFECT_PIECE05,doorCrushEffectPiece5,SIN MAPEO LOCAL,,NO,,0,0,NO DETECTADO,SI,,,SI,P3 - sin llamada en los archivos examinados,Las llamadas dinamicas y subtipos no estan representados; no equivale a completitud.
MODEL_DOOR_CRUSH_EFFECT_PIECE06,doorCrushEffectPiece6,SIN MAPEO LOCAL,,NO,,0,0,NO DETECTADO,SI,,,SI,P3 - sin llamada en los archivos examinados,Las llamadas dinamicas y subtipos no estan representados; no equivale a completitud.
MODEL_DOOR_CRUSH_EFFECT_PIECE07,doorCrushEffectPiece7,SIN MAPEO LOCAL,,NO,,0,0,NO DETECTADO,SI,,,SI,P3 - sin llamada en los archivos examinados,Las llamadas dinamicas y subtipos no estan representados; no equivale a completitud.
MODEL_DOOR_CRUSH_EFFECT_PIECE08,doorCrushEffectPiece8,SIN MAPEO LOCAL,,NO,,0,0,NO DETECTADO,SI,,,SI,P3 - sin llamada en los archivos examinados,Las llamadas dinamicas y subtipos no estan representados; no equivale a completitud.
MODEL_DOOR_CRUSH_EFFECT_PIECE09,doorCrushEffectPiece9,SIN MAPEO LOCAL,,NO,,0,0,NO DETECTADO,SI,,,SI,P3 - sin llamada en los archivos examinados,Las llamadas dinamicas y subtipos no estan representados; no equivale a completitud.
MODEL_DOOR_CRUSH_EFFECT_PIECE10,doorCrushEffectPiece10,SIN MAPEO LOCAL,,SI,0 (predeterminado),0,0,NO DETECTADO,SI,,,NO DETECTADO,P3 - sin llamada en los archivos examinados,Las llamadas dinamicas y subtipos no estan representados; no equivale a completitud.
MODEL_DOOR_CRUSH_EFFECT_PIECE11,doorCrushEffectPiece11,SIN MAPEO LOCAL,,NO,,0,0,NO DETECTADO,SI,,,SI,P3 - sin llamada en los archivos examinados,Las llamadas dinamicas y subtipos no estan representados; no equivale a completitud.
MODEL_DOOR_CRUSH_EFFECT_PIECE12,doorCrushEffectPiece12,SIN MAPEO LOCAL,,NO,,0,0,NO DETECTADO,SI,,,SI,P3 - sin llamada en los archivos examinados,Las llamadas dinamicas y subtipos no estan representados; no equivale a completitud.
MODEL_DOOR_CRUSH_EFFECT_PIECE13,doorCrushEffectPiece13,SIN MAPEO LOCAL,,NO,,0,0,NO DETECTADO,SI,,,SI,P3 - sin llamada en los archivos examinados,Las llamadas dinamicas y subtipos no estan representados; no equivale a completitud.
MODEL_DOPPELGANGER_SLIME_CHIP,doppelgangerSlimeChip,SIN MAPEO LOCAL,,NO,,0,0,SI,NO DETECTADO,Effect/slime_chip.bmd,RUTA_DE_ACCESSMODEL,SI,P3 - sin llamada en los archivos examinados,Las llamadas dinamicas y subtipos no estan representados; no equivale a completitud.
MODEL_DOWN_ATTACK_DUMMY_L,downAttackDummyL,SIN MAPEO LOCAL,,NO,,0,0,SI,NO DETECTADO,Effect/down_right_punch.bmd,RUTA_DE_ACCESSMODEL,SI,P3 - sin llamada en los archivos examinados,Las llamadas dinamicas y subtipos no estan representados; no equivale a completitud.
MODEL_DOWN_ATTACK_DUMMY_R,downAttackDummyR,SIN MAPEO LOCAL,,NO,,0,0,SI,NO DETECTADO,Effect/down_left_punch.bmd,RUTA_DE_ACCESSMODEL,SI,P3 - sin llamada en los archivos examinados,Las llamadas dinamicas y subtipos no estan representados; no equivale a completitud.
MODEL_DRAGON,dragon,SIN MAPEO LOCAL,,SI,0 (predeterminado),0,0,SI,SI,,,NO DETECTADO,P3 - sin llamada en los archivos examinados,Las llamadas dinamicas y subtipos no estan representados; no equivale a completitud.
MODEL_DRAGON_KICK_DUMMY,dragonKickDummy,SIN MAPEO LOCAL,,NO,,0,0,SI,NO DETECTADO,Effect/dragon_kick_dummy.bmd,RUTA_DE_ACCESSMODEL,SI,P3 - sin llamada en los archivos examinados,Las llamadas dinamicas y subtipos no estan representados; no equivale a completitud.
MODEL_DRAGON_LOWER_DUMMY,dragonLowerDummy,SIN MAPEO LOCAL,,NO,,0,0,SI,SI,Effect/knight_plancrack_dragon.bmd,RUTA_DE_ACCESSMODEL,SI,P3 - sin llamada en los archivos examinados,Las llamadas dinamicas y subtipos no estan representados; no equivale a completitud.
MODEL_DUNGEON_STONE01,dungeonStone1,SIN MAPEO LOCAL,,NO,,0,0,SI,NO DETECTADO,,,SI,P3 - sin llamada en los archivos examinados,Las llamadas dinamicas y subtipos no estan representados; no equivale a completitud.
MODEL_EFFECT_BROKEN_ICE0,effectBrokenIce0,SIN MAPEO LOCAL,,NO,,0,0,NO DETECTADO,SI,Effect/ice_stone00.bmd,RUTA_DE_ACCESSMODEL,SI,P3 - sin llamada en los archivos examinados,Las llamadas dinamicas y subtipos no estan representados; no equivale a completitud.
MODEL_EFFECT_BROKEN_ICE1,effectBrokenIce1,SIN MAPEO LOCAL,,NO,,0,0,NO DETECTADO,SI,Effect/ice_stone01.bmd,RUTA_DE_ACCESSMODEL,SI,P3 - sin llamada en los archivos examinados,Las llamadas dinamicas y subtipos no estan representados; no equivale a completitud.
MODEL_EFFECT_BROKEN_ICE2,effectBrokenIce2,SIN MAPEO LOCAL,,NO,,0,0,NO DETECTADO,SI,Effect/ice_stone02.bmd,RUTA_DE_ACCESSMODEL,SI,P3 - sin llamada en los archivos examinados,Las llamadas dinamicas y subtipos no estan representados; no equivale a completitud.
MODEL_EFFECT_BROKEN_ICE3,effectBrokenIce3,SIN MAPEO LOCAL,,NO,,0,0,NO DETECTADO,SI,Effect/ice_stone03.bmd,RUTA_DE_ACCESSMODEL,SI,P3 - sin llamada en los archivos examinados,Las llamadas dinamicas y subtipos no estan representados; no equivale a completitud.
MODEL_EFFECT_EG_GUARDIANDEFENDER_ATTACK2,effectEgGuardianDefenderAttack2,SIN MAPEO LOCAL,,SI,0 (predeterminado),0,0,NO DETECTADO,NO DETECTADO,,,NO DETECTADO,P3 - sin llamada en los archivos examinados,Las llamadas dinamicas y subtipos no estan representados; no equivale a completitud.
MODEL_EFFECT_SAPITRES_ATTACK_1,effectSapitresAttack1,SIN MAPEO LOCAL,,NO,,0,0,NO DETECTADO,SI,Effect/Sapiatttres.bmd,RUTA_DE_ACCESSMODEL,SI,P3 - sin llamada en los archivos examinados,Las llamadas dinamicas y subtipos no estan representados; no equivale a completitud.
MODEL_EFFECT_SD_AURA,effectSdAura,SIN MAPEO LOCAL,,SI,0 (predeterminado),0,0,SI,NO DETECTADO,Effect/shield_up.bmd,RUTA_DE_ACCESSMODEL,NO DETECTADO,P3 - sin llamada en los archivos examinados,Las llamadas dinamicas y subtipos no estan representados; no equivale a completitud.
MODEL_EFFECT_SKURA_ITEM,effectSkuraItem,SIN MAPEO LOCAL,,SI,0|1,0,0,SI,NO DETECTADO,,,NO DETECTADO,P3 - sin llamada en los archivos examinados,Las llamadas dinamicas y subtipos no estan representados; no equivale a completitud.
MODEL_EFFECT_THUNDER_NAPIN_ATTACK_1,effectThunderNapinAttack1,SIN MAPEO LOCAL,,SI,0|1,0,0,SI,NO DETECTADO,,,NO DETECTADO,P3 - sin llamada en los archivos examinados,Las llamadas dinamicas y subtipos no estan representados; no equivale a completitud.
MODEL_EFFECT_TRACE,effectTrace,SIN MAPEO LOCAL,,NO,,0,0,NO DETECTADO,NO DETECTADO,,,SI,P3 - sin llamada en los archivos examinados,Las llamadas dinamicas y subtipos no estan representados; no equivale a completitud.
MODEL_EFFECT_UMBRELLA_DIE,effectUmbrellaDie,SIN MAPEO LOCAL,,SI,0,0,0,NO DETECTADO,NO DETECTADO,,,NO DETECTADO,P3 - sin llamada en los archivos examinados,Las llamadas dinamicas y subtipos no estan representados; no equivale a completitud.
MODEL_EFFECT_UMBRELLA_GOLD,effectUmbrellaGold,SIN MAPEO LOCAL,,NO,,0,0,NO DETECTADO,NO DETECTADO,Effect/japan_gold01.bmd,RUTA_DE_ACCESSMODEL,SI,P3 - sin llamada en los archivos examinados,Las llamadas dinamicas y subtipos no estan representados; no equivale a completitud.
MODEL_EMPIREGUARDIANBOSS_FRAMESTRIKE,empireGuardianBossFlameStrike,SIN MAPEO LOCAL,,NO,,0,0,NO DETECTADO,SI,Effect/Karanebos_sword_framestrike.bmd,RUTA_DE_ACCESSMODEL,SI,P3 - sin llamada en los archivos examinados,Las llamadas dinamicas y subtipos no estan representados; no equivale a completitud.
MODEL_EX01_SHADOW_MASTER_ANKLE_LEFT,ex01ShadowMasterAnkleLeft,SIN MAPEO LOCAL,,NO,,0,0,NO DETECTADO,NO DETECTADO,,,NO DETECTADO,P3 - sin llamada en los archivos examinados,Las llamadas dinamicas y subtipos no estan representados; no equivale a completitud.
MODEL_EX01_SHADOW_MASTER_ANKLE_RIGHT,ex01ShadowMasterAnkleRight,SIN MAPEO LOCAL,,NO,,0,0,NO DETECTADO,NO DETECTADO,,,NO DETECTADO,P3 - sin llamada en los archivos examinados,Las llamadas dinamicas y subtipos no estan representados; no equivale a completitud.
MODEL_EX01_SHADOW_MASTER_BELT,ex01ShadowMasterBelt,SIN MAPEO LOCAL,,NO,,0,0,NO DETECTADO,NO DETECTADO,,,NO DETECTADO,P3 - sin llamada en los archivos examinados,Las llamadas dinamicas y subtipos no estan representados; no equivale a completitud.
MODEL_EX01_SHADOW_MASTER_CHEST,ex01ShadowMasterChest,SIN MAPEO LOCAL,,NO,,0,0,NO DETECTADO,NO DETECTADO,,,NO DETECTADO,P3 - sin llamada en los archivos examinados,Las llamadas dinamicas y subtipos no estan representados; no equivale a completitud.
MODEL_EX01_SHADOW_MASTER_HELMET,ex01ShadowMasterHelmet,SIN MAPEO LOCAL,,NO,,0,0,NO DETECTADO,NO DETECTADO,,,NO DETECTADO,P3 - sin llamada en los archivos examinados,Las llamadas dinamicas y subtipos no estan representados; no equivale a completitud.
MODEL_EX01_SHADOW_MASTER_KNEE_LEFT,ex01ShadowMasterKneeLeft,SIN MAPEO LOCAL,,NO,,0,0,NO DETECTADO,NO DETECTADO,,,NO DETECTADO,P3 - sin llamada en los archivos examinados,Las llamadas dinamicas y subtipos no estan representados; no equivale a completitud.
MODEL_EX01_SHADOW_MASTER_KNEE_RIGHT,ex01ShadowMasterKneeRight,SIN MAPEO LOCAL,,NO,,0,0,NO DETECTADO,NO DETECTADO,,,NO DETECTADO,P3 - sin llamada en los archivos examinados,Las llamadas dinamicas y subtipos no estan representados; no equivale a completitud.
MODEL_EX01_SHADOW_MASTER_WRIST_LEFT,ex01ShadowMasterWristLeft,SIN MAPEO LOCAL,,NO,,0,0,NO DETECTADO,NO DETECTADO,,,NO DETECTADO,P3 - sin llamada en los archivos examinados,Las llamadas dinamicas y subtipos no estan representados; no equivale a completitud.
MODEL_EX01_SHADOW_MASTER_WRIST_RIGHT,ex01ShadowMasterWristRight,SIN MAPEO LOCAL,,NO,,0,0,NO DETECTADO,NO DETECTADO,,,NO DETECTADO,P3 - sin llamada en los archivos examinados,Las llamadas dinamicas y subtipos no estan representados; no equivale a completitud.
MODEL_FALL_STONE_EFFECT,fallStoneEffect,SIN MAPEO LOCAL,,NO,,0,0,SI,SI,,,SI,P3 - sin llamada en los archivos examinados,Las llamadas dinamicas y subtipos no estan representados; no equivale a completitud.
MODEL_FEATHER_FOREIGN,featherForeign,SIN MAPEO LOCAL,,NO,,0,0,NO DETECTADO,NO DETECTADO,Skill/darkwing_hetachi.bmd,RUTA_DE_ACCESSMODEL,SI,P3 - sin llamada en los archivos examinados,Las llamadas dinamicas y subtipos no estan representados; no equivale a completitud.
MODEL_FENRIR_FOOT_THUNDER,fenrirFootThunder,SIN MAPEO LOCAL,,NO,,0,0,SI,SI,,,SI,P3 - sin llamada en los archivos examinados,Las llamadas dinamicas y subtipos no estan representados; no equivale a completitud.
MODEL_FENRIR_SKILL_DAMAGE,fenrirSkillDamage,SIN MAPEO LOCAL,,NO,,0,0,NO DETECTADO,NO DETECTADO,,,SI,P3 - sin llamada en los archivos examinados,Las llamadas dinamicas y subtipos no estan representados; no equivale a completitud.
MODEL_FISSURE,fissure,SIN MAPEO LOCAL,,SI,0 (predeterminado),0,0,SI,NO DETECTADO,Skill/bossrock.bmd,RUTA_DE_ACCESSMODEL,NO DETECTADO,P3 - sin llamada en los archivos examinados,Las llamadas dinamicas y subtipos no estan representados; no equivale a completitud.
MODEL_FISSURE_LIGHT,fissureLight,SIN MAPEO LOCAL,,SI,0 (predeterminado),0,0,NO DETECTADO,NO DETECTADO,Skill/bossrocklight.bmd,RUTA_DE_ACCESSMODEL,NO DETECTADO,P3 - sin llamada en los archivos examinados,Las llamadas dinamicas y subtipos no estan representados; no equivale a completitud.
MODEL_FLY_BIG_STONE1,flyBigStone1,SIN MAPEO LOCAL,,NO,,0,0,SI,NO DETECTADO,Skill/FlyBigStone1.bmd,RUTA_DE_ACCESSMODEL,SI,P3 - sin llamada en los archivos examinados,Las llamadas dinamicas y subtipos no estan representados; no equivale a completitud.
MODEL_FLY_BIG_STONE2,flyBigStone2,SIN MAPEO LOCAL,,NO,,0,0,SI,NO DETECTADO,Skill/FlyBigStone2.bmd,RUTA_DE_ACCESSMODEL,SI,P3 - sin llamada en los archivos examinados,Las llamadas dinamicas y subtipos no estan representados; no equivale a completitud.
MODEL_GATE,gate,SIN MAPEO LOCAL,,NO,,0,0,NO DETECTADO,SI,,,SI,P3 - sin llamada en los archivos examinados,Las llamadas dinamicas y subtipos no estan representados; no equivale a completitud.
MODEL_GATE+1,gate2,SIN MAPEO LOCAL,,NO,,0,0,NO DETECTADO,SI,,,SI,P3 - sin llamada en los archivos examinados,Las llamadas dinamicas y subtipos no estan representados; no equivale a completitud.
MODEL_GATE_PART1,gatePart1,SIN MAPEO LOCAL,,NO,,0,0,SI,NO DETECTADO,Skill/GatePart1.bmd,RUTA_DE_ACCESSMODEL,SI,P3 - sin llamada en los archivos examinados,Las llamadas dinamicas y subtipos no estan representados; no equivale a completitud.
MODEL_GATE_PART2,gatePart2,SIN MAPEO LOCAL,,NO,,0,0,NO DETECTADO,NO DETECTADO,Skill/GatePart2.bmd,RUTA_DE_ACCESSMODEL,SI,P3 - sin llamada en los archivos examinados,Las llamadas dinamicas y subtipos no estan representados; no equivale a completitud.
MODEL_GATE_PART3,gatePart3,SIN MAPEO LOCAL,,NO,,0,0,NO DETECTADO,NO DETECTADO,Skill/GatePart3.bmd,RUTA_DE_ACCESSMODEL,SI,P3 - sin llamada en los archivos examinados,Las llamadas dinamicas y subtipos no estan representados; no equivale a completitud.
MODEL_GHOST,ghost,SIN MAPEO LOCAL,,NO,,0,0,SI,SI,,,SI,P3 - sin llamada en los archivos examinados,Las llamadas dinamicas y subtipos no estan representados; no equivale a completitud.
MODEL_GOLEM_STONE,golemStone,SIN MAPEO LOCAL,,NO,,0,0,NO DETECTADO,NO DETECTADO,Skill/golem_stone.bmd,RUTA_DE_ACCESSMODEL,SI,P3 - sin llamada en los archivos examinados,Las llamadas dinamicas y subtipos no estan representados; no equivale a completitud.
MODEL_GROUND_STONE,groundStone,SIN MAPEO LOCAL,,NO,,0,0,SI,NO DETECTADO,Skill/groundStone.bmd,RUTA_DE_ACCESSMODEL,SI,P3 - sin llamada en los archivos examinados,Las llamadas dinamicas y subtipos no estan representados; no equivale a completitud.
MODEL_GROUND_STONE2,groundStone2,SIN MAPEO LOCAL,,NO,,0,0,NO DETECTADO,NO DETECTADO,Skill/groundStone2.bmd,RUTA_DE_ACCESSMODEL,SI,P3 - sin llamada en los archivos examinados,Las llamadas dinamicas y subtipos no estan representados; no equivale a completitud.
MODEL_HALLOWEEN,halloween,SIN MAPEO LOCAL,,NO,,0,0,NO DETECTADO,SI,Skill/Jack.bmd,RUTA_DE_ACCESSMODEL,NO DETECTADO,P3 - sin llamada en los archivos examinados,Las llamadas dinamicas y subtipos no estan representados; no equivale a completitud.
MODEL_HALLOWEEN_CANDY_BLUE,halloweenCandyBlue,SIN MAPEO LOCAL,,NO,,0,0,SI,SI,Skill/hcandyblue.bmd,RUTA_DE_ACCESSMODEL,SI,P3 - sin llamada en los archivos examinados,Las llamadas dinamicas y subtipos no estan representados; no equivale a completitud.
MODEL_HALLOWEEN_CANDY_HOBAK,halloweenCandyHobak,SIN MAPEO LOCAL,,NO,,0,0,NO DETECTADO,SI,Skill/hhobak.bmd,RUTA_DE_ACCESSMODEL,SI,P3 - sin llamada en los archivos examinados,Las llamadas dinamicas y subtipos no estan representados; no equivale a completitud.
MODEL_HALLOWEEN_CANDY_ORANGE,halloweenCandyOrange,SIN MAPEO LOCAL,,NO,,0,0,NO DETECTADO,SI,Skill/hcandyorange.bmd,RUTA_DE_ACCESSMODEL,SI,P3 - sin llamada en los archivos examinados,Las llamadas dinamicas y subtipos no estan representados; no equivale a completitud.
MODEL_HALLOWEEN_CANDY_RED,halloweenCandyRed,SIN MAPEO LOCAL,,NO,,0,0,NO DETECTADO,SI,Skill/hcandyred.bmd,RUTA_DE_ACCESSMODEL,SI,P3 - sin llamada en los archivos examinados,Las llamadas dinamicas y subtipos no estan representados; no equivale a completitud.
MODEL_HALLOWEEN_CANDY_YELLOW,halloweenCandyYellow,SIN MAPEO LOCAL,,NO,,0,0,NO DETECTADO,SI,Skill/hcandyyellow.bmd,RUTA_DE_ACCESSMODEL,SI,P3 - sin llamada en los archivos examinados,Las llamadas dinamicas y subtipos no estan representados; no equivale a completitud.
MODEL_HALLOWEEN_EX,halloweenEx,SIN MAPEO LOCAL,,NO,,0,0,SI,SI,,,SI,P3 - sin llamada en los archivos examinados,Las llamadas dinamicas y subtipos no estan representados; no equivale a completitud.
MODEL_ICE_GIANT_PART1,iceGiantPart1,SIN MAPEO LOCAL,,NO,,0,0,NO DETECTADO,SI,,,SI,P3 - sin llamada en los archivos examinados,Las llamadas dinamicas y subtipos no estan representados; no equivale a completitud.
MODEL_ICE_GIANT_PART2,iceGiantPart2,SIN MAPEO LOCAL,,NO,,0,0,NO DETECTADO,SI,,,SI,P3 - sin llamada en los archivos examinados,Las llamadas dinamicas y subtipos no estan representados; no equivale a completitud.
MODEL_ICE_GIANT_PART3,iceGiantPart3,SIN MAPEO LOCAL,,NO,,0,0,NO DETECTADO,SI,,,SI,P3 - sin llamada en los archivos examinados,Las llamadas dinamicas y subtipos no estan representados; no equivale a completitud.
MODEL_ICE_GIANT_PART4,iceGiantPart4,SIN MAPEO LOCAL,,NO,,0,0,NO DETECTADO,SI,,,SI,P3 - sin llamada en los archivos examinados,Las llamadas dinamicas y subtipos no estan representados; no equivale a completitud.
MODEL_ICE_GIANT_PART5,iceGiantPart5,SIN MAPEO LOCAL,,NO,,0,0,NO DETECTADO,SI,,,NO DETECTADO,P3 - sin llamada en los archivos examinados,Las llamadas dinamicas y subtipos no estan representados; no equivale a completitud.
MODEL_ICE_GIANT_PART6,iceGiantPart6,SIN MAPEO LOCAL,,NO,,0,0,NO DETECTADO,SI,,,NO DETECTADO,P3 - sin llamada en los archivos examinados,Las llamadas dinamicas y subtipos no estan representados; no equivale a completitud.
MODEL_ILLUSION_OF_KUNDUN,illusionOfKundun,SIN MAPEO LOCAL,,NO,,0,0,NO DETECTADO,SI,,,SI,P3 - sin llamada en los archivos examinados,Las llamadas dinamicas y subtipos no estan representados; no equivale a completitud.
MODEL_IRON_RIDER_ARROW,ironRiderArrow,SIN MAPEO LOCAL,,NO,,0,0,SI,NO DETECTADO,Effect/ironobj.bmd,RUTA_DE_ACCESSMODEL,SI,P3 - sin llamada en los archivos examinados,Las llamadas dinamicas y subtipos no estan representados; no equivale a completitud.
MODEL_KALIMA_FALLING_STONE,kalimaFallingStone,SIN MAPEO LOCAL,,NO,,0,0,NO DETECTADO,NO DETECTADO,,,NO DETECTADO,P3 - sin llamada en los archivos examinados,Las llamadas dinamicas y subtipos no estan representados; no equivale a completitud.
MODEL_KENTAUROS_ARROW,kentaurosArrow,SIN MAPEO LOCAL,,SI,0 (predeterminado),0,0,SI,NO DETECTADO,Effect/cantasarrow.bmd,RUTA_DE_ACCESSMODEL,NO DETECTADO,P3 - sin llamada en los archivos examinados,Las llamadas dinamicas y subtipos no estan representados; no equivale a completitud.
MODEL_KNIGHT_PLANCRACK_B,knightPlancrackB,SIN MAPEO LOCAL,,SI,0 (predeterminado),0,0,SI,SI,Effect/knight_plancrack_b.bmd,RUTA_DE_ACCESSMODEL,NO DETECTADO,P3 - sin llamada en los archivos examinados,Las llamadas dinamicas y subtipos no estan representados; no equivale a completitud.
MODEL_LASER,laser,SIN MAPEO LOCAL,,NO,,0,0,SI,NO DETECTADO,Skill/Laser[index=1].bmd,REVISAR_INDICE,SI,P3 - sin llamada en los archivos examinados,Las llamadas dinamicas y subtipos no estan representados; no equivale a completitud.
MODEL_LAVAGIANT_FOOTPRINT_R,lavaGiantFootprintR,SIN MAPEO LOCAL,,NO,,0,0,SI,SI,,,SI,P3 - sin llamada en los archivos examinados,Las llamadas dinamicas y subtipos no estan representados; no equivale a completitud.
MODEL_LAVAGIANT_FOOTPRINT_V,lavaGiantFootprintV,SIN MAPEO LOCAL,,NO,,0,0,NO DETECTADO,SI,,,SI,P3 - sin llamada en los archivos examinados,Las llamadas dinamicas y subtipos no estan representados; no equivale a completitud.
MODEL_MAGIC1,magic1,MAPEADO - NO IMPLICA FIDELIDAD,Magic1,SI,0 (predeterminado),0,0,NO DETECTADO,NO DETECTADO,Skill/Magic[index=1].bmd,REVISAR_INDICE,NO DETECTADO,P3 - sin llamada en los archivos examinados,Las llamadas dinamicas y subtipos no estan representados; no equivale a completitud.
MODEL_MAGIC_CAPSULE2,magicCapsule2,MAPEADO - NO IMPLICA FIDELIDAD,MagicCapsule2,SI,0 (predeterminado),0,0,NO DETECTADO,SI,Skill/Protect[index=2].bmd,REVISAR_INDICE,NO DETECTADO,P3 - sin llamada en los archivos examinados,Las llamadas dinamicas y subtipos no estan representados; no equivale a completitud.
MODEL_MAGIC_CIRCLE1,magicCircle1Model,MAPEADO - NO IMPLICA FIDELIDAD,MagicCircle1,SI,1|2,0,0,SI,NO DETECTADO,Skill/MagicCircle[index=1].bmd,REVISAR_INDICE,NO DETECTADO,P3 - sin llamada en los archivos examinados,Las llamadas dinamicas y subtipos no estan representados; no equivale a completitud.
MODEL_MAYAHANDSKILL,mayaHandSkill,SIN MAPEO LOCAL,,SI,0|1,0,0,SI,SI,,,NO DETECTADO,P3 - sin llamada en los archivos examinados,Las llamadas dinamicas y subtipos no estan representados; no equivale a completitud.
MODEL_MAYASTAR,mayaStar,SIN MAPEO LOCAL,,SI,0 (predeterminado),0,0,NO DETECTADO,SI,,,NO DETECTADO,P3 - sin llamada en los archivos examinados,Las llamadas dinamicas y subtipos no estan representados; no equivale a completitud.
MODEL_MAYASTONE1,mayaStone1,SIN MAPEO LOCAL,,NO,,0,0,SI,SI,,,SI,P3 - sin llamada en los archivos examinados,Las llamadas dinamicas y subtipos no estan representados; no equivale a completitud.
MODEL_MAYASTONE2,mayaStone2,SIN MAPEO LOCAL,,NO,,0,0,NO DETECTADO,SI,,,SI,P3 - sin llamada en los archivos examinados,Las llamadas dinamicas y subtipos no estan representados; no equivale a completitud.
MODEL_MAYASTONE3,mayaStone3,SIN MAPEO LOCAL,,NO,,0,0,NO DETECTADO,SI,,,SI,P3 - sin llamada en los archivos examinados,Las llamadas dinamicas y subtipos no estan representados; no equivale a completitud.
MODEL_MAYASTONE4,mayaStone4,SIN MAPEO LOCAL,,NO,,0,0,SI,SI,,,NO DETECTADO,P3 - sin llamada en los archivos examinados,Las llamadas dinamicas y subtipos no estan representados; no equivale a completitud.
MODEL_MAYASTONE5,mayaStone5,SIN MAPEO LOCAL,,NO,,0,0,NO DETECTADO,SI,,,NO DETECTADO,P3 - sin llamada en los archivos examinados,Las llamadas dinamicas y subtipos no estan representados; no equivale a completitud.
MODEL_MAYASTONEFIRE,mayaStoneFire,SIN MAPEO LOCAL,,NO,,0,0,SI,SI,,,SI,P3 - sin llamada en los archivos examinados,Las llamadas dinamicas y subtipos no estan representados; no equivale a completitud.
MODEL_METEO1,meteo1,SIN MAPEO LOCAL,,NO,,0,0,NO DETECTADO,NO DETECTADO,,,SI,P3 - sin llamada en los archivos examinados,Las llamadas dinamicas y subtipos no estan representados; no equivale a completitud.
MODEL_METEO2,meteo2,SIN MAPEO LOCAL,,NO,,0,0,NO DETECTADO,NO DETECTADO,,,SI,P3 - sin llamada en los archivos examinados,Las llamadas dinamicas y subtipos no estan representados; no equivale a completitud.
MODEL_MOVE_TARGETPOSITION_EFFECT,moveTargetPositionEffect,SIN MAPEO LOCAL,,NO,,0,0,SI,SI,Effect/MoveTargetPosEffect.bmd,RUTA_DE_ACCESSMODEL,SI,P3 - sin llamada en los archivos examinados,Las llamadas dinamicas y subtipos no estan representados; no equivale a completitud.
MODEL_MULTI_SHOT1,multiShot1,SIN MAPEO LOCAL,,NO,,0,0,SI,SI,Effect/multishot01.bmd,RUTA_DE_ACCESSMODEL,SI,P3 - sin llamada en los archivos examinados,Las llamadas dinamicas y subtipos no estan representados; no equivale a completitud.
MODEL_MULTI_SHOT2,multiShot2,SIN MAPEO LOCAL,,NO,,0,0,SI,SI,Effect/multishot02.bmd,RUTA_DE_ACCESSMODEL,SI,P3 - sin llamada en los archivos examinados,Las llamadas dinamicas y subtipos no estan representados; no equivale a completitud.
MODEL_MULTI_SHOT3,multiShot3,SIN MAPEO LOCAL,,NO,,0,0,SI,SI,Effect/multishot03.bmd,RUTA_DE_ACCESSMODEL,SI,P3 - sin llamada en los archivos examinados,Las llamadas dinamicas y subtipos no estan representados; no equivale a completitud.
MODEL_NARCONDRA_ARM_L,narcondraArmL,SIN MAPEO LOCAL,,NO,,0,0,NO DETECTADO,NO DETECTADO,,,SI,P3 - sin llamada en los archivos examinados,Las llamadas dinamicas y subtipos no estan representados; no equivale a completitud.
MODEL_NARCONDRA_ARM_L2,narcondraArmL2,SIN MAPEO LOCAL,,NO,,0,0,NO DETECTADO,NO DETECTADO,,,SI,P3 - sin llamada en los archivos examinados,Las llamadas dinamicas y subtipos no estan representados; no equivale a completitud.
MODEL_NARCONDRA_ARM_R,narcondraArmR,SIN MAPEO LOCAL,,NO,,0,0,NO DETECTADO,NO DETECTADO,,,SI,P3 - sin llamada en los archivos examinados,Las llamadas dinamicas y subtipos no estan representados; no equivale a completitud.
MODEL_NARCONDRA_ARM_R2,narcondraArmR2,SIN MAPEO LOCAL,,NO,,0,0,NO DETECTADO,NO DETECTADO,,,SI,P3 - sin llamada en los archivos examinados,Las llamadas dinamicas y subtipos no estan representados; no equivale a completitud.
MODEL_NARCONDRA_ARM_R3,narcondraArmR3,SIN MAPEO LOCAL,,NO,,0,0,NO DETECTADO,NO DETECTADO,,,SI,P3 - sin llamada en los archivos examinados,Las llamadas dinamicas y subtipos no estan representados; no equivale a completitud.
MODEL_NARCONDRA_CONE_1,narcondraCone1,SIN MAPEO LOCAL,,NO,,0,0,NO DETECTADO,NO DETECTADO,,,SI,P3 - sin llamada en los archivos examinados,Las llamadas dinamicas y subtipos no estan representados; no equivale a completitud.
MODEL_NARCONDRA_CONE_2,narcondraCone2,SIN MAPEO LOCAL,,NO,,0,0,NO DETECTADO,NO DETECTADO,,,SI,P3 - sin llamada en los archivos examinados,Las llamadas dinamicas y subtipos no estan representados; no equivale a completitud.
MODEL_NARCONDRA_CONE_3,narcondraCone3,SIN MAPEO LOCAL,,NO,,0,0,NO DETECTADO,NO DETECTADO,,,SI,P3 - sin llamada en los archivos examinados,Las llamadas dinamicas y subtipos no estan representados; no equivale a completitud.
MODEL_NARCONDRA_CONE_4,narcondraCone4,SIN MAPEO LOCAL,,NO,,0,0,NO DETECTADO,NO DETECTADO,,,SI,P3 - sin llamada en los archivos examinados,Las llamadas dinamicas y subtipos no estan representados; no equivale a completitud.
MODEL_NARCONDRA_CONE_5,narcondraCone5,SIN MAPEO LOCAL,,NO,,0,0,NO DETECTADO,NO DETECTADO,,,SI,P3 - sin llamada en los archivos examinados,Las llamadas dinamicas y subtipos no estan representados; no equivale a completitud.
MODEL_NARCONDRA_CONE_6,narcondraCone6,SIN MAPEO LOCAL,,NO,,0,0,NO DETECTADO,NO DETECTADO,,,SI,P3 - sin llamada en los archivos examinados,Las llamadas dinamicas y subtipos no estan representados; no equivale a completitud.
MODEL_NARCONDRA_NECK,narcondraNeck,SIN MAPEO LOCAL,,NO,,0,0,NO DETECTADO,NO DETECTADO,,,SI,P3 - sin llamada en los archivos examinados,Las llamadas dinamicas y subtipos no estan representados; no equivale a completitud.
MODEL_NARCONDRA_PELVIS,narcondraPelvis,SIN MAPEO LOCAL,,NO,,0,0,NO DETECTADO,NO DETECTADO,,,SI,P3 - sin llamada en los archivos examinados,Las llamadas dinamicas y subtipos no estan representados; no equivale a completitud.
MODEL_NARCONDRA_SHOULDER_L,narcondraShoulderL,SIN MAPEO LOCAL,,NO,,0,0,NO DETECTADO,NO DETECTADO,,,SI,P3 - sin llamada en los archivos examinados,Las llamadas dinamicas y subtipos no estan representados; no equivale a completitud.
MODEL_NARCONDRA_SHOULDER_R,narcondraShoulderR,SIN MAPEO LOCAL,,NO,,0,0,NO DETECTADO,NO DETECTADO,,,SI,P3 - sin llamada en los archivos examinados,Las llamadas dinamicas y subtipos no estan representados; no equivale a completitud.
MODEL_NARCONDRA_STOMACH,narcondraStomach,SIN MAPEO LOCAL,,NO,,0,0,NO DETECTADO,NO DETECTADO,,,SI,P3 - sin llamada en los archivos examinados,Las llamadas dinamicas y subtipos no estan representados; no equivale a completitud.
MODEL_NARCONDRA_STONE,narcondraStone,SIN MAPEO LOCAL,,NO,,0,0,NO DETECTADO,NO DETECTADO,,,SI,P3 - sin llamada en los archivos examinados,Las llamadas dinamicas y subtipos no estan representados; no equivale a completitud.
MODEL_NARCONDRA_STONE1,narcondraStone1,SIN MAPEO LOCAL,,NO,,0,0,NO DETECTADO,NO DETECTADO,,,SI,P3 - sin llamada en los archivos examinados,Las llamadas dinamicas y subtipos no estan representados; no equivale a completitud.
MODEL_NARCONDRA_STONE2,narcondraStone2,SIN MAPEO LOCAL,,NO,,0,0,NO DETECTADO,NO DETECTADO,,,SI,P3 - sin llamada en los archivos examinados,Las llamadas dinamicas y subtipos no estan representados; no equivale a completitud.
MODEL_NARCONDRA_STONE3,narcondraStone3,SIN MAPEO LOCAL,,NO,,0,0,NO DETECTADO,NO DETECTADO,,,SI,P3 - sin llamada en los archivos examinados,Las llamadas dinamicas y subtipos no estan representados; no equivale a completitud.
MODEL_NEWYEARSDAY_EVENT_CANDY,newYearsDayEventCandy,SIN MAPEO LOCAL,,NO,,0,0,NO DETECTADO,SI,,,SI,P3 - sin llamada en los archivos examinados,Las llamadas dinamicas y subtipos no estan representados; no equivale a completitud.
MODEL_NEWYEARSDAY_EVENT_HOTPEPPER_GREEN,newYearsDayEventHotPepperGreen,SIN MAPEO LOCAL,,NO,,0,0,NO DETECTADO,SI,,,SI,P3 - sin llamada en los archivos examinados,Las llamadas dinamicas y subtipos no estan representados; no equivale a completitud.
MODEL_NEWYEARSDAY_EVENT_HOTPEPPER_RED,newYearsDayEventHotPepperRed,SIN MAPEO LOCAL,,NO,,0,0,NO DETECTADO,SI,,,SI,P3 - sin llamada en los archivos examinados,Las llamadas dinamicas y subtipos no estan representados; no equivale a completitud.
MODEL_NEWYEARSDAY_EVENT_MONEY,newYearsDayEventMoney,SIN MAPEO LOCAL,,NO,,0,0,NO DETECTADO,SI,,,SI,P3 - sin llamada en los archivos examinados,Las llamadas dinamicas y subtipos no estan representados; no equivale a completitud.
MODEL_NEWYEARSDAY_EVENT_PIG,newYearsDayEventPig,SIN MAPEO LOCAL,,NO,,0,0,NO DETECTADO,SI,,,SI,P3 - sin llamada en los archivos examinados,Las llamadas dinamicas y subtipos no estan representados; no equivale a completitud.
MODEL_NEWYEARSDAY_EVENT_YUT,newYearsDayEventYut,SIN MAPEO LOCAL,,NO,,0,0,NO DETECTADO,SI,,,SI,P3 - sin llamada en los archivos examinados,Las llamadas dinamicas y subtipos no estan representados; no equivale a completitud.
MODEL_NIGHTWATER_01,nightWater1,SIN MAPEO LOCAL,,NO,,0,0,SI,SI,Effect/nightwater01.bmd,RUTA_DE_ACCESSMODEL,SI,P3 - sin llamada en los archivos examinados,Las llamadas dinamicas y subtipos no estan representados; no equivale a completitud.
MODEL_PANDA,panda,SIN MAPEO LOCAL,,NO,,0,0,NO DETECTADO,SI,,,NO DETECTADO,P3 - sin llamada en los archivos examinados,Las llamadas dinamicas y subtipos no estan representados; no equivale a completitud.
MODEL_PHOENIX_SHOT,phoenixShot,SIN MAPEO LOCAL,,NO,,0,0,NO DETECTADO,NO DETECTADO,Effect/phoenix_shot_effect.bmd,RUTA_DE_ACCESSMODEL,NO DETECTADO,P3 - sin llamada en los archivos examinados,Las llamadas dinamicas y subtipos no estan representados; no equivale a completitud.
MODEL_PKFIELD_ASSASSIN_EFFECT_GREEN_BODY,pkFieldAssassinEffectGreenBody,SIN MAPEO LOCAL,,NO,,0,0,SI,NO DETECTADO,,,SI,P3 - sin llamada en los archivos examinados,Las llamadas dinamicas y subtipos no estan representados; no equivale a completitud.
MODEL_PKFIELD_ASSASSIN_EFFECT_GREEN_HEAD,pkFieldAssassinEffectGreenHead,SIN MAPEO LOCAL,,NO,,0,0,SI,NO DETECTADO,,,SI,P3 - sin llamada en los archivos examinados,Las llamadas dinamicas y subtipos no estan representados; no equivale a completitud.
MODEL_PKFIELD_ASSASSIN_EFFECT_RED_BODY,pkFieldAssassinEffectRedBody,SIN MAPEO LOCAL,,NO,,0,0,NO DETECTADO,NO DETECTADO,,,SI,P3 - sin llamada en los archivos examinados,Las llamadas dinamicas y subtipos no estan representados; no equivale a completitud.
MODEL_PKFIELD_ASSASSIN_EFFECT_RED_HEAD,pkFieldAssassinEffectRedHead,SIN MAPEO LOCAL,,NO,,0,0,NO DETECTADO,NO DETECTADO,,,SI,P3 - sin llamada en los archivos examinados,Las llamadas dinamicas y subtipos no estan representados; no equivale a completitud.
MODEL_PROJECTILE,projectile,SIN MAPEO LOCAL,,SI,0 (predeterminado),0,0,SI,SI,,,NO DETECTADO,P3 - sin llamada en los archivos examinados,Las llamadas dinamicas y subtipos no estan representados; no equivale a completitud.
MODEL_PROTECT,protect,SIN MAPEO LOCAL,,SI,0 (predeterminado),0,0,SI,NO DETECTADO,Skill/Protect[index=1].bmd,REVISAR_INDICE,NO DETECTADO,P3 - sin llamada en los archivos examinados,Las llamadas dinamicas y subtipos no estan representados; no equivale a completitud.
MODEL_RAKLION_BOSS_CRACKEFFECT,raklionBossCrackEffect,SIN MAPEO LOCAL,,NO,,0,0,SI,SI,Effect/knight_plancrack_grand.bmd,RUTA_DE_ACCESSMODEL,SI,P3 - sin llamada en los archivos examinados,Las llamadas dinamicas y subtipos no estan representados; no equivale a completitud.
MODEL_RAKLION_BOSS_MAGIC,raklionBossMagic,SIN MAPEO LOCAL,,SI,0,0,0,SI,SI,Effect/serufan_magic.bmd,RUTA_DE_ACCESSMODEL,NO DETECTADO,P3 - sin llamada en los archivos examinados,Las llamadas dinamicas y subtipos no estan representados; no equivale a completitud.
MODEL_SHADOW_KNIGHT_ANKLE_LEFT,shadowKnightAnkleLeft,SIN MAPEO LOCAL,,NO,,0,0,NO DETECTADO,SI,,,SI,P3 - sin llamada en los archivos examinados,Las llamadas dinamicas y subtipos no estan representados; no equivale a completitud.
MODEL_SHADOW_KNIGHT_ANKLE_RIGHT,shadowKnightAnkleRight,SIN MAPEO LOCAL,,NO,,0,0,NO DETECTADO,SI,,,SI,P3 - sin llamada en los archivos examinados,Las llamadas dinamicas y subtipos no estan representados; no equivale a completitud.
MODEL_SHADOW_KNIGHT_BELT,shadowKnightBelt,SIN MAPEO LOCAL,,NO,,0,0,NO DETECTADO,SI,,,SI,P3 - sin llamada en los archivos examinados,Las llamadas dinamicas y subtipos no estan representados; no equivale a completitud.
MODEL_SHADOW_KNIGHT_CHEST,shadowKnightChest,SIN MAPEO LOCAL,,NO,,0,0,NO DETECTADO,SI,,,SI,P3 - sin llamada en los archivos examinados,Las llamadas dinamicas y subtipos no estan representados; no equivale a completitud.
MODEL_SHADOW_KNIGHT_HELMET,shadowKnightHelmet,SIN MAPEO LOCAL,,NO,,0,0,NO DETECTADO,SI,,,SI,P3 - sin llamada en los archivos examinados,Las llamadas dinamicas y subtipos no estan representados; no equivale a completitud.
MODEL_SHADOW_KNIGHT_KNEE_LEFT,shadowKnightKneeLeft,SIN MAPEO LOCAL,,NO,,0,0,NO DETECTADO,SI,,,SI,P3 - sin llamada en los archivos examinados,Las llamadas dinamicas y subtipos no estan representados; no equivale a completitud.
MODEL_SHADOW_KNIGHT_KNEE_RIGHT,shadowKnightKneeRight,SIN MAPEO LOCAL,,NO,,0,0,NO DETECTADO,SI,,,SI,P3 - sin llamada en los archivos examinados,Las llamadas dinamicas y subtipos no estan representados; no equivale a completitud.
MODEL_SHADOW_KNIGHT_WRIST_LEFT,shadowKnightWristLeft,SIN MAPEO LOCAL,,NO,,0,0,NO DETECTADO,SI,,,SI,P3 - sin llamada en los archivos examinados,Las llamadas dinamicas y subtipos no estan representados; no equivale a completitud.
MODEL_SHADOW_KNIGHT_WRIST_RIGHT,shadowKnightWristRight,SIN MAPEO LOCAL,,NO,,0,0,NO DETECTADO,SI,,,SI,P3 - sin llamada en los archivos examinados,Las llamadas dinamicas y subtipos no estan representados; no equivale a completitud.
MODEL_SHADOW_PAWN_ANKLE_LEFT,shadowPawnAnkleLeft,SIN MAPEO LOCAL,,NO,,0,0,NO DETECTADO,SI,,,SI,P3 - sin llamada en los archivos examinados,Las llamadas dinamicas y subtipos no estan representados; no equivale a completitud.
MODEL_SHADOW_PAWN_ANKLE_RIGHT,shadowPawnAnkleRight,SIN MAPEO LOCAL,,NO,,0,0,NO DETECTADO,SI,,,SI,P3 - sin llamada en los archivos examinados,Las llamadas dinamicas y subtipos no estan representados; no equivale a completitud.
MODEL_SHADOW_PAWN_BELT,shadowPawnBelt,SIN MAPEO LOCAL,,NO,,0,0,NO DETECTADO,SI,,,SI,P3 - sin llamada en los archivos examinados,Las llamadas dinamicas y subtipos no estan representados; no equivale a completitud.
MODEL_SHADOW_PAWN_CHEST,shadowPawnChest,SIN MAPEO LOCAL,,NO,,0,0,NO DETECTADO,SI,,,SI,P3 - sin llamada en los archivos examinados,Las llamadas dinamicas y subtipos no estan representados; no equivale a completitud.
MODEL_SHADOW_PAWN_HELMET,shadowPawnHelmet,SIN MAPEO LOCAL,,NO,,0,0,NO DETECTADO,SI,,,SI,P3 - sin llamada en los archivos examinados,Las llamadas dinamicas y subtipos no estan representados; no equivale a completitud.
MODEL_SHADOW_PAWN_KNEE_LEFT,shadowPawnKneeLeft,SIN MAPEO LOCAL,,NO,,0,0,NO DETECTADO,SI,,,SI,P3 - sin llamada en los archivos examinados,Las llamadas dinamicas y subtipos no estan representados; no equivale a completitud.
MODEL_SHADOW_PAWN_KNEE_RIGHT,shadowPawnKneeRight,SIN MAPEO LOCAL,,NO,,0,0,NO DETECTADO,SI,,,SI,P3 - sin llamada en los archivos examinados,Las llamadas dinamicas y subtipos no estan representados; no equivale a completitud.
MODEL_SHADOW_PAWN_WRIST_LEFT,shadowPawnWristLeft,SIN MAPEO LOCAL,,NO,,0,0,NO DETECTADO,SI,,,SI,P3 - sin llamada en los archivos examinados,Las llamadas dinamicas y subtipos no estan representados; no equivale a completitud.
MODEL_SHADOW_PAWN_WRIST_RIGHT,shadowPawnWristRight,SIN MAPEO LOCAL,,NO,,0,0,NO DETECTADO,SI,,,SI,P3 - sin llamada en los archivos examinados,Las llamadas dinamicas y subtipos no estan representados; no equivale a completitud.
MODEL_SHADOW_ROOK_ANKLE_LEFT,shadowRookAnkleLeft,SIN MAPEO LOCAL,,NO,,0,0,NO DETECTADO,SI,,,SI,P3 - sin llamada en los archivos examinados,Las llamadas dinamicas y subtipos no estan representados; no equivale a completitud.
MODEL_SHADOW_ROOK_ANKLE_RIGHT,shadowRookAnkleRight,SIN MAPEO LOCAL,,NO,,0,0,NO DETECTADO,SI,,,SI,P3 - sin llamada en los archivos examinados,Las llamadas dinamicas y subtipos no estan representados; no equivale a completitud.
MODEL_SHADOW_ROOK_BELT,shadowRookBelt,SIN MAPEO LOCAL,,NO,,0,0,NO DETECTADO,SI,,,SI,P3 - sin llamada en los archivos examinados,Las llamadas dinamicas y subtipos no estan representados; no equivale a completitud.
MODEL_SHADOW_ROOK_CHEST,shadowRookChest,SIN MAPEO LOCAL,,NO,,0,0,NO DETECTADO,SI,,,SI,P3 - sin llamada en los archivos examinados,Las llamadas dinamicas y subtipos no estan representados; no equivale a completitud.
MODEL_SHADOW_ROOK_HELMET,shadowRookHelmet,SIN MAPEO LOCAL,,NO,,0,0,NO DETECTADO,SI,,,SI,P3 - sin llamada en los archivos examinados,Las llamadas dinamicas y subtipos no estan representados; no equivale a completitud.
MODEL_SHADOW_ROOK_KNEE_LEFT,shadowRookKneeLeft,SIN MAPEO LOCAL,,NO,,0,0,NO DETECTADO,SI,,,SI,P3 - sin llamada en los archivos examinados,Las llamadas dinamicas y subtipos no estan representados; no equivale a completitud.
MODEL_SHADOW_ROOK_KNEE_RIGHT,shadowRookKneeRight,SIN MAPEO LOCAL,,NO,,0,0,NO DETECTADO,SI,,,SI,P3 - sin llamada en los archivos examinados,Las llamadas dinamicas y subtipos no estan representados; no equivale a completitud.
MODEL_SHADOW_ROOK_WRIST_LEFT,shadowRookWristLeft,SIN MAPEO LOCAL,,NO,,0,0,NO DETECTADO,SI,,,SI,P3 - sin llamada en los archivos examinados,Las llamadas dinamicas y subtipos no estan representados; no equivale a completitud.
MODEL_SHADOW_ROOK_WRIST_RIGHT,shadowRookWristRight,SIN MAPEO LOCAL,,NO,,0,0,NO DETECTADO,SI,,,SI,P3 - sin llamada en los archivos examinados,Las llamadas dinamicas y subtipos no estan representados; no equivale a completitud.
MODEL_SHIELD_CRASH,shieldCrash,SIN MAPEO LOCAL,,NO,,0,0,SI,NO DETECTADO,Effect/atshild.bmd,RUTA_DE_ACCESSMODEL,SI,P3 - sin llamada en los archivos examinados,Las llamadas dinamicas y subtipos no estan representados; no equivale a completitud.
MODEL_SHINE,shine,SIN MAPEO LOCAL,,NO,,0,0,SI,SI,,,SI,P3 - sin llamada en los archivos examinados,Las llamadas dinamicas y subtipos no estan representados; no equivale a completitud.
MODEL_SHOCKWAVE01,shockWave1,SIN MAPEO LOCAL,,NO,,0,0,SI,NO DETECTADO,Effect/shockwave01.bmd,RUTA_DE_ACCESSMODEL,SI,P3 - sin llamada en los archivos examinados,Las llamadas dinamicas y subtipos no estan representados; no equivale a completitud.
MODEL_SHOCKWAVE02,shockWave2,SIN MAPEO LOCAL,,NO,,0,0,SI,SI,Effect/shockwave02.bmd,RUTA_DE_ACCESSMODEL,SI,P3 - sin llamada en los archivos examinados,Las llamadas dinamicas y subtipos no estan representados; no equivale a completitud.
MODEL_SHOCKWAVE_GROUND01,shockWaveGround1,SIN MAPEO LOCAL,,SI,0|2,0,0,SI,NO DETECTADO,Effect/shockwave_ground01.bmd,RUTA_DE_ACCESSMODEL,NO DETECTADO,P3 - sin llamada en los archivos examinados,Las llamadas dinamicas y subtipos no estan representados; no equivale a completitud.
MODEL_SHOCKWAVE_SPIN01,shockWaveSpin1,SIN MAPEO LOCAL,,NO,,0,0,SI,NO DETECTADO,Effect/shockwave_spin01.bmd,RUTA_DE_ACCESSMODEL,SI,P3 - sin llamada en los archivos examinados,Las llamadas dinamicas y subtipos no estan representados; no equivale a completitud.
MODEL_SKILL_FISSURE,skillFissure,SIN MAPEO LOCAL,,SI,0 (predeterminado),0,0,SI,NO DETECTADO,,,NO DETECTADO,P3 - sin llamada en los archivos examinados,Las llamadas dinamicas y subtipos no estan representados; no equivale a completitud.
MODEL_SKILL_FURY_STRIKE+1,earthQuake1,SIN MAPEO LOCAL,,NO,,0,0,NO DETECTADO,NO DETECTADO,Skill/EarthQuake[index=1].bmd,REVISAR_INDICE,SI,P3 - sin llamada en los archivos examinados,Las llamadas dinamicas y subtipos no estan representados; no equivale a completitud.
MODEL_SKILL_FURY_STRIKE+2,earthQuake2,SIN MAPEO LOCAL,,NO,,0,0,NO DETECTADO,NO DETECTADO,Skill/EarthQuake[index=2].bmd,REVISAR_INDICE,SI,P3 - sin llamada en los archivos examinados,Las llamadas dinamicas y subtipos no estan representados; no equivale a completitud.
MODEL_SKILL_FURY_STRIKE+3,earthQuake3,SIN MAPEO LOCAL,,NO,,0,0,NO DETECTADO,NO DETECTADO,Skill/EarthQuake[index=3].bmd,REVISAR_INDICE,SI,P3 - sin llamada en los archivos examinados,Las llamadas dinamicas y subtipos no estan representados; no equivale a completitud.
MODEL_SKILL_FURY_STRIKE+4,earthQuake4,SIN MAPEO LOCAL,,NO,,0,0,NO DETECTADO,NO DETECTADO,Skill/EarthQuake[index=4].bmd,REVISAR_INDICE,SI,P3 - sin llamada en los archivos examinados,Las llamadas dinamicas y subtipos no estan representados; no equivale a completitud.
MODEL_SKILL_FURY_STRIKE+5,earthQuake5,SIN MAPEO LOCAL,,NO,,0,0,NO DETECTADO,NO DETECTADO,Skill/EarthQuake[index=5].bmd,REVISAR_INDICE,SI,P3 - sin llamada en los archivos examinados,Las llamadas dinamicas y subtipos no estan representados; no equivale a completitud.
MODEL_SKILL_FURY_STRIKE+6,earthQuake6,SIN MAPEO LOCAL,,NO,,0,0,NO DETECTADO,NO DETECTADO,Skill/EarthQuake[index=6].bmd,REVISAR_INDICE,SI,P3 - sin llamada en los archivos examinados,Las llamadas dinamicas y subtipos no estan representados; no equivale a completitud.
MODEL_SKILL_FURY_STRIKE+7,earthQuake7,SIN MAPEO LOCAL,,NO,,0,0,NO DETECTADO,NO DETECTADO,Skill/EarthQuake[index=7].bmd,REVISAR_INDICE,SI,P3 - sin llamada en los archivos examinados,Las llamadas dinamicas y subtipos no estan representados; no equivale a completitud.
MODEL_SKILL_FURY_STRIKE+8,earthQuake8,SIN MAPEO LOCAL,,NO,,0,0,NO DETECTADO,NO DETECTADO,Skill/EarthQuake[index=8].bmd,REVISAR_INDICE,SI,P3 - sin llamada en los archivos examinados,Las llamadas dinamicas y subtipos no estan representados; no equivale a completitud.
MODEL_SKILL_WHEEL2,skillWheel2,SIN MAPEO LOCAL,,NO,,0,0,SI,SI,,,SI,P3 - sin llamada en los archivos examinados,Las llamadas dinamicas y subtipos no estan representados; no equivale a completitud.
MODEL_SKIN_SHELL,skinShell,SIN MAPEO LOCAL,,NO,,0,0,SI,NO DETECTADO,Skill/skinshell.bmd,RUTA_DE_ACCESSMODEL,SI,P3 - sin llamada en los archivos examinados,Las llamadas dinamicas y subtipos no estan representados; no equivale a completitud.
MODEL_SKULL,skullModel,SIN MAPEO LOCAL,,NO,,0,0,SI,NO DETECTADO,Skill/Skull.bmd,RUTA_DE_ACCESSMODEL,SI,P3 - sin llamada en los archivos examinados,Las llamadas dinamicas y subtipos no estan representados; no equivale a completitud.
MODEL_SNOW2,snow2,SIN MAPEO LOCAL,,NO,,0,0,NO DETECTADO,NO DETECTADO,,,SI,P3 - sin llamada en los archivos examinados,Las llamadas dinamicas y subtipos no estan representados; no equivale a completitud.
MODEL_SNOW3,snow3,SIN MAPEO LOCAL,,NO,,0,0,NO DETECTADO,NO DETECTADO,,,SI,P3 - sin llamada en los archivos examinados,Las llamadas dinamicas y subtipos no estan representados; no equivale a completitud.
MODEL_STATUE_CRUSH_EFFECT,statueCrushEffect,SIN MAPEO LOCAL,,NO,,0,0,NO DETECTADO,NO DETECTADO,,,SI,P3 - sin llamada en los archivos examinados,Las llamadas dinamicas y subtipos no estan representados; no equivale a completitud.
MODEL_STATUE_CRUSH_EFFECT_PIECE01,statueCrushEffectPiece1,SIN MAPEO LOCAL,,NO,,0,0,NO DETECTADO,SI,,,SI,P3 - sin llamada en los archivos examinados,Las llamadas dinamicas y subtipos no estan representados; no equivale a completitud.
MODEL_STATUE_CRUSH_EFFECT_PIECE02,statueCrushEffectPiece2,SIN MAPEO LOCAL,,NO,,0,0,NO DETECTADO,SI,,,SI,P3 - sin llamada en los archivos examinados,Las llamadas dinamicas y subtipos no estan representados; no equivale a completitud.
MODEL_STATUE_CRUSH_EFFECT_PIECE03,statueCrushEffectPiece3,SIN MAPEO LOCAL,,NO,,0,0,NO DETECTADO,SI,,,SI,P3 - sin llamada en los archivos examinados,Las llamadas dinamicas y subtipos no estan representados; no equivale a completitud.
MODEL_STATUE_CRUSH_EFFECT_PIECE04,statueCrushEffectPiece4,SIN MAPEO LOCAL,,SI,0 (predeterminado),0,0,SI,SI,,,NO DETECTADO,P3 - sin llamada en los archivos examinados,Las llamadas dinamicas y subtipos no estan representados; no equivale a completitud.
MODEL_STONE1,stone1,SIN MAPEO LOCAL,,NO,,0,0,NO DETECTADO,NO DETECTADO,,,SI,P3 - sin llamada en los archivos examinados,Las llamadas dinamicas y subtipos no estan representados; no equivale a completitud.
MODEL_STONE2,stone2,SIN MAPEO LOCAL,,NO,,0,0,NO DETECTADO,NO DETECTADO,,,SI,P3 - sin llamada en los archivos examinados,Las llamadas dinamicas y subtipos no estan representados; no equivale a completitud.
MODEL_STONE_COFFIN,stoneCoffin,SIN MAPEO LOCAL,,NO,,0,0,NO DETECTADO,SI,,,SI,P3 - sin llamada en los archivos examinados,Las llamadas dinamicas y subtipos no estan representados; no equivale a completitud.
MODEL_STORM2,storm2,SIN MAPEO LOCAL,,NO,,0,0,SI,SI,,,SI,P3 - sin llamada en los archivos examinados,Las llamadas dinamicas y subtipos no estan representados; no equivale a completitud.
MODEL_STORM3,storm3,SIN MAPEO LOCAL,,NO,,0,0,SI,SI,,,SI,P3 - sin llamada en los archivos examinados,Las llamadas dinamicas y subtipos no estan representados; no equivale a completitud.
MODEL_STREAMOFICEBREATH,streamOfIceBreath,SIN MAPEO LOCAL,,NO,,0,0,NO DETECTADO,NO DETECTADO,,,SI,P3 - sin llamada en los archivos examinados,Las llamadas dinamicas y subtipos no estan representados; no equivale a completitud.
MODEL_STUN_STONE,stunStone,SIN MAPEO LOCAL,,NO,,0,0,SI,NO DETECTADO,Skill/GroundCrystal.bmd,RUTA_DE_ACCESSMODEL,SI,P3 - sin llamada en los archivos examinados,Las llamadas dinamicas y subtipos no estan representados; no equivale a completitud.
MODEL_SUMMON,summon,SIN MAPEO LOCAL,,NO,,0,0,SI,SI,,,SI,P3 - sin llamada en los archivos examinados,Las llamadas dinamicas y subtipos no estan representados; no equivale a completitud.
MODEL_SUMMONER_CASTING_EFFECT1,summonerCastingEffect1,MAPEADO - NO IMPLICA FIDELIDAD,SummonerCasting1,SI,0,0,0,SI,SI,Effect/Suhwanzin1.bmd,RUTA_DE_ACCESSMODEL,NO DETECTADO,P3 - sin llamada en los archivos examinados,Las llamadas dinamicas y subtipos no estan representados; no equivale a completitud.
MODEL_SUMMONER_CASTING_EFFECT11,summonerCastingEffect11,MAPEADO - NO IMPLICA FIDELIDAD,SummonerCasting11,SI,0,0,0,NO DETECTADO,SI,Effect/Suhwanzin11.bmd,RUTA_DE_ACCESSMODEL,NO DETECTADO,P3 - sin llamada en los archivos examinados,Las llamadas dinamicas y subtipos no estan representados; no equivale a completitud.
MODEL_SUMMONER_CASTING_EFFECT111,summonerCastingEffect111,MAPEADO - NO IMPLICA FIDELIDAD,SummonerCasting111,SI,0,0,0,NO DETECTADO,SI,Effect/Suhwanzin111.bmd,RUTA_DE_ACCESSMODEL,NO DETECTADO,P3 - sin llamada en los archivos examinados,Las llamadas dinamicas y subtipos no estan representados; no equivale a completitud.
MODEL_SUMMONER_CASTING_EFFECT4,summonerCastingEffect4,MAPEADO - NO IMPLICA FIDELIDAD,SummonerCasting4,SI,0 (predeterminado),0,0,NO DETECTADO,SI,Effect/Suhwanzin4.bmd,RUTA_DE_ACCESSMODEL,NO DETECTADO,P3 - sin llamada en los archivos examinados,Las llamadas dinamicas y subtipos no estan representados; no equivale a completitud.
MODEL_SUMMONER_EQUIP_HEAD_LAGUL,summonerEquipHeadLagul,SIN MAPEO LOCAL,,NO,,0,0,NO DETECTADO,NO DETECTADO,Skill/lagul_head.bmd,RUTA_DE_ACCESSMODEL,SI,P3 - sin llamada en los archivos examinados,Las llamadas dinamicas y subtipos no estan representados; no equivale a completitud.
MODEL_SUMMONER_EQUIP_HEAD_NEIL,summonerEquipHeadNeil,SIN MAPEO LOCAL,,NO,,0,0,SI,SI,Skill/nillsohwanz.bmd,RUTA_DE_ACCESSMODEL,SI,P3 - sin llamada en los archivos examinados,Las llamadas dinamicas y subtipos no estan representados; no equivale a completitud.
MODEL_SUMMONER_EQUIP_HEAD_SAHAMUTT,summonerEquipHeadSahamutt,SIN MAPEO LOCAL,,NO,,0,0,SI,SI,Skill/sahatail.bmd,RUTA_DE_ACCESSMODEL,SI,P3 - sin llamada en los archivos examinados,Las llamadas dinamicas y subtipos no estan representados; no equivale a completitud.
MODEL_SUMMONER_SUMMON_LAGUL,summonerSummonLagul,SIN MAPEO LOCAL,,NO,,0,0,SI,SI,Skill/summon_lagul.bmd,RUTA_DE_ACCESSMODEL,SI,P3 - sin llamada en los archivos examinados,Las llamadas dinamicas y subtipos no estan representados; no equivale a completitud.
MODEL_SUMMONER_SUMMON_NEIL,summonerSummonNeil,SIN MAPEO LOCAL,,SI,0 (predeterminado),0,0,SI,SI,Skill/summon_neil.bmd,RUTA_DE_ACCESSMODEL,NO DETECTADO,P3 - sin llamada en los archivos examinados,Las llamadas dinamicas y subtipos no estan representados; no equivale a completitud.
MODEL_SUMMONER_SUMMON_NEIL_GROUND1,summonerSummonNeilGround1,SIN MAPEO LOCAL,,SI,0 (predeterminado),0,0,NO DETECTADO,SI,Skill/nell_nifegrund01.bmd,RUTA_DE_ACCESSMODEL,NO DETECTADO,P3 - sin llamada en los archivos examinados,Las llamadas dinamicas y subtipos no estan representados; no equivale a completitud.
MODEL_SUMMONER_SUMMON_NEIL_GROUND2,summonerSummonNeilGround2,SIN MAPEO LOCAL,,SI,0 (predeterminado),0,0,NO DETECTADO,SI,Skill/nell_nifegrund02.bmd,RUTA_DE_ACCESSMODEL,NO DETECTADO,P3 - sin llamada en los archivos examinados,Las llamadas dinamicas y subtipos no estan representados; no equivale a completitud.
MODEL_SUMMONER_SUMMON_NEIL_GROUND3,summonerSummonNeilGround3,SIN MAPEO LOCAL,,SI,0 (predeterminado),0,0,NO DETECTADO,SI,Skill/nell_nifegrund03.bmd,RUTA_DE_ACCESSMODEL,NO DETECTADO,P3 - sin llamada en los archivos examinados,Las llamadas dinamicas y subtipos no estan representados; no equivale a completitud.
MODEL_SUMMONER_SUMMON_NEIL_NIFE1,summonerSummonNeilKnife1,SIN MAPEO LOCAL,,SI,0 (predeterminado),0,0,NO DETECTADO,SI,Skill/nelleff_nife01.bmd,RUTA_DE_ACCESSMODEL,NO DETECTADO,P3 - sin llamada en los archivos examinados,Las llamadas dinamicas y subtipos no estan representados; no equivale a completitud.
MODEL_SUMMONER_SUMMON_NEIL_NIFE2,summonerSummonNeilKnife2,SIN MAPEO LOCAL,,SI,0 (predeterminado),0,0,NO DETECTADO,SI,Skill/nelleff_nife02.bmd,RUTA_DE_ACCESSMODEL,NO DETECTADO,P3 - sin llamada en los archivos examinados,Las llamadas dinamicas y subtipos no estan representados; no equivale a completitud.
MODEL_SUMMONER_SUMMON_NEIL_NIFE3,summonerSummonNeilKnife3,SIN MAPEO LOCAL,,SI,0 (predeterminado),0,0,NO DETECTADO,SI,Skill/nelleff_nife03.bmd,RUTA_DE_ACCESSMODEL,NO DETECTADO,P3 - sin llamada en los archivos examinados,Las llamadas dinamicas y subtipos no estan representados; no equivale a completitud.
MODEL_SUMMONER_SUMMON_SAHAMUTT,summonerSummonSahamutt,SIN MAPEO LOCAL,,SI,0|1|2,0,0,SI,SI,Skill/summon_sahamutt.bmd,RUTA_DE_ACCESSMODEL,NO DETECTADO,P3 - sin llamada en los archivos examinados,Las llamadas dinamicas y subtipos no estan representados; no equivale a completitud.
MODEL_SUMMONER_WRISTRING_EFFECT,summonerWristRingEffect,SIN MAPEO LOCAL,,SI,0 (predeterminado),0,0,SI,SI,Effect/ringtyperout.bmd,RUTA_DE_ACCESSMODEL,NO DETECTADO,P3 - sin llamada en los archivos examinados,Las llamadas dinamicas y subtipos no estan representados; no equivale a completitud.
MODEL_SWELL_OF_MAGICPOWER,swellOfMagicPower,MAPEADO - NO IMPLICA FIDELIDAD,SwellOfMagicPower,SI,0,0,0,NO DETECTADO,NO DETECTADO,Effect/magic_powerup.bmd,RUTA_DE_ACCESSMODEL,NO DETECTADO,P3 - sin llamada en los archivos examinados,Las llamadas dinamicas y subtipos no estan representados; no equivale a completitud.
MODEL_SWORDLEFT01_EMPIREGUARDIAN_BOSS_GAION_,swordLeft01EmpireGuardianBossGaion,SIN MAPEO LOCAL,,NO,,0,0,SI,SI,,,SI,P3 - sin llamada en los archivos examinados,Las llamadas dinamicas y subtipos no estan representados; no equivale a completitud.
MODEL_SWORDLEFT02_EMPIREGUARDIAN_BOSS_GAION_,swordLeft02EmpireGuardianBossGaion,SIN MAPEO LOCAL,,NO,,0,0,NO DETECTADO,SI,,,SI,P3 - sin llamada en los archivos examinados,Las llamadas dinamicas y subtipos no estan representados; no equivale a completitud.
MODEL_SWORDMAIN01_EMPIREGUARDIAN_BOSS_GAION_,swordMain01EmpireGuardianBossGaion,SIN MAPEO LOCAL,,NO,,0,0,NO DETECTADO,SI,,,SI,P3 - sin llamada en los archivos examinados,Las llamadas dinamicas y subtipos no estan representados; no equivale a completitud.
MODEL_SWORDRIGHT01_EMPIREGUARDIAN_BOSS_GAION_,swordRight01EmpireGuardianBossGaion,SIN MAPEO LOCAL,,NO,,0,0,NO DETECTADO,SI,,,SI,P3 - sin llamada en los archivos examinados,Las llamadas dinamicas y subtipos no estan representados; no equivale a completitud.
MODEL_SWORDRIGHT02_EMPIREGUARDIAN_BOSS_GAION_,swordRight02EmpireGuardianBossGaion,SIN MAPEO LOCAL,,NO,,0,0,NO DETECTADO,SI,,,SI,P3 - sin llamada en los archivos examinados,Las llamadas dinamicas y subtipos no estan representados; no equivale a completitud.
MODEL_TAIL,tail,SIN MAPEO LOCAL,,SI,0 (predeterminado),0,0,SI,NO DETECTADO,Skill/tail.bmd,RUTA_DE_ACCESSMODEL,NO DETECTADO,P3 - sin llamada en los archivos examinados,Las llamadas dinamicas y subtipos no estan representados; no equivale a completitud.
MODEL_TARGETMON_EFFECT,targetMonsterEffect,SIN MAPEO LOCAL,,SI,0 (predeterminado),0,0,SI,NO DETECTADO,,,NO DETECTADO,P3 - sin llamada en los archivos examinados,Las llamadas dinamicas y subtipos no estan representados; no equivale a completitud.
MODEL_TOTEMGOLEM_PART1,totemGolemPart1,SIN MAPEO LOCAL,,NO,,0,0,NO DETECTADO,SI,,,SI,P3 - sin llamada en los archivos examinados,Las llamadas dinamicas y subtipos no estan representados; no equivale a completitud.
MODEL_TOTEMGOLEM_PART2,totemGolemPart2,SIN MAPEO LOCAL,,NO,,0,0,NO DETECTADO,SI,,,SI,P3 - sin llamada en los archivos examinados,Las llamadas dinamicas y subtipos no estan representados; no equivale a completitud.
MODEL_TOTEMGOLEM_PART3,totemGolemPart3,SIN MAPEO LOCAL,,NO,,0,0,NO DETECTADO,SI,,,SI,P3 - sin llamada en los archivos examinados,Las llamadas dinamicas y subtipos no estan representados; no equivale a completitud.
MODEL_TOTEMGOLEM_PART4,totemGolemPart4,SIN MAPEO LOCAL,,NO,,0,0,NO DETECTADO,SI,,,SI,P3 - sin llamada en los archivos examinados,Las llamadas dinamicas y subtipos no estan representados; no equivale a completitud.
MODEL_TOTEMGOLEM_PART5,totemGolemPart5,SIN MAPEO LOCAL,,NO,,0,0,NO DETECTADO,SI,,,SI,P3 - sin llamada en los archivos examinados,Las llamadas dinamicas y subtipos no estan representados; no equivale a completitud.
MODEL_TOTEMGOLEM_PART6,totemGolemPart6,SIN MAPEO LOCAL,,NO,,0,0,NO DETECTADO,SI,,,SI,P3 - sin llamada en los archivos examinados,Las llamadas dinamicas y subtipos no estan representados; no equivale a completitud.
MODEL_TOWER_GATE_PLANE,towerGatePlane,SIN MAPEO LOCAL,,SI,0 (predeterminado),0,0,SI,SI,Skill/TowerGatePlane.bmd,RUTA_DE_ACCESSMODEL,NO DETECTADO,P3 - sin llamada en los archivos examinados,Las llamadas dinamicas y subtipos no estan representados; no equivale a completitud.
MODEL_TREE_ATTACK,treeAttack,SIN MAPEO LOCAL,,SI,0 (predeterminado),0,0,SI,SI,,,NO DETECTADO,P3 - sin llamada en los archivos examinados,Las llamadas dinamicas y subtipos no estan representados; no equivale a completitud.
MODEL_TWINTAIL_EFFECT,twinTailEffect,SIN MAPEO LOCAL,,NO,,0,0,SI,SI,,,SI,P3 - sin llamada en los archivos examinados,Las llamadas dinamicas y subtipos no estan representados; no equivale a completitud.
MODEL_VOLCANO_OF_MONK,volcanoOfMonk,SIN MAPEO LOCAL,,NO,,0,0,SI,NO DETECTADO,Effect/volcano_of_monk.bmd,RUTA_DE_ACCESSMODEL,SI,P3 - sin llamada en los archivos examinados,Las llamadas dinamicas y subtipos no estan representados; no equivale a completitud.
MODEL_WALL_PART1,wallPart1,SIN MAPEO LOCAL,,NO,,0,0,NO DETECTADO,NO DETECTADO,Skill/WallStone1.bmd,RUTA_DE_ACCESSMODEL,SI,P3 - sin llamada en los archivos examinados,Las llamadas dinamicas y subtipos no estan representados; no equivale a completitud.
MODEL_WALL_PART2,wallPart2,SIN MAPEO LOCAL,,NO,,0,0,NO DETECTADO,NO DETECTADO,Skill/WallStone2.bmd,RUTA_DE_ACCESSMODEL,SI,P3 - sin llamada en los archivos examinados,Las llamadas dinamicas y subtipos no estan representados; no equivale a completitud.
MODEL_WARCRAFT,warcraft,SIN MAPEO LOCAL,,NO,,0,0,SI,NO DETECTADO,Skill/HellGate.bmd,RUTA_DE_ACCESSMODEL,SI,P3 - sin llamada en los archivos examinados,Las llamadas dinamicas y subtipos no estan representados; no equivale a completitud.
MODEL_WARP,warp,SIN MAPEO LOCAL,,NO,,0,0,NO DETECTADO,SI,,,SI,P3 - sin llamada en los archivos examinados,Las llamadas dinamicas y subtipos no estan representados; no equivale a completitud.
MODEL_WARP2,warp2,SIN MAPEO LOCAL,,NO,,0,0,NO DETECTADO,SI,,,SI,P3 - sin llamada en los archivos examinados,Las llamadas dinamicas y subtipos no estan representados; no equivale a completitud.
MODEL_WARP3,warp3,SIN MAPEO LOCAL,,SI,0 (predeterminado),0,0,SI,SI,,,NO DETECTADO,P3 - sin llamada en los archivos examinados,Las llamadas dinamicas y subtipos no estan representados; no equivale a completitud.
MODEL_WARP4,warp4,SIN MAPEO LOCAL,,NO,,0,0,NO DETECTADO,SI,,,SI,P3 - sin llamada en los archivos examinados,Las llamadas dinamicas y subtipos no estan representados; no equivale a completitud.
MODEL_WARP5,warp5,SIN MAPEO LOCAL,,NO,,0,0,NO DETECTADO,SI,,,SI,P3 - sin llamada en los archivos examinados,Las llamadas dinamicas y subtipos no estan representados; no equivale a completitud.
MODEL_WARP6,warp6,SIN MAPEO LOCAL,,SI,0 (predeterminado),0,0,NO DETECTADO,SI,,,NO DETECTADO,P3 - sin llamada en los archivos examinados,Las llamadas dinamicas y subtipos no estan representados; no equivale a completitud.
MODEL_WATER_WAVE,waterWave,SIN MAPEO LOCAL,,SI,0 (predeterminado),0,0,SI,NO DETECTADO,Skill/seamanFX.bmd,RUTA_DE_ACCESSMODEL,NO DETECTADO,P3 - sin llamada en los archivos examinados,Las llamadas dinamicas y subtipos no estan representados; no equivale a completitud.
MODEL_WAVE,wave,SIN MAPEO LOCAL,,SI,0 (predeterminado),0,0,SI,NO DETECTADO,Skill/flashing.bmd,RUTA_DE_ACCESSMODEL,NO DETECTADO,P3 - sin llamada en los archivos examinados,Las llamadas dinamicas y subtipos no estan representados; no equivale a completitud.
MODEL_WAVE_FORCE,waveForce,SIN MAPEO LOCAL,,NO,,0,0,SI,SI,Skill/WaveForce.bmd,RUTA_DE_ACCESSMODEL,SI,P3 - sin llamada en los archivos examinados,Las llamadas dinamicas y subtipos no estan representados; no equivale a completitud.
MODEL_WINDFOCE,windForce,SIN MAPEO LOCAL,,SI,1|2|3,0,0,SI,NO DETECTADO,Effect/wind_foce.bmd,RUTA_DE_ACCESSMODEL,NO DETECTADO,P3 - sin llamada en los archivos examinados,Las llamadas dinamicas y subtipos no estan representados; no equivale a completitud.
MODEL_WINDFOCE_MIRROR,windForceMirror,SIN MAPEO LOCAL,,SI,0 (predeterminado),0,0,SI,NO DETECTADO,Effect/wind_foce_mirror.bmd,RUTA_DE_ACCESSMODEL,NO DETECTADO,P3 - sin llamada en los archivos examinados,Las llamadas dinamicas y subtipos no estan representados; no equivale a completitud.
MODEL_WOLF_HEAD_EFFECT,wolfHeadEffect,SIN MAPEO LOCAL,,NO,,0,0,SI,NO DETECTADO,Effect/wolf_head_effect.bmd,RUTA_DE_ACCESSMODEL,SI,P3 - sin llamada en los archivos examinados,Las llamadas dinamicas y subtipos no estan representados; no equivale a completitud.
MODEL_WOLF_HEAD_EFFECT2,wolfHeadEffect2,SIN MAPEO LOCAL,,NO,,0,0,SI,NO DETECTADO,Effect/wolf_head_effect2.bmd,RUTA_DE_ACCESSMODEL,SI,P3 - sin llamada en los archivos examinados,Las llamadas dinamicas y subtipos no estan representados; no equivale a completitud.
MODEL_XMAS2008_SNOWMAN_BODY,xmas2008SnowmanBody,SIN MAPEO LOCAL,,NO,,0,0,SI,SI,,,SI,P3 - sin llamada en los archivos examinados,Las llamadas dinamicas y subtipos no estan representados; no equivale a completitud.
MODEL_XMAS2008_SNOWMAN_HEAD,xmas2008SnowmanHead,SIN MAPEO LOCAL,,NO,,0,0,SI,SI,,,SI,P3 - sin llamada en los archivos examinados,Las llamadas dinamicas y subtipos no estan representados; no equivale a completitud.
MODEL_XMAS_EVENT_BOX,xmasEventBox,SIN MAPEO LOCAL,,NO,,0,0,SI,SI,,,SI,P3 - sin llamada en los archivos examinados,Las llamadas dinamicas y subtipos no estan representados; no equivale a completitud.
MODEL_XMAS_EVENT_CANDY,xmasEventCandy,SIN MAPEO LOCAL,,NO,,0,0,NO DETECTADO,SI,,,SI,P3 - sin llamada en los archivos examinados,Las llamadas dinamicas y subtipos no estan representados; no equivale a completitud.
MODEL_XMAS_EVENT_ICEHEART,xmasEventIceHeart,SIN MAPEO LOCAL,,NO,,0,0,SI,SI,,,SI,P3 - sin llamada en los archivos examinados,Las llamadas dinamicas y subtipos no estan representados; no equivale a completitud.
MODEL_XMAS_EVENT_SOCKS,xmasEventSocks,SIN MAPEO LOCAL,,NO,,0,0,NO DETECTADO,SI,,,SI,P3 - sin llamada en los archivos examinados,Las llamadas dinamicas y subtipos no estan representados; no equivale a completitud.
MODEL_XMAS_EVENT_TREE,xmasEventTree,SIN MAPEO LOCAL,,NO,,0,0,NO DETECTADO,SI,,,SI,P3 - sin llamada en los archivos examinados,Las llamadas dinamicas y subtipos no estan representados; no equivale a completitud.
MODEL__SPEAR,spear,SIN MAPEO LOCAL,,SI,0 (predeterminado),0,0,SI,NO DETECTADO,,,NO DETECTADO,P3 - sin llamada en los archivos examinados,Las llamadas dinamicas y subtipos no estan representados; no equivale a completitud.
